-- MySQL dump 10.13  Distrib 8.0.19, for osx10.15 (x86_64)
--
-- Host: localhost    Database: ocpizza
-- ------------------------------------------------------
-- Server version	8.0.19

/*!40101 SET @OLD_CHARACTER_SET_CLIENT=@@CHARACTER_SET_CLIENT */;
/*!40101 SET @OLD_CHARACTER_SET_RESULTS=@@CHARACTER_SET_RESULTS */;
/*!40101 SET @OLD_COLLATION_CONNECTION=@@COLLATION_CONNECTION */;
/*!50503 SET NAMES utf8mb4 */;
/*!40103 SET @OLD_TIME_ZONE=@@TIME_ZONE */;
/*!40103 SET TIME_ZONE='+00:00' */;
/*!40014 SET @OLD_UNIQUE_CHECKS=@@UNIQUE_CHECKS, UNIQUE_CHECKS=0 */;
/*!40014 SET @OLD_FOREIGN_KEY_CHECKS=@@FOREIGN_KEY_CHECKS, FOREIGN_KEY_CHECKS=0 */;
/*!40101 SET @OLD_SQL_MODE=@@SQL_MODE, SQL_MODE='NO_AUTO_VALUE_ON_ZERO' */;
/*!40111 SET @OLD_SQL_NOTES=@@SQL_NOTES, SQL_NOTES=0 */;

--
-- Table structure for table `account`
--

DROP TABLE IF EXISTS `account`;
/*!40101 SET @saved_cs_client     = @@character_set_client */;
/*!50503 SET character_set_client = utf8mb4 */;
CREATE TABLE `account` (
  `id` int NOT NULL AUTO_INCREMENT,
  `login` varchar(45) NOT NULL,
  `password` binary(60) DEFAULT NULL,
  PRIMARY KEY (`id`,`login`),
  UNIQUE KEY `login_UNIQUE` (`login`),
  UNIQUE KEY `id_account_UNIQUE` (`id`)
) ENGINE=InnoDB AUTO_INCREMENT=1001 DEFAULT CHARSET=utf8;
/*!40101 SET character_set_client = @saved_cs_client */;

--
-- Dumping data for table `account`
--

LOCK TABLES `account` WRITE;
/*!40000 ALTER TABLE `account` DISABLE KEYS */;
INSERT INTO `account` VALUES (1,'jpyer0',_binary '5mgiTuva0\0\0\0\0\0\0\0\0\0\0\0\0\0\0\0\0\0\0\0\0\0\0\0\0\0\0\0\0\0\0\0\0\0\0\0\0\0\0\0\0\0\0\0\0\0\0\0\0\0\0\0'),(2,'greuben1',_binary 'WYJTQ9Cb\0\0\0\0\0\0\0\0\0\0\0\0\0\0\0\0\0\0\0\0\0\0\0\0\0\0\0\0\0\0\0\0\0\0\0\0\0\0\0\0\0\0\0\0\0\0\0\0\0\0\0\0'),(3,'ehartburn2',_binary 'ahdOZk\0\0\0\0\0\0\0\0\0\0\0\0\0\0\0\0\0\0\0\0\0\0\0\0\0\0\0\0\0\0\0\0\0\0\0\0\0\0\0\0\0\0\0\0\0\0\0\0\0\0\0\0\0\0'),(4,'thaccleton3',_binary 'oTrt463zgZ5j\0\0\0\0\0\0\0\0\0\0\0\0\0\0\0\0\0\0\0\0\0\0\0\0\0\0\0\0\0\0\0\0\0\0\0\0\0\0\0\0\0\0\0\0\0\0\0\0'),(5,'eduffell4',_binary 'pD5A82V\0\0\0\0\0\0\0\0\0\0\0\0\0\0\0\0\0\0\0\0\0\0\0\0\0\0\0\0\0\0\0\0\0\0\0\0\0\0\0\0\0\0\0\0\0\0\0\0\0\0\0\0\0'),(6,'tcamois5',_binary 'vOCfkkuA3bP\0\0\0\0\0\0\0\0\0\0\0\0\0\0\0\0\0\0\0\0\0\0\0\0\0\0\0\0\0\0\0\0\0\0\0\0\0\0\0\0\0\0\0\0\0\0\0\0\0'),(7,'scantopher6',_binary 'yT1HQX\0\0\0\0\0\0\0\0\0\0\0\0\0\0\0\0\0\0\0\0\0\0\0\0\0\0\0\0\0\0\0\0\0\0\0\0\0\0\0\0\0\0\0\0\0\0\0\0\0\0\0\0\0\0'),(8,'dfreebury7',_binary 'ge6obC\0\0\0\0\0\0\0\0\0\0\0\0\0\0\0\0\0\0\0\0\0\0\0\0\0\0\0\0\0\0\0\0\0\0\0\0\0\0\0\0\0\0\0\0\0\0\0\0\0\0\0\0\0\0'),(9,'dliff8',_binary 'NUiy6BoFUN\0\0\0\0\0\0\0\0\0\0\0\0\0\0\0\0\0\0\0\0\0\0\0\0\0\0\0\0\0\0\0\0\0\0\0\0\0\0\0\0\0\0\0\0\0\0\0\0\0\0'),(10,'mmullineux9',_binary 'BkBZtBUZcwh\0\0\0\0\0\0\0\0\0\0\0\0\0\0\0\0\0\0\0\0\0\0\0\0\0\0\0\0\0\0\0\0\0\0\0\0\0\0\0\0\0\0\0\0\0\0\0\0\0'),(11,'mschenkela',_binary 'hOBvSlpqelPI\0\0\0\0\0\0\0\0\0\0\0\0\0\0\0\0\0\0\0\0\0\0\0\0\0\0\0\0\0\0\0\0\0\0\0\0\0\0\0\0\0\0\0\0\0\0\0\0'),(12,'elarretb',_binary 'lWuIVL0l\0\0\0\0\0\0\0\0\0\0\0\0\0\0\0\0\0\0\0\0\0\0\0\0\0\0\0\0\0\0\0\0\0\0\0\0\0\0\0\0\0\0\0\0\0\0\0\0\0\0\0\0'),(13,'dollettc',_binary '6t0azxgi2LX\0\0\0\0\0\0\0\0\0\0\0\0\0\0\0\0\0\0\0\0\0\0\0\0\0\0\0\0\0\0\0\0\0\0\0\0\0\0\0\0\0\0\0\0\0\0\0\0\0'),(14,'medelstond',_binary 'TkbeNP2\0\0\0\0\0\0\0\0\0\0\0\0\0\0\0\0\0\0\0\0\0\0\0\0\0\0\0\0\0\0\0\0\0\0\0\0\0\0\0\0\0\0\0\0\0\0\0\0\0\0\0\0\0'),(15,'mbaptistee',_binary 'eoitrAoub\0\0\0\0\0\0\0\0\0\0\0\0\0\0\0\0\0\0\0\0\0\0\0\0\0\0\0\0\0\0\0\0\0\0\0\0\0\0\0\0\0\0\0\0\0\0\0\0\0\0\0'),(16,'jgoncavesf',_binary 'MAENCG904f9M\0\0\0\0\0\0\0\0\0\0\0\0\0\0\0\0\0\0\0\0\0\0\0\0\0\0\0\0\0\0\0\0\0\0\0\0\0\0\0\0\0\0\0\0\0\0\0\0'),(17,'estelljesg',_binary 'BIOuHOwDcS\0\0\0\0\0\0\0\0\0\0\0\0\0\0\0\0\0\0\0\0\0\0\0\0\0\0\0\0\0\0\0\0\0\0\0\0\0\0\0\0\0\0\0\0\0\0\0\0\0\0'),(18,'mtorricinah',_binary 'aEbc49Hrpf\0\0\0\0\0\0\0\0\0\0\0\0\0\0\0\0\0\0\0\0\0\0\0\0\0\0\0\0\0\0\0\0\0\0\0\0\0\0\0\0\0\0\0\0\0\0\0\0\0\0'),(19,'tcominolii',_binary 'u37C8RacavR\0\0\0\0\0\0\0\0\0\0\0\0\0\0\0\0\0\0\0\0\0\0\0\0\0\0\0\0\0\0\0\0\0\0\0\0\0\0\0\0\0\0\0\0\0\0\0\0\0'),(20,'irablj',_binary 'mKgjtCcBWS\0\0\0\0\0\0\0\0\0\0\0\0\0\0\0\0\0\0\0\0\0\0\0\0\0\0\0\0\0\0\0\0\0\0\0\0\0\0\0\0\0\0\0\0\0\0\0\0\0\0'),(21,'ggiacobazzik',_binary '2DVo7pG3W\0\0\0\0\0\0\0\0\0\0\0\0\0\0\0\0\0\0\0\0\0\0\0\0\0\0\0\0\0\0\0\0\0\0\0\0\0\0\0\0\0\0\0\0\0\0\0\0\0\0\0'),(22,'gwindrossl',_binary '7y7CmugAkF6F\0\0\0\0\0\0\0\0\0\0\0\0\0\0\0\0\0\0\0\0\0\0\0\0\0\0\0\0\0\0\0\0\0\0\0\0\0\0\0\0\0\0\0\0\0\0\0\0'),(23,'bcomminsm',_binary 'ymJ0gUBPs6pP\0\0\0\0\0\0\0\0\0\0\0\0\0\0\0\0\0\0\0\0\0\0\0\0\0\0\0\0\0\0\0\0\0\0\0\0\0\0\0\0\0\0\0\0\0\0\0\0'),(24,'sbrimilcomen',_binary 'y09LpLQ\0\0\0\0\0\0\0\0\0\0\0\0\0\0\0\0\0\0\0\0\0\0\0\0\0\0\0\0\0\0\0\0\0\0\0\0\0\0\0\0\0\0\0\0\0\0\0\0\0\0\0\0\0'),(25,'lballardo',_binary '7vMqAXS\0\0\0\0\0\0\0\0\0\0\0\0\0\0\0\0\0\0\0\0\0\0\0\0\0\0\0\0\0\0\0\0\0\0\0\0\0\0\0\0\0\0\0\0\0\0\0\0\0\0\0\0\0'),(26,'kmashalp',_binary 'enTtXLIxqkTo\0\0\0\0\0\0\0\0\0\0\0\0\0\0\0\0\0\0\0\0\0\0\0\0\0\0\0\0\0\0\0\0\0\0\0\0\0\0\0\0\0\0\0\0\0\0\0\0'),(27,'aferonetq',_binary 'cxu35h1i\0\0\0\0\0\0\0\0\0\0\0\0\0\0\0\0\0\0\0\0\0\0\0\0\0\0\0\0\0\0\0\0\0\0\0\0\0\0\0\0\0\0\0\0\0\0\0\0\0\0\0\0'),(28,'ksammesr',_binary '8OMMbJkeB\0\0\0\0\0\0\0\0\0\0\0\0\0\0\0\0\0\0\0\0\0\0\0\0\0\0\0\0\0\0\0\0\0\0\0\0\0\0\0\0\0\0\0\0\0\0\0\0\0\0\0'),(29,'amccullys',_binary 'rrHws9\0\0\0\0\0\0\0\0\0\0\0\0\0\0\0\0\0\0\0\0\0\0\0\0\0\0\0\0\0\0\0\0\0\0\0\0\0\0\0\0\0\0\0\0\0\0\0\0\0\0\0\0\0\0'),(30,'mperagot',_binary '7ue6f8ZU\0\0\0\0\0\0\0\0\0\0\0\0\0\0\0\0\0\0\0\0\0\0\0\0\0\0\0\0\0\0\0\0\0\0\0\0\0\0\0\0\0\0\0\0\0\0\0\0\0\0\0\0'),(31,'rhadwenu',_binary 'ru1rv6BM\0\0\0\0\0\0\0\0\0\0\0\0\0\0\0\0\0\0\0\0\0\0\0\0\0\0\0\0\0\0\0\0\0\0\0\0\0\0\0\0\0\0\0\0\0\0\0\0\0\0\0\0'),(32,'zlinckv',_binary '4gQizi1HL\0\0\0\0\0\0\0\0\0\0\0\0\0\0\0\0\0\0\0\0\0\0\0\0\0\0\0\0\0\0\0\0\0\0\0\0\0\0\0\0\0\0\0\0\0\0\0\0\0\0\0'),(33,'kmayouw',_binary 'OYElFWw1609\0\0\0\0\0\0\0\0\0\0\0\0\0\0\0\0\0\0\0\0\0\0\0\0\0\0\0\0\0\0\0\0\0\0\0\0\0\0\0\0\0\0\0\0\0\0\0\0\0'),(34,'dhorriganx',_binary '4t7XmH\0\0\0\0\0\0\0\0\0\0\0\0\0\0\0\0\0\0\0\0\0\0\0\0\0\0\0\0\0\0\0\0\0\0\0\0\0\0\0\0\0\0\0\0\0\0\0\0\0\0\0\0\0\0'),(35,'malessandrucciy',_binary 'cJYCAF\0\0\0\0\0\0\0\0\0\0\0\0\0\0\0\0\0\0\0\0\0\0\0\0\0\0\0\0\0\0\0\0\0\0\0\0\0\0\0\0\0\0\0\0\0\0\0\0\0\0\0\0\0\0'),(36,'favardz',_binary 'dmSMH3L\0\0\0\0\0\0\0\0\0\0\0\0\0\0\0\0\0\0\0\0\0\0\0\0\0\0\0\0\0\0\0\0\0\0\0\0\0\0\0\0\0\0\0\0\0\0\0\0\0\0\0\0\0'),(37,'nfransemai10',_binary '5uiPronNs0c\0\0\0\0\0\0\0\0\0\0\0\0\0\0\0\0\0\0\0\0\0\0\0\0\0\0\0\0\0\0\0\0\0\0\0\0\0\0\0\0\0\0\0\0\0\0\0\0\0'),(38,'ahazelgrove11',_binary '38sZbbwyxtq\0\0\0\0\0\0\0\0\0\0\0\0\0\0\0\0\0\0\0\0\0\0\0\0\0\0\0\0\0\0\0\0\0\0\0\0\0\0\0\0\0\0\0\0\0\0\0\0\0'),(39,'achurchin12',_binary 'jR7jeyfG9\0\0\0\0\0\0\0\0\0\0\0\0\0\0\0\0\0\0\0\0\0\0\0\0\0\0\0\0\0\0\0\0\0\0\0\0\0\0\0\0\0\0\0\0\0\0\0\0\0\0\0'),(40,'jcowdery13',_binary 'txawvDcyZ\0\0\0\0\0\0\0\0\0\0\0\0\0\0\0\0\0\0\0\0\0\0\0\0\0\0\0\0\0\0\0\0\0\0\0\0\0\0\0\0\0\0\0\0\0\0\0\0\0\0\0'),(41,'kcaddick14',_binary 'h0OTkgBQX\0\0\0\0\0\0\0\0\0\0\0\0\0\0\0\0\0\0\0\0\0\0\0\0\0\0\0\0\0\0\0\0\0\0\0\0\0\0\0\0\0\0\0\0\0\0\0\0\0\0\0'),(42,'sgwillim15',_binary 'qGxKn56MmpC9\0\0\0\0\0\0\0\0\0\0\0\0\0\0\0\0\0\0\0\0\0\0\0\0\0\0\0\0\0\0\0\0\0\0\0\0\0\0\0\0\0\0\0\0\0\0\0\0'),(43,'mkadwallider16',_binary 'umY25pTGct\0\0\0\0\0\0\0\0\0\0\0\0\0\0\0\0\0\0\0\0\0\0\0\0\0\0\0\0\0\0\0\0\0\0\0\0\0\0\0\0\0\0\0\0\0\0\0\0\0\0'),(44,'grevie17',_binary '4UbNombeD\0\0\0\0\0\0\0\0\0\0\0\0\0\0\0\0\0\0\0\0\0\0\0\0\0\0\0\0\0\0\0\0\0\0\0\0\0\0\0\0\0\0\0\0\0\0\0\0\0\0\0'),(45,'larundel18',_binary 'ZCVnQOcA\0\0\0\0\0\0\0\0\0\0\0\0\0\0\0\0\0\0\0\0\0\0\0\0\0\0\0\0\0\0\0\0\0\0\0\0\0\0\0\0\0\0\0\0\0\0\0\0\0\0\0\0'),(46,'bschulz19',_binary 'RPjl0ojR0Yv\0\0\0\0\0\0\0\0\0\0\0\0\0\0\0\0\0\0\0\0\0\0\0\0\0\0\0\0\0\0\0\0\0\0\0\0\0\0\0\0\0\0\0\0\0\0\0\0\0'),(47,'achelnam1a',_binary 'DDTidcI81tu\0\0\0\0\0\0\0\0\0\0\0\0\0\0\0\0\0\0\0\0\0\0\0\0\0\0\0\0\0\0\0\0\0\0\0\0\0\0\0\0\0\0\0\0\0\0\0\0\0'),(48,'bbunclark1b',_binary 'koUs79\0\0\0\0\0\0\0\0\0\0\0\0\0\0\0\0\0\0\0\0\0\0\0\0\0\0\0\0\0\0\0\0\0\0\0\0\0\0\0\0\0\0\0\0\0\0\0\0\0\0\0\0\0\0'),(49,'mdavidovich1c',_binary 'MC0pG9\0\0\0\0\0\0\0\0\0\0\0\0\0\0\0\0\0\0\0\0\0\0\0\0\0\0\0\0\0\0\0\0\0\0\0\0\0\0\0\0\0\0\0\0\0\0\0\0\0\0\0\0\0\0'),(50,'efiorentino1d',_binary 'YMUOS7l\0\0\0\0\0\0\0\0\0\0\0\0\0\0\0\0\0\0\0\0\0\0\0\0\0\0\0\0\0\0\0\0\0\0\0\0\0\0\0\0\0\0\0\0\0\0\0\0\0\0\0\0\0'),(51,'tgrime1e',_binary 'rWEXdhLS\0\0\0\0\0\0\0\0\0\0\0\0\0\0\0\0\0\0\0\0\0\0\0\0\0\0\0\0\0\0\0\0\0\0\0\0\0\0\0\0\0\0\0\0\0\0\0\0\0\0\0\0'),(52,'drawcliff1f',_binary 'dddCRv7xb\0\0\0\0\0\0\0\0\0\0\0\0\0\0\0\0\0\0\0\0\0\0\0\0\0\0\0\0\0\0\0\0\0\0\0\0\0\0\0\0\0\0\0\0\0\0\0\0\0\0\0'),(53,'bfiggen1g',_binary 'BOqkxa0\0\0\0\0\0\0\0\0\0\0\0\0\0\0\0\0\0\0\0\0\0\0\0\0\0\0\0\0\0\0\0\0\0\0\0\0\0\0\0\0\0\0\0\0\0\0\0\0\0\0\0\0\0'),(54,'wsamworth1h',_binary 'ffHkQLo\0\0\0\0\0\0\0\0\0\0\0\0\0\0\0\0\0\0\0\0\0\0\0\0\0\0\0\0\0\0\0\0\0\0\0\0\0\0\0\0\0\0\0\0\0\0\0\0\0\0\0\0\0'),(55,'areye1i',_binary 'zDH1q41\0\0\0\0\0\0\0\0\0\0\0\0\0\0\0\0\0\0\0\0\0\0\0\0\0\0\0\0\0\0\0\0\0\0\0\0\0\0\0\0\0\0\0\0\0\0\0\0\0\0\0\0\0'),(56,'kwolstencroft1j',_binary '84UceEY\0\0\0\0\0\0\0\0\0\0\0\0\0\0\0\0\0\0\0\0\0\0\0\0\0\0\0\0\0\0\0\0\0\0\0\0\0\0\0\0\0\0\0\0\0\0\0\0\0\0\0\0\0'),(57,'lshewen1k',_binary 'zI5G4hIXE\0\0\0\0\0\0\0\0\0\0\0\0\0\0\0\0\0\0\0\0\0\0\0\0\0\0\0\0\0\0\0\0\0\0\0\0\0\0\0\0\0\0\0\0\0\0\0\0\0\0\0'),(58,'wsivyer1l',_binary 'LFQLlY\0\0\0\0\0\0\0\0\0\0\0\0\0\0\0\0\0\0\0\0\0\0\0\0\0\0\0\0\0\0\0\0\0\0\0\0\0\0\0\0\0\0\0\0\0\0\0\0\0\0\0\0\0\0'),(59,'fbrumbye1m',_binary 'OVxnNWtPOaM\0\0\0\0\0\0\0\0\0\0\0\0\0\0\0\0\0\0\0\0\0\0\0\0\0\0\0\0\0\0\0\0\0\0\0\0\0\0\0\0\0\0\0\0\0\0\0\0\0'),(60,'jprior1n',_binary 'gG2Toqfz9EZw\0\0\0\0\0\0\0\0\0\0\0\0\0\0\0\0\0\0\0\0\0\0\0\0\0\0\0\0\0\0\0\0\0\0\0\0\0\0\0\0\0\0\0\0\0\0\0\0'),(61,'jsaintsbury1o',_binary 'FQaV0s\0\0\0\0\0\0\0\0\0\0\0\0\0\0\0\0\0\0\0\0\0\0\0\0\0\0\0\0\0\0\0\0\0\0\0\0\0\0\0\0\0\0\0\0\0\0\0\0\0\0\0\0\0\0'),(62,'fquinet1p',_binary 'dg31ndt8\0\0\0\0\0\0\0\0\0\0\0\0\0\0\0\0\0\0\0\0\0\0\0\0\0\0\0\0\0\0\0\0\0\0\0\0\0\0\0\0\0\0\0\0\0\0\0\0\0\0\0\0'),(63,'mallridge1q',_binary '100Dij1Fy\0\0\0\0\0\0\0\0\0\0\0\0\0\0\0\0\0\0\0\0\0\0\0\0\0\0\0\0\0\0\0\0\0\0\0\0\0\0\0\0\0\0\0\0\0\0\0\0\0\0\0'),(64,'ostolz1r',_binary 'K2jupmUGey\0\0\0\0\0\0\0\0\0\0\0\0\0\0\0\0\0\0\0\0\0\0\0\0\0\0\0\0\0\0\0\0\0\0\0\0\0\0\0\0\0\0\0\0\0\0\0\0\0\0'),(65,'gbleasdale1s',_binary 'luzom4mYSESi\0\0\0\0\0\0\0\0\0\0\0\0\0\0\0\0\0\0\0\0\0\0\0\0\0\0\0\0\0\0\0\0\0\0\0\0\0\0\0\0\0\0\0\0\0\0\0\0'),(66,'flemmers1t',_binary 'NDJhRQlli\0\0\0\0\0\0\0\0\0\0\0\0\0\0\0\0\0\0\0\0\0\0\0\0\0\0\0\0\0\0\0\0\0\0\0\0\0\0\0\0\0\0\0\0\0\0\0\0\0\0\0'),(67,'stootin1u',_binary 'ADlNqLlVl6x\0\0\0\0\0\0\0\0\0\0\0\0\0\0\0\0\0\0\0\0\0\0\0\0\0\0\0\0\0\0\0\0\0\0\0\0\0\0\0\0\0\0\0\0\0\0\0\0\0'),(68,'rfasson1v',_binary 'CRl36qVLU8\0\0\0\0\0\0\0\0\0\0\0\0\0\0\0\0\0\0\0\0\0\0\0\0\0\0\0\0\0\0\0\0\0\0\0\0\0\0\0\0\0\0\0\0\0\0\0\0\0\0'),(69,'hargo1w',_binary 'OyezerWnYCR\0\0\0\0\0\0\0\0\0\0\0\0\0\0\0\0\0\0\0\0\0\0\0\0\0\0\0\0\0\0\0\0\0\0\0\0\0\0\0\0\0\0\0\0\0\0\0\0\0'),(70,'vemmert1x',_binary 'YJKxu3IPJO9P\0\0\0\0\0\0\0\0\0\0\0\0\0\0\0\0\0\0\0\0\0\0\0\0\0\0\0\0\0\0\0\0\0\0\0\0\0\0\0\0\0\0\0\0\0\0\0\0'),(71,'spaulley1y',_binary 'DLsCwgc\0\0\0\0\0\0\0\0\0\0\0\0\0\0\0\0\0\0\0\0\0\0\0\0\0\0\0\0\0\0\0\0\0\0\0\0\0\0\0\0\0\0\0\0\0\0\0\0\0\0\0\0\0'),(72,'nmoorhead1z',_binary 'XeuFMg5NTJYg\0\0\0\0\0\0\0\0\0\0\0\0\0\0\0\0\0\0\0\0\0\0\0\0\0\0\0\0\0\0\0\0\0\0\0\0\0\0\0\0\0\0\0\0\0\0\0\0'),(73,'amingardo20',_binary 'I2hpX5X\0\0\0\0\0\0\0\0\0\0\0\0\0\0\0\0\0\0\0\0\0\0\0\0\0\0\0\0\0\0\0\0\0\0\0\0\0\0\0\0\0\0\0\0\0\0\0\0\0\0\0\0\0'),(74,'lbernardos21',_binary 'QHC1kC\0\0\0\0\0\0\0\0\0\0\0\0\0\0\0\0\0\0\0\0\0\0\0\0\0\0\0\0\0\0\0\0\0\0\0\0\0\0\0\0\0\0\0\0\0\0\0\0\0\0\0\0\0\0'),(75,'itraise22',_binary '9WEA81t\0\0\0\0\0\0\0\0\0\0\0\0\0\0\0\0\0\0\0\0\0\0\0\0\0\0\0\0\0\0\0\0\0\0\0\0\0\0\0\0\0\0\0\0\0\0\0\0\0\0\0\0\0'),(76,'hbaxill23',_binary 'dIxCsyk\0\0\0\0\0\0\0\0\0\0\0\0\0\0\0\0\0\0\0\0\0\0\0\0\0\0\0\0\0\0\0\0\0\0\0\0\0\0\0\0\0\0\0\0\0\0\0\0\0\0\0\0\0'),(77,'rguerrieri24',_binary 'UQsAEO\0\0\0\0\0\0\0\0\0\0\0\0\0\0\0\0\0\0\0\0\0\0\0\0\0\0\0\0\0\0\0\0\0\0\0\0\0\0\0\0\0\0\0\0\0\0\0\0\0\0\0\0\0\0'),(78,'agofforth25',_binary 'nhxl3X\0\0\0\0\0\0\0\0\0\0\0\0\0\0\0\0\0\0\0\0\0\0\0\0\0\0\0\0\0\0\0\0\0\0\0\0\0\0\0\0\0\0\0\0\0\0\0\0\0\0\0\0\0\0'),(79,'adrinan26',_binary 'kuinhiC\0\0\0\0\0\0\0\0\0\0\0\0\0\0\0\0\0\0\0\0\0\0\0\0\0\0\0\0\0\0\0\0\0\0\0\0\0\0\0\0\0\0\0\0\0\0\0\0\0\0\0\0\0'),(80,'mrickaby27',_binary 'J1MJDKmq7Y6d\0\0\0\0\0\0\0\0\0\0\0\0\0\0\0\0\0\0\0\0\0\0\0\0\0\0\0\0\0\0\0\0\0\0\0\0\0\0\0\0\0\0\0\0\0\0\0\0'),(81,'mgornar28',_binary 'tlXgz8mTx\0\0\0\0\0\0\0\0\0\0\0\0\0\0\0\0\0\0\0\0\0\0\0\0\0\0\0\0\0\0\0\0\0\0\0\0\0\0\0\0\0\0\0\0\0\0\0\0\0\0\0'),(82,'aburgwyn29',_binary 'VxPl6gsbbb5n\0\0\0\0\0\0\0\0\0\0\0\0\0\0\0\0\0\0\0\0\0\0\0\0\0\0\0\0\0\0\0\0\0\0\0\0\0\0\0\0\0\0\0\0\0\0\0\0'),(83,'emcanalley2a',_binary 'Yeoqvt3w\0\0\0\0\0\0\0\0\0\0\0\0\0\0\0\0\0\0\0\0\0\0\0\0\0\0\0\0\0\0\0\0\0\0\0\0\0\0\0\0\0\0\0\0\0\0\0\0\0\0\0\0'),(84,'tyellop2b',_binary 'ImC8GY\0\0\0\0\0\0\0\0\0\0\0\0\0\0\0\0\0\0\0\0\0\0\0\0\0\0\0\0\0\0\0\0\0\0\0\0\0\0\0\0\0\0\0\0\0\0\0\0\0\0\0\0\0\0'),(85,'lkillik2c',_binary 'URmY0OIz6\0\0\0\0\0\0\0\0\0\0\0\0\0\0\0\0\0\0\0\0\0\0\0\0\0\0\0\0\0\0\0\0\0\0\0\0\0\0\0\0\0\0\0\0\0\0\0\0\0\0\0'),(86,'jfoulsham2d',_binary 'uXCakmrXW\0\0\0\0\0\0\0\0\0\0\0\0\0\0\0\0\0\0\0\0\0\0\0\0\0\0\0\0\0\0\0\0\0\0\0\0\0\0\0\0\0\0\0\0\0\0\0\0\0\0\0'),(87,'mellcock2e',_binary 'FKtStGCVG\0\0\0\0\0\0\0\0\0\0\0\0\0\0\0\0\0\0\0\0\0\0\0\0\0\0\0\0\0\0\0\0\0\0\0\0\0\0\0\0\0\0\0\0\0\0\0\0\0\0\0'),(88,'atimoney2f',_binary 'DSZ87WLDfa\0\0\0\0\0\0\0\0\0\0\0\0\0\0\0\0\0\0\0\0\0\0\0\0\0\0\0\0\0\0\0\0\0\0\0\0\0\0\0\0\0\0\0\0\0\0\0\0\0\0'),(89,'tfritz2g',_binary 'Frt8X2\0\0\0\0\0\0\0\0\0\0\0\0\0\0\0\0\0\0\0\0\0\0\0\0\0\0\0\0\0\0\0\0\0\0\0\0\0\0\0\0\0\0\0\0\0\0\0\0\0\0\0\0\0\0'),(90,'aboyland2h',_binary 'f2YQvCh\0\0\0\0\0\0\0\0\0\0\0\0\0\0\0\0\0\0\0\0\0\0\0\0\0\0\0\0\0\0\0\0\0\0\0\0\0\0\0\0\0\0\0\0\0\0\0\0\0\0\0\0\0'),(91,'searpe2i',_binary 'cyhMZMusGo3\0\0\0\0\0\0\0\0\0\0\0\0\0\0\0\0\0\0\0\0\0\0\0\0\0\0\0\0\0\0\0\0\0\0\0\0\0\0\0\0\0\0\0\0\0\0\0\0\0'),(92,'sjurries2j',_binary 'vxRIB1i17O\0\0\0\0\0\0\0\0\0\0\0\0\0\0\0\0\0\0\0\0\0\0\0\0\0\0\0\0\0\0\0\0\0\0\0\0\0\0\0\0\0\0\0\0\0\0\0\0\0\0'),(93,'mkift2k',_binary 'MZ72Y4jc4Bu\0\0\0\0\0\0\0\0\0\0\0\0\0\0\0\0\0\0\0\0\0\0\0\0\0\0\0\0\0\0\0\0\0\0\0\0\0\0\0\0\0\0\0\0\0\0\0\0\0'),(94,'dcorneck2l',_binary '2PjXVuW\0\0\0\0\0\0\0\0\0\0\0\0\0\0\0\0\0\0\0\0\0\0\0\0\0\0\0\0\0\0\0\0\0\0\0\0\0\0\0\0\0\0\0\0\0\0\0\0\0\0\0\0\0'),(95,'vimore2m',_binary '5xdclvsFCSKU\0\0\0\0\0\0\0\0\0\0\0\0\0\0\0\0\0\0\0\0\0\0\0\0\0\0\0\0\0\0\0\0\0\0\0\0\0\0\0\0\0\0\0\0\0\0\0\0'),(96,'celrick2n',_binary 'BJVAjpSgIYO\0\0\0\0\0\0\0\0\0\0\0\0\0\0\0\0\0\0\0\0\0\0\0\0\0\0\0\0\0\0\0\0\0\0\0\0\0\0\0\0\0\0\0\0\0\0\0\0\0'),(97,'bjankowski2o',_binary 'QKiHblt\0\0\0\0\0\0\0\0\0\0\0\0\0\0\0\0\0\0\0\0\0\0\0\0\0\0\0\0\0\0\0\0\0\0\0\0\0\0\0\0\0\0\0\0\0\0\0\0\0\0\0\0\0'),(98,'akillick2p',_binary '4ZXbA502o1gU\0\0\0\0\0\0\0\0\0\0\0\0\0\0\0\0\0\0\0\0\0\0\0\0\0\0\0\0\0\0\0\0\0\0\0\0\0\0\0\0\0\0\0\0\0\0\0\0'),(99,'bwinspur2q',_binary 'nffhpx1O7\0\0\0\0\0\0\0\0\0\0\0\0\0\0\0\0\0\0\0\0\0\0\0\0\0\0\0\0\0\0\0\0\0\0\0\0\0\0\0\0\0\0\0\0\0\0\0\0\0\0\0'),(100,'tgeeve2r',_binary '4YR411P\0\0\0\0\0\0\0\0\0\0\0\0\0\0\0\0\0\0\0\0\0\0\0\0\0\0\0\0\0\0\0\0\0\0\0\0\0\0\0\0\0\0\0\0\0\0\0\0\0\0\0\0\0'),(101,'lcicchitello2s',_binary 'PNyPJmwk61I\0\0\0\0\0\0\0\0\0\0\0\0\0\0\0\0\0\0\0\0\0\0\0\0\0\0\0\0\0\0\0\0\0\0\0\0\0\0\0\0\0\0\0\0\0\0\0\0\0'),(102,'ebraniff2t',_binary 'zuIQpZA1\0\0\0\0\0\0\0\0\0\0\0\0\0\0\0\0\0\0\0\0\0\0\0\0\0\0\0\0\0\0\0\0\0\0\0\0\0\0\0\0\0\0\0\0\0\0\0\0\0\0\0\0'),(103,'mmandry2u',_binary 'vw9Qc3sl11K\0\0\0\0\0\0\0\0\0\0\0\0\0\0\0\0\0\0\0\0\0\0\0\0\0\0\0\0\0\0\0\0\0\0\0\0\0\0\0\0\0\0\0\0\0\0\0\0\0'),(104,'syurocjhin2v',_binary 'HZ22VM8Y\0\0\0\0\0\0\0\0\0\0\0\0\0\0\0\0\0\0\0\0\0\0\0\0\0\0\0\0\0\0\0\0\0\0\0\0\0\0\0\0\0\0\0\0\0\0\0\0\0\0\0\0'),(105,'gschaben2w',_binary 'sa9mO3Gh\0\0\0\0\0\0\0\0\0\0\0\0\0\0\0\0\0\0\0\0\0\0\0\0\0\0\0\0\0\0\0\0\0\0\0\0\0\0\0\0\0\0\0\0\0\0\0\0\0\0\0\0'),(106,'grossi2x',_binary 'LrkT8zL\0\0\0\0\0\0\0\0\0\0\0\0\0\0\0\0\0\0\0\0\0\0\0\0\0\0\0\0\0\0\0\0\0\0\0\0\0\0\0\0\0\0\0\0\0\0\0\0\0\0\0\0\0'),(107,'bisacq2y',_binary '3hBJzY\0\0\0\0\0\0\0\0\0\0\0\0\0\0\0\0\0\0\0\0\0\0\0\0\0\0\0\0\0\0\0\0\0\0\0\0\0\0\0\0\0\0\0\0\0\0\0\0\0\0\0\0\0\0'),(108,'vhaines2z',_binary 'B97lbC2\0\0\0\0\0\0\0\0\0\0\0\0\0\0\0\0\0\0\0\0\0\0\0\0\0\0\0\0\0\0\0\0\0\0\0\0\0\0\0\0\0\0\0\0\0\0\0\0\0\0\0\0\0'),(109,'mlacheze30',_binary 'tnO9dGdrdw7r\0\0\0\0\0\0\0\0\0\0\0\0\0\0\0\0\0\0\0\0\0\0\0\0\0\0\0\0\0\0\0\0\0\0\0\0\0\0\0\0\0\0\0\0\0\0\0\0'),(110,'laiskovitch31',_binary 'hNQzZDbviam\0\0\0\0\0\0\0\0\0\0\0\0\0\0\0\0\0\0\0\0\0\0\0\0\0\0\0\0\0\0\0\0\0\0\0\0\0\0\0\0\0\0\0\0\0\0\0\0\0'),(111,'treame32',_binary 'eYT5Mx\0\0\0\0\0\0\0\0\0\0\0\0\0\0\0\0\0\0\0\0\0\0\0\0\0\0\0\0\0\0\0\0\0\0\0\0\0\0\0\0\0\0\0\0\0\0\0\0\0\0\0\0\0\0'),(112,'africke33',_binary 'H9g4XVi8p9\0\0\0\0\0\0\0\0\0\0\0\0\0\0\0\0\0\0\0\0\0\0\0\0\0\0\0\0\0\0\0\0\0\0\0\0\0\0\0\0\0\0\0\0\0\0\0\0\0\0'),(113,'mmandifield34',_binary 'AzEdaJ\0\0\0\0\0\0\0\0\0\0\0\0\0\0\0\0\0\0\0\0\0\0\0\0\0\0\0\0\0\0\0\0\0\0\0\0\0\0\0\0\0\0\0\0\0\0\0\0\0\0\0\0\0\0'),(114,'aheathwood35',_binary 'qGA4IRSC\0\0\0\0\0\0\0\0\0\0\0\0\0\0\0\0\0\0\0\0\0\0\0\0\0\0\0\0\0\0\0\0\0\0\0\0\0\0\0\0\0\0\0\0\0\0\0\0\0\0\0\0'),(115,'zsewards36',_binary 'Tug2XVyO2\0\0\0\0\0\0\0\0\0\0\0\0\0\0\0\0\0\0\0\0\0\0\0\0\0\0\0\0\0\0\0\0\0\0\0\0\0\0\0\0\0\0\0\0\0\0\0\0\0\0\0'),(116,'ksprason37',_binary 'Buw4xB\0\0\0\0\0\0\0\0\0\0\0\0\0\0\0\0\0\0\0\0\0\0\0\0\0\0\0\0\0\0\0\0\0\0\0\0\0\0\0\0\0\0\0\0\0\0\0\0\0\0\0\0\0\0'),(117,'bhecks38',_binary 'D4pbGFwn\0\0\0\0\0\0\0\0\0\0\0\0\0\0\0\0\0\0\0\0\0\0\0\0\0\0\0\0\0\0\0\0\0\0\0\0\0\0\0\0\0\0\0\0\0\0\0\0\0\0\0\0'),(118,'rarch39',_binary 'KrZc5p0tP4G\0\0\0\0\0\0\0\0\0\0\0\0\0\0\0\0\0\0\0\0\0\0\0\0\0\0\0\0\0\0\0\0\0\0\0\0\0\0\0\0\0\0\0\0\0\0\0\0\0'),(119,'nbulman3a',_binary 'iERFf9aTfo\0\0\0\0\0\0\0\0\0\0\0\0\0\0\0\0\0\0\0\0\0\0\0\0\0\0\0\0\0\0\0\0\0\0\0\0\0\0\0\0\0\0\0\0\0\0\0\0\0\0'),(120,'fklemmt3b',_binary '3fQhhC3Ff\0\0\0\0\0\0\0\0\0\0\0\0\0\0\0\0\0\0\0\0\0\0\0\0\0\0\0\0\0\0\0\0\0\0\0\0\0\0\0\0\0\0\0\0\0\0\0\0\0\0\0'),(121,'truzicka3c',_binary 's5nriOVFX\0\0\0\0\0\0\0\0\0\0\0\0\0\0\0\0\0\0\0\0\0\0\0\0\0\0\0\0\0\0\0\0\0\0\0\0\0\0\0\0\0\0\0\0\0\0\0\0\0\0\0'),(122,'cgun3d',_binary 'MwPSRQmPL5Pf\0\0\0\0\0\0\0\0\0\0\0\0\0\0\0\0\0\0\0\0\0\0\0\0\0\0\0\0\0\0\0\0\0\0\0\0\0\0\0\0\0\0\0\0\0\0\0\0'),(123,'gstonestreet3e',_binary 'sEB667Qo\0\0\0\0\0\0\0\0\0\0\0\0\0\0\0\0\0\0\0\0\0\0\0\0\0\0\0\0\0\0\0\0\0\0\0\0\0\0\0\0\0\0\0\0\0\0\0\0\0\0\0\0'),(124,'mbane3f',_binary 'un7BEX\0\0\0\0\0\0\0\0\0\0\0\0\0\0\0\0\0\0\0\0\0\0\0\0\0\0\0\0\0\0\0\0\0\0\0\0\0\0\0\0\0\0\0\0\0\0\0\0\0\0\0\0\0\0'),(125,'amckimmey3g',_binary 'RsyZUalE\0\0\0\0\0\0\0\0\0\0\0\0\0\0\0\0\0\0\0\0\0\0\0\0\0\0\0\0\0\0\0\0\0\0\0\0\0\0\0\0\0\0\0\0\0\0\0\0\0\0\0\0'),(126,'kemms3h',_binary 'vmhKMr7qbEL\0\0\0\0\0\0\0\0\0\0\0\0\0\0\0\0\0\0\0\0\0\0\0\0\0\0\0\0\0\0\0\0\0\0\0\0\0\0\0\0\0\0\0\0\0\0\0\0\0'),(127,'eliver3i',_binary 'VnZNTlDFm\0\0\0\0\0\0\0\0\0\0\0\0\0\0\0\0\0\0\0\0\0\0\0\0\0\0\0\0\0\0\0\0\0\0\0\0\0\0\0\0\0\0\0\0\0\0\0\0\0\0\0'),(128,'bmabey3j',_binary '9ddsJPabp3\0\0\0\0\0\0\0\0\0\0\0\0\0\0\0\0\0\0\0\0\0\0\0\0\0\0\0\0\0\0\0\0\0\0\0\0\0\0\0\0\0\0\0\0\0\0\0\0\0\0'),(129,'kmcging3k',_binary 'qnD2UM\0\0\0\0\0\0\0\0\0\0\0\0\0\0\0\0\0\0\0\0\0\0\0\0\0\0\0\0\0\0\0\0\0\0\0\0\0\0\0\0\0\0\0\0\0\0\0\0\0\0\0\0\0\0'),(130,'ndencs3l',_binary 'hkf46cXeX\0\0\0\0\0\0\0\0\0\0\0\0\0\0\0\0\0\0\0\0\0\0\0\0\0\0\0\0\0\0\0\0\0\0\0\0\0\0\0\0\0\0\0\0\0\0\0\0\0\0\0'),(131,'ifencott3m',_binary 'jDy8UtU1XJ\0\0\0\0\0\0\0\0\0\0\0\0\0\0\0\0\0\0\0\0\0\0\0\0\0\0\0\0\0\0\0\0\0\0\0\0\0\0\0\0\0\0\0\0\0\0\0\0\0\0'),(132,'wmassen3n',_binary 'ehlw7hQ8it5d\0\0\0\0\0\0\0\0\0\0\0\0\0\0\0\0\0\0\0\0\0\0\0\0\0\0\0\0\0\0\0\0\0\0\0\0\0\0\0\0\0\0\0\0\0\0\0\0'),(133,'lsawer3o',_binary '8wuCZuuWwJ\0\0\0\0\0\0\0\0\0\0\0\0\0\0\0\0\0\0\0\0\0\0\0\0\0\0\0\0\0\0\0\0\0\0\0\0\0\0\0\0\0\0\0\0\0\0\0\0\0\0'),(134,'hmeineken3p',_binary '1mYflVlEPr\0\0\0\0\0\0\0\0\0\0\0\0\0\0\0\0\0\0\0\0\0\0\0\0\0\0\0\0\0\0\0\0\0\0\0\0\0\0\0\0\0\0\0\0\0\0\0\0\0\0'),(135,'lamaya3q',_binary '0TekFgiRR0J\0\0\0\0\0\0\0\0\0\0\0\0\0\0\0\0\0\0\0\0\0\0\0\0\0\0\0\0\0\0\0\0\0\0\0\0\0\0\0\0\0\0\0\0\0\0\0\0\0'),(136,'schampionnet3r',_binary 'VrgPsaRTTFhS\0\0\0\0\0\0\0\0\0\0\0\0\0\0\0\0\0\0\0\0\0\0\0\0\0\0\0\0\0\0\0\0\0\0\0\0\0\0\0\0\0\0\0\0\0\0\0\0'),(137,'bchagg3s',_binary 'oDiBq3Jddc7f\0\0\0\0\0\0\0\0\0\0\0\0\0\0\0\0\0\0\0\0\0\0\0\0\0\0\0\0\0\0\0\0\0\0\0\0\0\0\0\0\0\0\0\0\0\0\0\0'),(138,'ttitcomb3t',_binary 'VbVy7VcHF\0\0\0\0\0\0\0\0\0\0\0\0\0\0\0\0\0\0\0\0\0\0\0\0\0\0\0\0\0\0\0\0\0\0\0\0\0\0\0\0\0\0\0\0\0\0\0\0\0\0\0'),(139,'aspensley3u',_binary 'Exey4eZG\0\0\0\0\0\0\0\0\0\0\0\0\0\0\0\0\0\0\0\0\0\0\0\0\0\0\0\0\0\0\0\0\0\0\0\0\0\0\0\0\0\0\0\0\0\0\0\0\0\0\0\0'),(140,'sbridgwood3v',_binary 'lDUbUWla\0\0\0\0\0\0\0\0\0\0\0\0\0\0\0\0\0\0\0\0\0\0\0\0\0\0\0\0\0\0\0\0\0\0\0\0\0\0\0\0\0\0\0\0\0\0\0\0\0\0\0\0'),(141,'ccory3w',_binary 'p4DzRF7s9\0\0\0\0\0\0\0\0\0\0\0\0\0\0\0\0\0\0\0\0\0\0\0\0\0\0\0\0\0\0\0\0\0\0\0\0\0\0\0\0\0\0\0\0\0\0\0\0\0\0\0'),(142,'lwinterscale3x',_binary 'PHBqq4i\0\0\0\0\0\0\0\0\0\0\0\0\0\0\0\0\0\0\0\0\0\0\0\0\0\0\0\0\0\0\0\0\0\0\0\0\0\0\0\0\0\0\0\0\0\0\0\0\0\0\0\0\0'),(143,'gpopley3y',_binary 'g1CqnFKM\0\0\0\0\0\0\0\0\0\0\0\0\0\0\0\0\0\0\0\0\0\0\0\0\0\0\0\0\0\0\0\0\0\0\0\0\0\0\0\0\0\0\0\0\0\0\0\0\0\0\0\0'),(144,'ccrosswaite3z',_binary 'EF6tc6tCWqyi\0\0\0\0\0\0\0\0\0\0\0\0\0\0\0\0\0\0\0\0\0\0\0\0\0\0\0\0\0\0\0\0\0\0\0\0\0\0\0\0\0\0\0\0\0\0\0\0'),(145,'amaseres40',_binary 'Ct4lOck\0\0\0\0\0\0\0\0\0\0\0\0\0\0\0\0\0\0\0\0\0\0\0\0\0\0\0\0\0\0\0\0\0\0\0\0\0\0\0\0\0\0\0\0\0\0\0\0\0\0\0\0\0'),(146,'glathom41',_binary 'Xee3N0jkEmtZ\0\0\0\0\0\0\0\0\0\0\0\0\0\0\0\0\0\0\0\0\0\0\0\0\0\0\0\0\0\0\0\0\0\0\0\0\0\0\0\0\0\0\0\0\0\0\0\0'),(147,'cstain42',_binary 'tbJHZRiPOAFa\0\0\0\0\0\0\0\0\0\0\0\0\0\0\0\0\0\0\0\0\0\0\0\0\0\0\0\0\0\0\0\0\0\0\0\0\0\0\0\0\0\0\0\0\0\0\0\0'),(148,'ileworthy43',_binary 'EQRWiQc8j\0\0\0\0\0\0\0\0\0\0\0\0\0\0\0\0\0\0\0\0\0\0\0\0\0\0\0\0\0\0\0\0\0\0\0\0\0\0\0\0\0\0\0\0\0\0\0\0\0\0\0'),(149,'aomara44',_binary 'J1HMUIkxVY\0\0\0\0\0\0\0\0\0\0\0\0\0\0\0\0\0\0\0\0\0\0\0\0\0\0\0\0\0\0\0\0\0\0\0\0\0\0\0\0\0\0\0\0\0\0\0\0\0\0'),(150,'cattrill45',_binary 'gtF7D7q\0\0\0\0\0\0\0\0\0\0\0\0\0\0\0\0\0\0\0\0\0\0\0\0\0\0\0\0\0\0\0\0\0\0\0\0\0\0\0\0\0\0\0\0\0\0\0\0\0\0\0\0\0'),(151,'mkintish46',_binary '1ZdZ2WLON3i\0\0\0\0\0\0\0\0\0\0\0\0\0\0\0\0\0\0\0\0\0\0\0\0\0\0\0\0\0\0\0\0\0\0\0\0\0\0\0\0\0\0\0\0\0\0\0\0\0'),(152,'jdoers47',_binary 'yQkuTPY2xj\0\0\0\0\0\0\0\0\0\0\0\0\0\0\0\0\0\0\0\0\0\0\0\0\0\0\0\0\0\0\0\0\0\0\0\0\0\0\0\0\0\0\0\0\0\0\0\0\0\0'),(153,'jwestmore48',_binary '10B0fn\0\0\0\0\0\0\0\0\0\0\0\0\0\0\0\0\0\0\0\0\0\0\0\0\0\0\0\0\0\0\0\0\0\0\0\0\0\0\0\0\0\0\0\0\0\0\0\0\0\0\0\0\0\0'),(154,'fdreng49',_binary 'oEBsBLK8cB\0\0\0\0\0\0\0\0\0\0\0\0\0\0\0\0\0\0\0\0\0\0\0\0\0\0\0\0\0\0\0\0\0\0\0\0\0\0\0\0\0\0\0\0\0\0\0\0\0\0'),(155,'schown4a',_binary '7F7c59ErA\0\0\0\0\0\0\0\0\0\0\0\0\0\0\0\0\0\0\0\0\0\0\0\0\0\0\0\0\0\0\0\0\0\0\0\0\0\0\0\0\0\0\0\0\0\0\0\0\0\0\0'),(156,'gnewnham4b',_binary 'qAjoDY8H\0\0\0\0\0\0\0\0\0\0\0\0\0\0\0\0\0\0\0\0\0\0\0\0\0\0\0\0\0\0\0\0\0\0\0\0\0\0\0\0\0\0\0\0\0\0\0\0\0\0\0\0'),(157,'fmedd4c',_binary 'ee2sAHw\0\0\0\0\0\0\0\0\0\0\0\0\0\0\0\0\0\0\0\0\0\0\0\0\0\0\0\0\0\0\0\0\0\0\0\0\0\0\0\0\0\0\0\0\0\0\0\0\0\0\0\0\0'),(158,'asueter4d',_binary 'p5gDSG8d\0\0\0\0\0\0\0\0\0\0\0\0\0\0\0\0\0\0\0\0\0\0\0\0\0\0\0\0\0\0\0\0\0\0\0\0\0\0\0\0\0\0\0\0\0\0\0\0\0\0\0\0'),(159,'afaughnan4e',_binary 'JmP87Z0Ac\0\0\0\0\0\0\0\0\0\0\0\0\0\0\0\0\0\0\0\0\0\0\0\0\0\0\0\0\0\0\0\0\0\0\0\0\0\0\0\0\0\0\0\0\0\0\0\0\0\0\0'),(160,'ocowderoy4f',_binary 'iL34aGl\0\0\0\0\0\0\0\0\0\0\0\0\0\0\0\0\0\0\0\0\0\0\0\0\0\0\0\0\0\0\0\0\0\0\0\0\0\0\0\0\0\0\0\0\0\0\0\0\0\0\0\0\0'),(161,'ktwitchett4g',_binary 'fOFtjo\0\0\0\0\0\0\0\0\0\0\0\0\0\0\0\0\0\0\0\0\0\0\0\0\0\0\0\0\0\0\0\0\0\0\0\0\0\0\0\0\0\0\0\0\0\0\0\0\0\0\0\0\0\0'),(162,'lbeddis4h',_binary 'FU3a5Fv\0\0\0\0\0\0\0\0\0\0\0\0\0\0\0\0\0\0\0\0\0\0\0\0\0\0\0\0\0\0\0\0\0\0\0\0\0\0\0\0\0\0\0\0\0\0\0\0\0\0\0\0\0'),(163,'ghucquart4i',_binary 'BBUUmUqae9\0\0\0\0\0\0\0\0\0\0\0\0\0\0\0\0\0\0\0\0\0\0\0\0\0\0\0\0\0\0\0\0\0\0\0\0\0\0\0\0\0\0\0\0\0\0\0\0\0\0'),(164,'rcoultous4j',_binary '8lQtRY\0\0\0\0\0\0\0\0\0\0\0\0\0\0\0\0\0\0\0\0\0\0\0\0\0\0\0\0\0\0\0\0\0\0\0\0\0\0\0\0\0\0\0\0\0\0\0\0\0\0\0\0\0\0'),(165,'aabelovitz4k',_binary 'GjCvDxSbKdMD\0\0\0\0\0\0\0\0\0\0\0\0\0\0\0\0\0\0\0\0\0\0\0\0\0\0\0\0\0\0\0\0\0\0\0\0\0\0\0\0\0\0\0\0\0\0\0\0'),(166,'dhillatt4l',_binary '2KRIPpuKYRT6\0\0\0\0\0\0\0\0\0\0\0\0\0\0\0\0\0\0\0\0\0\0\0\0\0\0\0\0\0\0\0\0\0\0\0\0\0\0\0\0\0\0\0\0\0\0\0\0'),(167,'cbryett4m',_binary '28OaOQnFFuz4\0\0\0\0\0\0\0\0\0\0\0\0\0\0\0\0\0\0\0\0\0\0\0\0\0\0\0\0\0\0\0\0\0\0\0\0\0\0\0\0\0\0\0\0\0\0\0\0'),(168,'rscargle4n',_binary 'DhZx0P\0\0\0\0\0\0\0\0\0\0\0\0\0\0\0\0\0\0\0\0\0\0\0\0\0\0\0\0\0\0\0\0\0\0\0\0\0\0\0\0\0\0\0\0\0\0\0\0\0\0\0\0\0\0'),(169,'otruluck4o',_binary 'kTTXC60u2\0\0\0\0\0\0\0\0\0\0\0\0\0\0\0\0\0\0\0\0\0\0\0\0\0\0\0\0\0\0\0\0\0\0\0\0\0\0\0\0\0\0\0\0\0\0\0\0\0\0\0'),(170,'rpearton4p',_binary 'y22YsGUK\0\0\0\0\0\0\0\0\0\0\0\0\0\0\0\0\0\0\0\0\0\0\0\0\0\0\0\0\0\0\0\0\0\0\0\0\0\0\0\0\0\0\0\0\0\0\0\0\0\0\0\0'),(171,'edonovan4q',_binary 'pUPF3c\0\0\0\0\0\0\0\0\0\0\0\0\0\0\0\0\0\0\0\0\0\0\0\0\0\0\0\0\0\0\0\0\0\0\0\0\0\0\0\0\0\0\0\0\0\0\0\0\0\0\0\0\0\0'),(172,'dbartul4r',_binary 'h9Loa8yhx5\0\0\0\0\0\0\0\0\0\0\0\0\0\0\0\0\0\0\0\0\0\0\0\0\0\0\0\0\0\0\0\0\0\0\0\0\0\0\0\0\0\0\0\0\0\0\0\0\0\0'),(173,'tiorio4s',_binary 'TWuJQBCJ\0\0\0\0\0\0\0\0\0\0\0\0\0\0\0\0\0\0\0\0\0\0\0\0\0\0\0\0\0\0\0\0\0\0\0\0\0\0\0\0\0\0\0\0\0\0\0\0\0\0\0\0'),(174,'adaton4t',_binary 'sginBC\0\0\0\0\0\0\0\0\0\0\0\0\0\0\0\0\0\0\0\0\0\0\0\0\0\0\0\0\0\0\0\0\0\0\0\0\0\0\0\0\0\0\0\0\0\0\0\0\0\0\0\0\0\0'),(175,'awarfield4u',_binary 'lL2yvNbXPqIX\0\0\0\0\0\0\0\0\0\0\0\0\0\0\0\0\0\0\0\0\0\0\0\0\0\0\0\0\0\0\0\0\0\0\0\0\0\0\0\0\0\0\0\0\0\0\0\0'),(176,'gbabcock4v',_binary 'bai2yhdHmK8g\0\0\0\0\0\0\0\0\0\0\0\0\0\0\0\0\0\0\0\0\0\0\0\0\0\0\0\0\0\0\0\0\0\0\0\0\0\0\0\0\0\0\0\0\0\0\0\0'),(177,'jlovie4w',_binary 'oHw8fW5t\0\0\0\0\0\0\0\0\0\0\0\0\0\0\0\0\0\0\0\0\0\0\0\0\0\0\0\0\0\0\0\0\0\0\0\0\0\0\0\0\0\0\0\0\0\0\0\0\0\0\0\0'),(178,'sreddlesden4x',_binary 'jY1ZcJ\0\0\0\0\0\0\0\0\0\0\0\0\0\0\0\0\0\0\0\0\0\0\0\0\0\0\0\0\0\0\0\0\0\0\0\0\0\0\0\0\0\0\0\0\0\0\0\0\0\0\0\0\0\0'),(179,'dteanby4y',_binary 'GVqr5yc0tTr\0\0\0\0\0\0\0\0\0\0\0\0\0\0\0\0\0\0\0\0\0\0\0\0\0\0\0\0\0\0\0\0\0\0\0\0\0\0\0\0\0\0\0\0\0\0\0\0\0'),(180,'kcuddy4z',_binary 'nVJHCZ4B\0\0\0\0\0\0\0\0\0\0\0\0\0\0\0\0\0\0\0\0\0\0\0\0\0\0\0\0\0\0\0\0\0\0\0\0\0\0\0\0\0\0\0\0\0\0\0\0\0\0\0\0'),(181,'nmcgeachey50',_binary 'QLPmO2wAtE\0\0\0\0\0\0\0\0\0\0\0\0\0\0\0\0\0\0\0\0\0\0\0\0\0\0\0\0\0\0\0\0\0\0\0\0\0\0\0\0\0\0\0\0\0\0\0\0\0\0'),(182,'okinson51',_binary 'jPhvFC3S4k\0\0\0\0\0\0\0\0\0\0\0\0\0\0\0\0\0\0\0\0\0\0\0\0\0\0\0\0\0\0\0\0\0\0\0\0\0\0\0\0\0\0\0\0\0\0\0\0\0\0'),(183,'rdomesday52',_binary 'jQFpmIzSVy\0\0\0\0\0\0\0\0\0\0\0\0\0\0\0\0\0\0\0\0\0\0\0\0\0\0\0\0\0\0\0\0\0\0\0\0\0\0\0\0\0\0\0\0\0\0\0\0\0\0'),(184,'ccolquete53',_binary 'JPK85iO7be4\0\0\0\0\0\0\0\0\0\0\0\0\0\0\0\0\0\0\0\0\0\0\0\0\0\0\0\0\0\0\0\0\0\0\0\0\0\0\0\0\0\0\0\0\0\0\0\0\0'),(185,'akuhnert54',_binary 'vWSLOg8vSbWa\0\0\0\0\0\0\0\0\0\0\0\0\0\0\0\0\0\0\0\0\0\0\0\0\0\0\0\0\0\0\0\0\0\0\0\0\0\0\0\0\0\0\0\0\0\0\0\0'),(186,'gmocher55',_binary 'NXvgBlENRPy\0\0\0\0\0\0\0\0\0\0\0\0\0\0\0\0\0\0\0\0\0\0\0\0\0\0\0\0\0\0\0\0\0\0\0\0\0\0\0\0\0\0\0\0\0\0\0\0\0'),(187,'cduckhouse56',_binary 'fQWDDvWL\0\0\0\0\0\0\0\0\0\0\0\0\0\0\0\0\0\0\0\0\0\0\0\0\0\0\0\0\0\0\0\0\0\0\0\0\0\0\0\0\0\0\0\0\0\0\0\0\0\0\0\0'),(188,'esigart57',_binary 'mptDNQg\0\0\0\0\0\0\0\0\0\0\0\0\0\0\0\0\0\0\0\0\0\0\0\0\0\0\0\0\0\0\0\0\0\0\0\0\0\0\0\0\0\0\0\0\0\0\0\0\0\0\0\0\0'),(189,'kpoacher58',_binary 'B3iHD3HMA\0\0\0\0\0\0\0\0\0\0\0\0\0\0\0\0\0\0\0\0\0\0\0\0\0\0\0\0\0\0\0\0\0\0\0\0\0\0\0\0\0\0\0\0\0\0\0\0\0\0\0'),(190,'cpetrie59',_binary '8A1o21\0\0\0\0\0\0\0\0\0\0\0\0\0\0\0\0\0\0\0\0\0\0\0\0\0\0\0\0\0\0\0\0\0\0\0\0\0\0\0\0\0\0\0\0\0\0\0\0\0\0\0\0\0\0'),(191,'fgateman5a',_binary 'NAwgjx5hmG\0\0\0\0\0\0\0\0\0\0\0\0\0\0\0\0\0\0\0\0\0\0\0\0\0\0\0\0\0\0\0\0\0\0\0\0\0\0\0\0\0\0\0\0\0\0\0\0\0\0'),(192,'cilden5b',_binary 'kJWCqu\0\0\0\0\0\0\0\0\0\0\0\0\0\0\0\0\0\0\0\0\0\0\0\0\0\0\0\0\0\0\0\0\0\0\0\0\0\0\0\0\0\0\0\0\0\0\0\0\0\0\0\0\0\0'),(193,'tminichi5c',_binary 'iBoOBxM2z\0\0\0\0\0\0\0\0\0\0\0\0\0\0\0\0\0\0\0\0\0\0\0\0\0\0\0\0\0\0\0\0\0\0\0\0\0\0\0\0\0\0\0\0\0\0\0\0\0\0\0'),(194,'rlaughlin5d',_binary 'IF2cjV0CY4\0\0\0\0\0\0\0\0\0\0\0\0\0\0\0\0\0\0\0\0\0\0\0\0\0\0\0\0\0\0\0\0\0\0\0\0\0\0\0\0\0\0\0\0\0\0\0\0\0\0'),(195,'cklicher5e',_binary 'axAC0MKB\0\0\0\0\0\0\0\0\0\0\0\0\0\0\0\0\0\0\0\0\0\0\0\0\0\0\0\0\0\0\0\0\0\0\0\0\0\0\0\0\0\0\0\0\0\0\0\0\0\0\0\0'),(196,'mloveard5f',_binary 'wQlu509M1W\0\0\0\0\0\0\0\0\0\0\0\0\0\0\0\0\0\0\0\0\0\0\0\0\0\0\0\0\0\0\0\0\0\0\0\0\0\0\0\0\0\0\0\0\0\0\0\0\0\0'),(197,'hjako5g',_binary 'SZ2uOjzNtD4\0\0\0\0\0\0\0\0\0\0\0\0\0\0\0\0\0\0\0\0\0\0\0\0\0\0\0\0\0\0\0\0\0\0\0\0\0\0\0\0\0\0\0\0\0\0\0\0\0'),(198,'akirkwood5h',_binary 'iZcq3BZY\0\0\0\0\0\0\0\0\0\0\0\0\0\0\0\0\0\0\0\0\0\0\0\0\0\0\0\0\0\0\0\0\0\0\0\0\0\0\0\0\0\0\0\0\0\0\0\0\0\0\0\0'),(199,'gjewson5i',_binary 'HGwSRSqE\0\0\0\0\0\0\0\0\0\0\0\0\0\0\0\0\0\0\0\0\0\0\0\0\0\0\0\0\0\0\0\0\0\0\0\0\0\0\0\0\0\0\0\0\0\0\0\0\0\0\0\0'),(200,'asaxton5j',_binary 'XaVIC4M6\0\0\0\0\0\0\0\0\0\0\0\0\0\0\0\0\0\0\0\0\0\0\0\0\0\0\0\0\0\0\0\0\0\0\0\0\0\0\0\0\0\0\0\0\0\0\0\0\0\0\0\0'),(201,'lgratrex5k',_binary '52AvE8p\0\0\0\0\0\0\0\0\0\0\0\0\0\0\0\0\0\0\0\0\0\0\0\0\0\0\0\0\0\0\0\0\0\0\0\0\0\0\0\0\0\0\0\0\0\0\0\0\0\0\0\0\0'),(202,'sbleaden5l',_binary 'xSEkez9\0\0\0\0\0\0\0\0\0\0\0\0\0\0\0\0\0\0\0\0\0\0\0\0\0\0\0\0\0\0\0\0\0\0\0\0\0\0\0\0\0\0\0\0\0\0\0\0\0\0\0\0\0'),(203,'jhoggan5m',_binary 'hPoUVWRY\0\0\0\0\0\0\0\0\0\0\0\0\0\0\0\0\0\0\0\0\0\0\0\0\0\0\0\0\0\0\0\0\0\0\0\0\0\0\0\0\0\0\0\0\0\0\0\0\0\0\0\0'),(204,'hbison5n',_binary 'NDnQoJ\0\0\0\0\0\0\0\0\0\0\0\0\0\0\0\0\0\0\0\0\0\0\0\0\0\0\0\0\0\0\0\0\0\0\0\0\0\0\0\0\0\0\0\0\0\0\0\0\0\0\0\0\0\0'),(205,'rfilliskirk5o',_binary 'jVCCgG6\0\0\0\0\0\0\0\0\0\0\0\0\0\0\0\0\0\0\0\0\0\0\0\0\0\0\0\0\0\0\0\0\0\0\0\0\0\0\0\0\0\0\0\0\0\0\0\0\0\0\0\0\0'),(206,'kbeckerleg5p',_binary 'zNXziQI\0\0\0\0\0\0\0\0\0\0\0\0\0\0\0\0\0\0\0\0\0\0\0\0\0\0\0\0\0\0\0\0\0\0\0\0\0\0\0\0\0\0\0\0\0\0\0\0\0\0\0\0\0'),(207,'cdmitriev5q',_binary 'W4ogyww\0\0\0\0\0\0\0\0\0\0\0\0\0\0\0\0\0\0\0\0\0\0\0\0\0\0\0\0\0\0\0\0\0\0\0\0\0\0\0\0\0\0\0\0\0\0\0\0\0\0\0\0\0'),(208,'lwickett5r',_binary 'm0niatM\0\0\0\0\0\0\0\0\0\0\0\0\0\0\0\0\0\0\0\0\0\0\0\0\0\0\0\0\0\0\0\0\0\0\0\0\0\0\0\0\0\0\0\0\0\0\0\0\0\0\0\0\0'),(209,'emancer5s',_binary 'gLHgt2tvY\0\0\0\0\0\0\0\0\0\0\0\0\0\0\0\0\0\0\0\0\0\0\0\0\0\0\0\0\0\0\0\0\0\0\0\0\0\0\0\0\0\0\0\0\0\0\0\0\0\0\0'),(210,'dspiaggia5t',_binary 'KeeZCV\0\0\0\0\0\0\0\0\0\0\0\0\0\0\0\0\0\0\0\0\0\0\0\0\0\0\0\0\0\0\0\0\0\0\0\0\0\0\0\0\0\0\0\0\0\0\0\0\0\0\0\0\0\0'),(211,'afoss5u',_binary 'aHCcmFWT\0\0\0\0\0\0\0\0\0\0\0\0\0\0\0\0\0\0\0\0\0\0\0\0\0\0\0\0\0\0\0\0\0\0\0\0\0\0\0\0\0\0\0\0\0\0\0\0\0\0\0\0'),(212,'twigelsworth5v',_binary 'Zvgrtsd8S3\0\0\0\0\0\0\0\0\0\0\0\0\0\0\0\0\0\0\0\0\0\0\0\0\0\0\0\0\0\0\0\0\0\0\0\0\0\0\0\0\0\0\0\0\0\0\0\0\0\0'),(213,'pjumel5w',_binary 'ibnY50Qk\0\0\0\0\0\0\0\0\0\0\0\0\0\0\0\0\0\0\0\0\0\0\0\0\0\0\0\0\0\0\0\0\0\0\0\0\0\0\0\0\0\0\0\0\0\0\0\0\0\0\0\0'),(214,'gshiels5x',_binary 'PGV8b0DxC\0\0\0\0\0\0\0\0\0\0\0\0\0\0\0\0\0\0\0\0\0\0\0\0\0\0\0\0\0\0\0\0\0\0\0\0\0\0\0\0\0\0\0\0\0\0\0\0\0\0\0'),(215,'hharwick5y',_binary 'QMFCcN\0\0\0\0\0\0\0\0\0\0\0\0\0\0\0\0\0\0\0\0\0\0\0\0\0\0\0\0\0\0\0\0\0\0\0\0\0\0\0\0\0\0\0\0\0\0\0\0\0\0\0\0\0\0'),(216,'pcrannell5z',_binary 'FDLHQsR\0\0\0\0\0\0\0\0\0\0\0\0\0\0\0\0\0\0\0\0\0\0\0\0\0\0\0\0\0\0\0\0\0\0\0\0\0\0\0\0\0\0\0\0\0\0\0\0\0\0\0\0\0'),(217,'thargreave60',_binary 'ogIDHhFA\0\0\0\0\0\0\0\0\0\0\0\0\0\0\0\0\0\0\0\0\0\0\0\0\0\0\0\0\0\0\0\0\0\0\0\0\0\0\0\0\0\0\0\0\0\0\0\0\0\0\0\0'),(218,'frahlof61',_binary 'nTdek4U1A\0\0\0\0\0\0\0\0\0\0\0\0\0\0\0\0\0\0\0\0\0\0\0\0\0\0\0\0\0\0\0\0\0\0\0\0\0\0\0\0\0\0\0\0\0\0\0\0\0\0\0'),(219,'rbeauchamp62',_binary 'KNnUXn\0\0\0\0\0\0\0\0\0\0\0\0\0\0\0\0\0\0\0\0\0\0\0\0\0\0\0\0\0\0\0\0\0\0\0\0\0\0\0\0\0\0\0\0\0\0\0\0\0\0\0\0\0\0'),(220,'ppayne63',_binary 'dOMATNBlm\0\0\0\0\0\0\0\0\0\0\0\0\0\0\0\0\0\0\0\0\0\0\0\0\0\0\0\0\0\0\0\0\0\0\0\0\0\0\0\0\0\0\0\0\0\0\0\0\0\0\0'),(221,'lpierri64',_binary '5rOwSOWxRP9C\0\0\0\0\0\0\0\0\0\0\0\0\0\0\0\0\0\0\0\0\0\0\0\0\0\0\0\0\0\0\0\0\0\0\0\0\0\0\0\0\0\0\0\0\0\0\0\0'),(222,'msyversen65',_binary '0GKy9Ek\0\0\0\0\0\0\0\0\0\0\0\0\0\0\0\0\0\0\0\0\0\0\0\0\0\0\0\0\0\0\0\0\0\0\0\0\0\0\0\0\0\0\0\0\0\0\0\0\0\0\0\0\0'),(223,'pcosgry66',_binary 'vf7DzJcT\0\0\0\0\0\0\0\0\0\0\0\0\0\0\0\0\0\0\0\0\0\0\0\0\0\0\0\0\0\0\0\0\0\0\0\0\0\0\0\0\0\0\0\0\0\0\0\0\0\0\0\0'),(224,'spacher67',_binary 'Q9bn4wiUQ\0\0\0\0\0\0\0\0\0\0\0\0\0\0\0\0\0\0\0\0\0\0\0\0\0\0\0\0\0\0\0\0\0\0\0\0\0\0\0\0\0\0\0\0\0\0\0\0\0\0\0'),(225,'hberger68',_binary 'qVmTeP\0\0\0\0\0\0\0\0\0\0\0\0\0\0\0\0\0\0\0\0\0\0\0\0\0\0\0\0\0\0\0\0\0\0\0\0\0\0\0\0\0\0\0\0\0\0\0\0\0\0\0\0\0\0'),(226,'rscala69',_binary 'mLMLmx3SKko\0\0\0\0\0\0\0\0\0\0\0\0\0\0\0\0\0\0\0\0\0\0\0\0\0\0\0\0\0\0\0\0\0\0\0\0\0\0\0\0\0\0\0\0\0\0\0\0\0'),(227,'dtamsett6a',_binary 'IFIWWWm13ac8\0\0\0\0\0\0\0\0\0\0\0\0\0\0\0\0\0\0\0\0\0\0\0\0\0\0\0\0\0\0\0\0\0\0\0\0\0\0\0\0\0\0\0\0\0\0\0\0'),(228,'rbruinemann6b',_binary 'rSrjcPUPpU\0\0\0\0\0\0\0\0\0\0\0\0\0\0\0\0\0\0\0\0\0\0\0\0\0\0\0\0\0\0\0\0\0\0\0\0\0\0\0\0\0\0\0\0\0\0\0\0\0\0'),(229,'mowbrick6c',_binary 'k4SpMYqTx4HE\0\0\0\0\0\0\0\0\0\0\0\0\0\0\0\0\0\0\0\0\0\0\0\0\0\0\0\0\0\0\0\0\0\0\0\0\0\0\0\0\0\0\0\0\0\0\0\0'),(230,'ibrassington6d',_binary 'z747dwGWC8\0\0\0\0\0\0\0\0\0\0\0\0\0\0\0\0\0\0\0\0\0\0\0\0\0\0\0\0\0\0\0\0\0\0\0\0\0\0\0\0\0\0\0\0\0\0\0\0\0\0'),(231,'kflew6e',_binary 'TWpPe8bqWiV7\0\0\0\0\0\0\0\0\0\0\0\0\0\0\0\0\0\0\0\0\0\0\0\0\0\0\0\0\0\0\0\0\0\0\0\0\0\0\0\0\0\0\0\0\0\0\0\0'),(232,'brandales6f',_binary 'doet45pfpUN\0\0\0\0\0\0\0\0\0\0\0\0\0\0\0\0\0\0\0\0\0\0\0\0\0\0\0\0\0\0\0\0\0\0\0\0\0\0\0\0\0\0\0\0\0\0\0\0\0'),(233,'bcrayden6g',_binary 'JCHuX8S3\0\0\0\0\0\0\0\0\0\0\0\0\0\0\0\0\0\0\0\0\0\0\0\0\0\0\0\0\0\0\0\0\0\0\0\0\0\0\0\0\0\0\0\0\0\0\0\0\0\0\0\0'),(234,'mbeckles6h',_binary 'XfCGjrdbWAo5\0\0\0\0\0\0\0\0\0\0\0\0\0\0\0\0\0\0\0\0\0\0\0\0\0\0\0\0\0\0\0\0\0\0\0\0\0\0\0\0\0\0\0\0\0\0\0\0'),(235,'fblaske6i',_binary 'YITp7pqT2r\0\0\0\0\0\0\0\0\0\0\0\0\0\0\0\0\0\0\0\0\0\0\0\0\0\0\0\0\0\0\0\0\0\0\0\0\0\0\0\0\0\0\0\0\0\0\0\0\0\0'),(236,'gnutt6j',_binary 'BIeay9Vq\0\0\0\0\0\0\0\0\0\0\0\0\0\0\0\0\0\0\0\0\0\0\0\0\0\0\0\0\0\0\0\0\0\0\0\0\0\0\0\0\0\0\0\0\0\0\0\0\0\0\0\0'),(237,'wfountian6k',_binary '5eEuVdu6O0U\0\0\0\0\0\0\0\0\0\0\0\0\0\0\0\0\0\0\0\0\0\0\0\0\0\0\0\0\0\0\0\0\0\0\0\0\0\0\0\0\0\0\0\0\0\0\0\0\0'),(238,'dleaves6l',_binary 'jkx8wutF\0\0\0\0\0\0\0\0\0\0\0\0\0\0\0\0\0\0\0\0\0\0\0\0\0\0\0\0\0\0\0\0\0\0\0\0\0\0\0\0\0\0\0\0\0\0\0\0\0\0\0\0'),(239,'jsutor6m',_binary '9DPDn52pm\0\0\0\0\0\0\0\0\0\0\0\0\0\0\0\0\0\0\0\0\0\0\0\0\0\0\0\0\0\0\0\0\0\0\0\0\0\0\0\0\0\0\0\0\0\0\0\0\0\0\0'),(240,'fmcshirie6n',_binary '7Cr4Vh\0\0\0\0\0\0\0\0\0\0\0\0\0\0\0\0\0\0\0\0\0\0\0\0\0\0\0\0\0\0\0\0\0\0\0\0\0\0\0\0\0\0\0\0\0\0\0\0\0\0\0\0\0\0'),(241,'pmulvany6o',_binary 'Hnq6d6sl\0\0\0\0\0\0\0\0\0\0\0\0\0\0\0\0\0\0\0\0\0\0\0\0\0\0\0\0\0\0\0\0\0\0\0\0\0\0\0\0\0\0\0\0\0\0\0\0\0\0\0\0'),(242,'gbarbey6p',_binary '2p9yaTwdFiJQ\0\0\0\0\0\0\0\0\0\0\0\0\0\0\0\0\0\0\0\0\0\0\0\0\0\0\0\0\0\0\0\0\0\0\0\0\0\0\0\0\0\0\0\0\0\0\0\0'),(243,'edutch6q',_binary '2DLecB\0\0\0\0\0\0\0\0\0\0\0\0\0\0\0\0\0\0\0\0\0\0\0\0\0\0\0\0\0\0\0\0\0\0\0\0\0\0\0\0\0\0\0\0\0\0\0\0\0\0\0\0\0\0'),(244,'priggs6r',_binary 'fB1ho5E6\0\0\0\0\0\0\0\0\0\0\0\0\0\0\0\0\0\0\0\0\0\0\0\0\0\0\0\0\0\0\0\0\0\0\0\0\0\0\0\0\0\0\0\0\0\0\0\0\0\0\0\0'),(245,'gnormand6s',_binary 'Jj1gdazWp\0\0\0\0\0\0\0\0\0\0\0\0\0\0\0\0\0\0\0\0\0\0\0\0\0\0\0\0\0\0\0\0\0\0\0\0\0\0\0\0\0\0\0\0\0\0\0\0\0\0\0'),(246,'qrhodef6t',_binary 'JIXqOT5k\0\0\0\0\0\0\0\0\0\0\0\0\0\0\0\0\0\0\0\0\0\0\0\0\0\0\0\0\0\0\0\0\0\0\0\0\0\0\0\0\0\0\0\0\0\0\0\0\0\0\0\0'),(247,'abolduc6u',_binary 'NU4iGUTnW\0\0\0\0\0\0\0\0\0\0\0\0\0\0\0\0\0\0\0\0\0\0\0\0\0\0\0\0\0\0\0\0\0\0\0\0\0\0\0\0\0\0\0\0\0\0\0\0\0\0\0'),(248,'vheggadon6v',_binary 'TVgTHdSuRyz6\0\0\0\0\0\0\0\0\0\0\0\0\0\0\0\0\0\0\0\0\0\0\0\0\0\0\0\0\0\0\0\0\0\0\0\0\0\0\0\0\0\0\0\0\0\0\0\0'),(249,'tingrem6w',_binary '8xb68o\0\0\0\0\0\0\0\0\0\0\0\0\0\0\0\0\0\0\0\0\0\0\0\0\0\0\0\0\0\0\0\0\0\0\0\0\0\0\0\0\0\0\0\0\0\0\0\0\0\0\0\0\0\0'),(250,'rfritchley6x',_binary 'bflPKhv8P\0\0\0\0\0\0\0\0\0\0\0\0\0\0\0\0\0\0\0\0\0\0\0\0\0\0\0\0\0\0\0\0\0\0\0\0\0\0\0\0\0\0\0\0\0\0\0\0\0\0\0'),(251,'rsaura6y',_binary 'O6xZt1Yu6K\0\0\0\0\0\0\0\0\0\0\0\0\0\0\0\0\0\0\0\0\0\0\0\0\0\0\0\0\0\0\0\0\0\0\0\0\0\0\0\0\0\0\0\0\0\0\0\0\0\0'),(252,'dblasing6z',_binary 'R22Syo\0\0\0\0\0\0\0\0\0\0\0\0\0\0\0\0\0\0\0\0\0\0\0\0\0\0\0\0\0\0\0\0\0\0\0\0\0\0\0\0\0\0\0\0\0\0\0\0\0\0\0\0\0\0'),(253,'bsperrett70',_binary 'EjQP19iFzN\0\0\0\0\0\0\0\0\0\0\0\0\0\0\0\0\0\0\0\0\0\0\0\0\0\0\0\0\0\0\0\0\0\0\0\0\0\0\0\0\0\0\0\0\0\0\0\0\0\0'),(254,'medgson71',_binary '5EKGgHOi3\0\0\0\0\0\0\0\0\0\0\0\0\0\0\0\0\0\0\0\0\0\0\0\0\0\0\0\0\0\0\0\0\0\0\0\0\0\0\0\0\0\0\0\0\0\0\0\0\0\0\0'),(255,'dbarrie72',_binary '35cOY3EXy\0\0\0\0\0\0\0\0\0\0\0\0\0\0\0\0\0\0\0\0\0\0\0\0\0\0\0\0\0\0\0\0\0\0\0\0\0\0\0\0\0\0\0\0\0\0\0\0\0\0\0'),(256,'namphlett73',_binary 'FsZaFLdtGyT\0\0\0\0\0\0\0\0\0\0\0\0\0\0\0\0\0\0\0\0\0\0\0\0\0\0\0\0\0\0\0\0\0\0\0\0\0\0\0\0\0\0\0\0\0\0\0\0\0'),(257,'kburkman74',_binary 'tqC8saOWv3p\0\0\0\0\0\0\0\0\0\0\0\0\0\0\0\0\0\0\0\0\0\0\0\0\0\0\0\0\0\0\0\0\0\0\0\0\0\0\0\0\0\0\0\0\0\0\0\0\0'),(258,'rmonro75',_binary 'A0rKq4wV3y\0\0\0\0\0\0\0\0\0\0\0\0\0\0\0\0\0\0\0\0\0\0\0\0\0\0\0\0\0\0\0\0\0\0\0\0\0\0\0\0\0\0\0\0\0\0\0\0\0\0'),(259,'msteuhlmeyer76',_binary '1UGquChadYf\0\0\0\0\0\0\0\0\0\0\0\0\0\0\0\0\0\0\0\0\0\0\0\0\0\0\0\0\0\0\0\0\0\0\0\0\0\0\0\0\0\0\0\0\0\0\0\0\0'),(260,'aquakley77',_binary 'UJDBrl\0\0\0\0\0\0\0\0\0\0\0\0\0\0\0\0\0\0\0\0\0\0\0\0\0\0\0\0\0\0\0\0\0\0\0\0\0\0\0\0\0\0\0\0\0\0\0\0\0\0\0\0\0\0'),(261,'tsimkins78',_binary 'SZLkWk\0\0\0\0\0\0\0\0\0\0\0\0\0\0\0\0\0\0\0\0\0\0\0\0\0\0\0\0\0\0\0\0\0\0\0\0\0\0\0\0\0\0\0\0\0\0\0\0\0\0\0\0\0\0'),(262,'hhaig79',_binary 'HONGXM27c\0\0\0\0\0\0\0\0\0\0\0\0\0\0\0\0\0\0\0\0\0\0\0\0\0\0\0\0\0\0\0\0\0\0\0\0\0\0\0\0\0\0\0\0\0\0\0\0\0\0\0'),(263,'eharbage7a',_binary 'TgFvj57rmzhR\0\0\0\0\0\0\0\0\0\0\0\0\0\0\0\0\0\0\0\0\0\0\0\0\0\0\0\0\0\0\0\0\0\0\0\0\0\0\0\0\0\0\0\0\0\0\0\0'),(264,'jbickerdicke7b',_binary '31HR8sKQ6\0\0\0\0\0\0\0\0\0\0\0\0\0\0\0\0\0\0\0\0\0\0\0\0\0\0\0\0\0\0\0\0\0\0\0\0\0\0\0\0\0\0\0\0\0\0\0\0\0\0\0'),(265,'hphoenix7c',_binary 'j0UtdSK\0\0\0\0\0\0\0\0\0\0\0\0\0\0\0\0\0\0\0\0\0\0\0\0\0\0\0\0\0\0\0\0\0\0\0\0\0\0\0\0\0\0\0\0\0\0\0\0\0\0\0\0\0'),(266,'jrampage7d',_binary 'tChHxcN\0\0\0\0\0\0\0\0\0\0\0\0\0\0\0\0\0\0\0\0\0\0\0\0\0\0\0\0\0\0\0\0\0\0\0\0\0\0\0\0\0\0\0\0\0\0\0\0\0\0\0\0\0'),(267,'lkimbrough7e',_binary 'fqboojObv\0\0\0\0\0\0\0\0\0\0\0\0\0\0\0\0\0\0\0\0\0\0\0\0\0\0\0\0\0\0\0\0\0\0\0\0\0\0\0\0\0\0\0\0\0\0\0\0\0\0\0'),(268,'omacneely7f',_binary 'eeEuovop\0\0\0\0\0\0\0\0\0\0\0\0\0\0\0\0\0\0\0\0\0\0\0\0\0\0\0\0\0\0\0\0\0\0\0\0\0\0\0\0\0\0\0\0\0\0\0\0\0\0\0\0'),(269,'ddawe7g',_binary 'S7gPgK0j\0\0\0\0\0\0\0\0\0\0\0\0\0\0\0\0\0\0\0\0\0\0\0\0\0\0\0\0\0\0\0\0\0\0\0\0\0\0\0\0\0\0\0\0\0\0\0\0\0\0\0\0'),(270,'mllewellyn7h',_binary 'XH8JDWsT9v\0\0\0\0\0\0\0\0\0\0\0\0\0\0\0\0\0\0\0\0\0\0\0\0\0\0\0\0\0\0\0\0\0\0\0\0\0\0\0\0\0\0\0\0\0\0\0\0\0\0'),(271,'dwadmore7i',_binary '4h0gzOZOF\0\0\0\0\0\0\0\0\0\0\0\0\0\0\0\0\0\0\0\0\0\0\0\0\0\0\0\0\0\0\0\0\0\0\0\0\0\0\0\0\0\0\0\0\0\0\0\0\0\0\0'),(272,'sfransman7j',_binary 'PQN6PDuUKxbA\0\0\0\0\0\0\0\0\0\0\0\0\0\0\0\0\0\0\0\0\0\0\0\0\0\0\0\0\0\0\0\0\0\0\0\0\0\0\0\0\0\0\0\0\0\0\0\0'),(273,'mcanfer7k',_binary 'CcKRLV\0\0\0\0\0\0\0\0\0\0\0\0\0\0\0\0\0\0\0\0\0\0\0\0\0\0\0\0\0\0\0\0\0\0\0\0\0\0\0\0\0\0\0\0\0\0\0\0\0\0\0\0\0\0'),(274,'msibyllina7l',_binary 'BLNRx8XKF\0\0\0\0\0\0\0\0\0\0\0\0\0\0\0\0\0\0\0\0\0\0\0\0\0\0\0\0\0\0\0\0\0\0\0\0\0\0\0\0\0\0\0\0\0\0\0\0\0\0\0'),(275,'kwhiskerd7m',_binary 'HuY99pso\0\0\0\0\0\0\0\0\0\0\0\0\0\0\0\0\0\0\0\0\0\0\0\0\0\0\0\0\0\0\0\0\0\0\0\0\0\0\0\0\0\0\0\0\0\0\0\0\0\0\0\0'),(276,'asaintsbury7n',_binary 'NQjQXOv\0\0\0\0\0\0\0\0\0\0\0\0\0\0\0\0\0\0\0\0\0\0\0\0\0\0\0\0\0\0\0\0\0\0\0\0\0\0\0\0\0\0\0\0\0\0\0\0\0\0\0\0\0'),(277,'bbellinger7o',_binary 'MNWOUNVT\0\0\0\0\0\0\0\0\0\0\0\0\0\0\0\0\0\0\0\0\0\0\0\0\0\0\0\0\0\0\0\0\0\0\0\0\0\0\0\0\0\0\0\0\0\0\0\0\0\0\0\0'),(278,'jpoulden7p',_binary 'eFeszJvD3\0\0\0\0\0\0\0\0\0\0\0\0\0\0\0\0\0\0\0\0\0\0\0\0\0\0\0\0\0\0\0\0\0\0\0\0\0\0\0\0\0\0\0\0\0\0\0\0\0\0\0'),(279,'ehaysham7q',_binary '2hkepHgn\0\0\0\0\0\0\0\0\0\0\0\0\0\0\0\0\0\0\0\0\0\0\0\0\0\0\0\0\0\0\0\0\0\0\0\0\0\0\0\0\0\0\0\0\0\0\0\0\0\0\0\0'),(280,'lechallie7r',_binary 'ffPvsT\0\0\0\0\0\0\0\0\0\0\0\0\0\0\0\0\0\0\0\0\0\0\0\0\0\0\0\0\0\0\0\0\0\0\0\0\0\0\0\0\0\0\0\0\0\0\0\0\0\0\0\0\0\0'),(281,'ndagg7s',_binary 'yHqqG3TM\0\0\0\0\0\0\0\0\0\0\0\0\0\0\0\0\0\0\0\0\0\0\0\0\0\0\0\0\0\0\0\0\0\0\0\0\0\0\0\0\0\0\0\0\0\0\0\0\0\0\0\0'),(282,'ajune7t',_binary 'dVsnihp5c\0\0\0\0\0\0\0\0\0\0\0\0\0\0\0\0\0\0\0\0\0\0\0\0\0\0\0\0\0\0\0\0\0\0\0\0\0\0\0\0\0\0\0\0\0\0\0\0\0\0\0'),(283,'jsilvermann7u',_binary 'HxLeo2\0\0\0\0\0\0\0\0\0\0\0\0\0\0\0\0\0\0\0\0\0\0\0\0\0\0\0\0\0\0\0\0\0\0\0\0\0\0\0\0\0\0\0\0\0\0\0\0\0\0\0\0\0\0'),(284,'jroll7v',_binary 'j7Tde2dTgTmF\0\0\0\0\0\0\0\0\0\0\0\0\0\0\0\0\0\0\0\0\0\0\0\0\0\0\0\0\0\0\0\0\0\0\0\0\0\0\0\0\0\0\0\0\0\0\0\0'),(285,'lshoppee7w',_binary 'JFFtikS\0\0\0\0\0\0\0\0\0\0\0\0\0\0\0\0\0\0\0\0\0\0\0\0\0\0\0\0\0\0\0\0\0\0\0\0\0\0\0\0\0\0\0\0\0\0\0\0\0\0\0\0\0'),(286,'ocolvie7x',_binary 'HDv5Ejyho\0\0\0\0\0\0\0\0\0\0\0\0\0\0\0\0\0\0\0\0\0\0\0\0\0\0\0\0\0\0\0\0\0\0\0\0\0\0\0\0\0\0\0\0\0\0\0\0\0\0\0'),(287,'kfeathers7y',_binary '7Jnj2YDyi\0\0\0\0\0\0\0\0\0\0\0\0\0\0\0\0\0\0\0\0\0\0\0\0\0\0\0\0\0\0\0\0\0\0\0\0\0\0\0\0\0\0\0\0\0\0\0\0\0\0\0'),(288,'tbangs7z',_binary 'oZUQoBi\0\0\0\0\0\0\0\0\0\0\0\0\0\0\0\0\0\0\0\0\0\0\0\0\0\0\0\0\0\0\0\0\0\0\0\0\0\0\0\0\0\0\0\0\0\0\0\0\0\0\0\0\0'),(289,'mbowdidge80',_binary 'p6xFpemX\0\0\0\0\0\0\0\0\0\0\0\0\0\0\0\0\0\0\0\0\0\0\0\0\0\0\0\0\0\0\0\0\0\0\0\0\0\0\0\0\0\0\0\0\0\0\0\0\0\0\0\0'),(290,'fivory81',_binary 'zUVxlIWvqTkZ\0\0\0\0\0\0\0\0\0\0\0\0\0\0\0\0\0\0\0\0\0\0\0\0\0\0\0\0\0\0\0\0\0\0\0\0\0\0\0\0\0\0\0\0\0\0\0\0'),(291,'cbissett82',_binary 'CL6gLXzkZ\0\0\0\0\0\0\0\0\0\0\0\0\0\0\0\0\0\0\0\0\0\0\0\0\0\0\0\0\0\0\0\0\0\0\0\0\0\0\0\0\0\0\0\0\0\0\0\0\0\0\0'),(292,'lmaccracken83',_binary 'OS6xO1Oy42\0\0\0\0\0\0\0\0\0\0\0\0\0\0\0\0\0\0\0\0\0\0\0\0\0\0\0\0\0\0\0\0\0\0\0\0\0\0\0\0\0\0\0\0\0\0\0\0\0\0'),(293,'rglasard84',_binary 'IrljuMEO\0\0\0\0\0\0\0\0\0\0\0\0\0\0\0\0\0\0\0\0\0\0\0\0\0\0\0\0\0\0\0\0\0\0\0\0\0\0\0\0\0\0\0\0\0\0\0\0\0\0\0\0'),(294,'jcowpertwait85',_binary '3GFhaIA\0\0\0\0\0\0\0\0\0\0\0\0\0\0\0\0\0\0\0\0\0\0\0\0\0\0\0\0\0\0\0\0\0\0\0\0\0\0\0\0\0\0\0\0\0\0\0\0\0\0\0\0\0'),(295,'wdantoni86',_binary 'IuOmK8aL\0\0\0\0\0\0\0\0\0\0\0\0\0\0\0\0\0\0\0\0\0\0\0\0\0\0\0\0\0\0\0\0\0\0\0\0\0\0\0\0\0\0\0\0\0\0\0\0\0\0\0\0'),(296,'wsasser87',_binary 'hIi7p3aNPe\0\0\0\0\0\0\0\0\0\0\0\0\0\0\0\0\0\0\0\0\0\0\0\0\0\0\0\0\0\0\0\0\0\0\0\0\0\0\0\0\0\0\0\0\0\0\0\0\0\0'),(297,'kbliss88',_binary 'ejG4NC\0\0\0\0\0\0\0\0\0\0\0\0\0\0\0\0\0\0\0\0\0\0\0\0\0\0\0\0\0\0\0\0\0\0\0\0\0\0\0\0\0\0\0\0\0\0\0\0\0\0\0\0\0\0'),(298,'utromans89',_binary '6xHSx2QRNZ\0\0\0\0\0\0\0\0\0\0\0\0\0\0\0\0\0\0\0\0\0\0\0\0\0\0\0\0\0\0\0\0\0\0\0\0\0\0\0\0\0\0\0\0\0\0\0\0\0\0'),(299,'vfifield8a',_binary 'vaNl4PqMK\0\0\0\0\0\0\0\0\0\0\0\0\0\0\0\0\0\0\0\0\0\0\0\0\0\0\0\0\0\0\0\0\0\0\0\0\0\0\0\0\0\0\0\0\0\0\0\0\0\0\0'),(300,'gstapford8b',_binary '6wuMXDNbEf\0\0\0\0\0\0\0\0\0\0\0\0\0\0\0\0\0\0\0\0\0\0\0\0\0\0\0\0\0\0\0\0\0\0\0\0\0\0\0\0\0\0\0\0\0\0\0\0\0\0'),(301,'fvanyard8c',_binary 'MQFj6arNQG2\0\0\0\0\0\0\0\0\0\0\0\0\0\0\0\0\0\0\0\0\0\0\0\0\0\0\0\0\0\0\0\0\0\0\0\0\0\0\0\0\0\0\0\0\0\0\0\0\0'),(302,'wnolot8d',_binary '25kIGH\0\0\0\0\0\0\0\0\0\0\0\0\0\0\0\0\0\0\0\0\0\0\0\0\0\0\0\0\0\0\0\0\0\0\0\0\0\0\0\0\0\0\0\0\0\0\0\0\0\0\0\0\0\0'),(303,'hspearing8e',_binary 'pc5Fk7Y\0\0\0\0\0\0\0\0\0\0\0\0\0\0\0\0\0\0\0\0\0\0\0\0\0\0\0\0\0\0\0\0\0\0\0\0\0\0\0\0\0\0\0\0\0\0\0\0\0\0\0\0\0'),(304,'eallman8f',_binary 'OJgzjIR0O2i\0\0\0\0\0\0\0\0\0\0\0\0\0\0\0\0\0\0\0\0\0\0\0\0\0\0\0\0\0\0\0\0\0\0\0\0\0\0\0\0\0\0\0\0\0\0\0\0\0'),(305,'tstave8g',_binary 'lGZ6Ry\0\0\0\0\0\0\0\0\0\0\0\0\0\0\0\0\0\0\0\0\0\0\0\0\0\0\0\0\0\0\0\0\0\0\0\0\0\0\0\0\0\0\0\0\0\0\0\0\0\0\0\0\0\0'),(306,'mcicco8h',_binary 'Q86biKFHkX\0\0\0\0\0\0\0\0\0\0\0\0\0\0\0\0\0\0\0\0\0\0\0\0\0\0\0\0\0\0\0\0\0\0\0\0\0\0\0\0\0\0\0\0\0\0\0\0\0\0'),(307,'lremirez8i',_binary 'kWjOx7HVk3K\0\0\0\0\0\0\0\0\0\0\0\0\0\0\0\0\0\0\0\0\0\0\0\0\0\0\0\0\0\0\0\0\0\0\0\0\0\0\0\0\0\0\0\0\0\0\0\0\0'),(308,'cliversidge8j',_binary 'F4N3bZ0a6Qnn\0\0\0\0\0\0\0\0\0\0\0\0\0\0\0\0\0\0\0\0\0\0\0\0\0\0\0\0\0\0\0\0\0\0\0\0\0\0\0\0\0\0\0\0\0\0\0\0'),(309,'mmacphee8k',_binary 'h0QO62hoT9\0\0\0\0\0\0\0\0\0\0\0\0\0\0\0\0\0\0\0\0\0\0\0\0\0\0\0\0\0\0\0\0\0\0\0\0\0\0\0\0\0\0\0\0\0\0\0\0\0\0'),(310,'mgrouvel8l',_binary '5ETubwq\0\0\0\0\0\0\0\0\0\0\0\0\0\0\0\0\0\0\0\0\0\0\0\0\0\0\0\0\0\0\0\0\0\0\0\0\0\0\0\0\0\0\0\0\0\0\0\0\0\0\0\0\0'),(311,'cduddridge8m',_binary 'p2XL6ie\0\0\0\0\0\0\0\0\0\0\0\0\0\0\0\0\0\0\0\0\0\0\0\0\0\0\0\0\0\0\0\0\0\0\0\0\0\0\0\0\0\0\0\0\0\0\0\0\0\0\0\0\0'),(312,'caikenhead8n',_binary 'wbvtO5g\0\0\0\0\0\0\0\0\0\0\0\0\0\0\0\0\0\0\0\0\0\0\0\0\0\0\0\0\0\0\0\0\0\0\0\0\0\0\0\0\0\0\0\0\0\0\0\0\0\0\0\0\0'),(313,'mdaymond8o',_binary 'x4z9mf\0\0\0\0\0\0\0\0\0\0\0\0\0\0\0\0\0\0\0\0\0\0\0\0\0\0\0\0\0\0\0\0\0\0\0\0\0\0\0\0\0\0\0\0\0\0\0\0\0\0\0\0\0\0'),(314,'jhackly8p',_binary '5Ne0TqdPBAF\0\0\0\0\0\0\0\0\0\0\0\0\0\0\0\0\0\0\0\0\0\0\0\0\0\0\0\0\0\0\0\0\0\0\0\0\0\0\0\0\0\0\0\0\0\0\0\0\0'),(315,'dcridlan8q',_binary 'k6S1Mszl1TJ\0\0\0\0\0\0\0\0\0\0\0\0\0\0\0\0\0\0\0\0\0\0\0\0\0\0\0\0\0\0\0\0\0\0\0\0\0\0\0\0\0\0\0\0\0\0\0\0\0'),(316,'itschierasche8r',_binary 'hn3cD5o\0\0\0\0\0\0\0\0\0\0\0\0\0\0\0\0\0\0\0\0\0\0\0\0\0\0\0\0\0\0\0\0\0\0\0\0\0\0\0\0\0\0\0\0\0\0\0\0\0\0\0\0\0'),(317,'ahullett8s',_binary 'PPXhzBrP6d\0\0\0\0\0\0\0\0\0\0\0\0\0\0\0\0\0\0\0\0\0\0\0\0\0\0\0\0\0\0\0\0\0\0\0\0\0\0\0\0\0\0\0\0\0\0\0\0\0\0'),(318,'rdunnico8t',_binary 'PV23VGDISy\0\0\0\0\0\0\0\0\0\0\0\0\0\0\0\0\0\0\0\0\0\0\0\0\0\0\0\0\0\0\0\0\0\0\0\0\0\0\0\0\0\0\0\0\0\0\0\0\0\0'),(319,'hbalding8u',_binary 'K2E31A6HIL\0\0\0\0\0\0\0\0\0\0\0\0\0\0\0\0\0\0\0\0\0\0\0\0\0\0\0\0\0\0\0\0\0\0\0\0\0\0\0\0\0\0\0\0\0\0\0\0\0\0'),(320,'sraoult8v',_binary 'tsBAGmHQ\0\0\0\0\0\0\0\0\0\0\0\0\0\0\0\0\0\0\0\0\0\0\0\0\0\0\0\0\0\0\0\0\0\0\0\0\0\0\0\0\0\0\0\0\0\0\0\0\0\0\0\0'),(321,'hclausenthue8w',_binary 'tc2my8Z\0\0\0\0\0\0\0\0\0\0\0\0\0\0\0\0\0\0\0\0\0\0\0\0\0\0\0\0\0\0\0\0\0\0\0\0\0\0\0\0\0\0\0\0\0\0\0\0\0\0\0\0\0'),(322,'llenihan8x',_binary 'hDL8acc8aa8u\0\0\0\0\0\0\0\0\0\0\0\0\0\0\0\0\0\0\0\0\0\0\0\0\0\0\0\0\0\0\0\0\0\0\0\0\0\0\0\0\0\0\0\0\0\0\0\0'),(323,'lpinilla8y',_binary 'KUbsTmbldW\0\0\0\0\0\0\0\0\0\0\0\0\0\0\0\0\0\0\0\0\0\0\0\0\0\0\0\0\0\0\0\0\0\0\0\0\0\0\0\0\0\0\0\0\0\0\0\0\0\0'),(324,'nwoodgate8z',_binary '68HkOOg3h\0\0\0\0\0\0\0\0\0\0\0\0\0\0\0\0\0\0\0\0\0\0\0\0\0\0\0\0\0\0\0\0\0\0\0\0\0\0\0\0\0\0\0\0\0\0\0\0\0\0\0'),(325,'dcunniff90',_binary 'dRYMTU\0\0\0\0\0\0\0\0\0\0\0\0\0\0\0\0\0\0\0\0\0\0\0\0\0\0\0\0\0\0\0\0\0\0\0\0\0\0\0\0\0\0\0\0\0\0\0\0\0\0\0\0\0\0'),(326,'egillbey91',_binary 'nrmrHAp3d8Rk\0\0\0\0\0\0\0\0\0\0\0\0\0\0\0\0\0\0\0\0\0\0\0\0\0\0\0\0\0\0\0\0\0\0\0\0\0\0\0\0\0\0\0\0\0\0\0\0'),(327,'truller92',_binary 'dBUPIZqLiaWX\0\0\0\0\0\0\0\0\0\0\0\0\0\0\0\0\0\0\0\0\0\0\0\0\0\0\0\0\0\0\0\0\0\0\0\0\0\0\0\0\0\0\0\0\0\0\0\0'),(328,'jpearse93',_binary 'qqLFGtj\0\0\0\0\0\0\0\0\0\0\0\0\0\0\0\0\0\0\0\0\0\0\0\0\0\0\0\0\0\0\0\0\0\0\0\0\0\0\0\0\0\0\0\0\0\0\0\0\0\0\0\0\0'),(329,'csyalvester94',_binary 'BnoNs5vw9b\0\0\0\0\0\0\0\0\0\0\0\0\0\0\0\0\0\0\0\0\0\0\0\0\0\0\0\0\0\0\0\0\0\0\0\0\0\0\0\0\0\0\0\0\0\0\0\0\0\0'),(330,'tcarsey95',_binary '50e6lVpYt\0\0\0\0\0\0\0\0\0\0\0\0\0\0\0\0\0\0\0\0\0\0\0\0\0\0\0\0\0\0\0\0\0\0\0\0\0\0\0\0\0\0\0\0\0\0\0\0\0\0\0'),(331,'mgarnett96',_binary 'vQo8nrLj5rs\0\0\0\0\0\0\0\0\0\0\0\0\0\0\0\0\0\0\0\0\0\0\0\0\0\0\0\0\0\0\0\0\0\0\0\0\0\0\0\0\0\0\0\0\0\0\0\0\0'),(332,'rgravenell97',_binary 'qsI40wXf\0\0\0\0\0\0\0\0\0\0\0\0\0\0\0\0\0\0\0\0\0\0\0\0\0\0\0\0\0\0\0\0\0\0\0\0\0\0\0\0\0\0\0\0\0\0\0\0\0\0\0\0'),(333,'jhallick98',_binary '0VtsMy\0\0\0\0\0\0\0\0\0\0\0\0\0\0\0\0\0\0\0\0\0\0\0\0\0\0\0\0\0\0\0\0\0\0\0\0\0\0\0\0\0\0\0\0\0\0\0\0\0\0\0\0\0\0'),(334,'kclurow99',_binary '8fnzLubZZ9\0\0\0\0\0\0\0\0\0\0\0\0\0\0\0\0\0\0\0\0\0\0\0\0\0\0\0\0\0\0\0\0\0\0\0\0\0\0\0\0\0\0\0\0\0\0\0\0\0\0'),(335,'snegro9a',_binary 'bakORCE5mFl\0\0\0\0\0\0\0\0\0\0\0\0\0\0\0\0\0\0\0\0\0\0\0\0\0\0\0\0\0\0\0\0\0\0\0\0\0\0\0\0\0\0\0\0\0\0\0\0\0'),(336,'cblake9b',_binary 'ApsIwLtGuKZ0\0\0\0\0\0\0\0\0\0\0\0\0\0\0\0\0\0\0\0\0\0\0\0\0\0\0\0\0\0\0\0\0\0\0\0\0\0\0\0\0\0\0\0\0\0\0\0\0'),(337,'gblitz9c',_binary 'zzcZ6BnvGXc\0\0\0\0\0\0\0\0\0\0\0\0\0\0\0\0\0\0\0\0\0\0\0\0\0\0\0\0\0\0\0\0\0\0\0\0\0\0\0\0\0\0\0\0\0\0\0\0\0'),(338,'msaunders9d',_binary 'owlnNX\0\0\0\0\0\0\0\0\0\0\0\0\0\0\0\0\0\0\0\0\0\0\0\0\0\0\0\0\0\0\0\0\0\0\0\0\0\0\0\0\0\0\0\0\0\0\0\0\0\0\0\0\0\0'),(339,'ahortop9e',_binary 'GtMHG9eyy\0\0\0\0\0\0\0\0\0\0\0\0\0\0\0\0\0\0\0\0\0\0\0\0\0\0\0\0\0\0\0\0\0\0\0\0\0\0\0\0\0\0\0\0\0\0\0\0\0\0\0'),(340,'swoolland9f',_binary 'wQCo4B1E4b\0\0\0\0\0\0\0\0\0\0\0\0\0\0\0\0\0\0\0\0\0\0\0\0\0\0\0\0\0\0\0\0\0\0\0\0\0\0\0\0\0\0\0\0\0\0\0\0\0\0'),(341,'rcourtese9g',_binary 'fFl3qPqN\0\0\0\0\0\0\0\0\0\0\0\0\0\0\0\0\0\0\0\0\0\0\0\0\0\0\0\0\0\0\0\0\0\0\0\0\0\0\0\0\0\0\0\0\0\0\0\0\0\0\0\0'),(342,'abandt9h',_binary '3RzrcH\0\0\0\0\0\0\0\0\0\0\0\0\0\0\0\0\0\0\0\0\0\0\0\0\0\0\0\0\0\0\0\0\0\0\0\0\0\0\0\0\0\0\0\0\0\0\0\0\0\0\0\0\0\0'),(343,'dgrimbleby9i',_binary 'GKUuUAP\0\0\0\0\0\0\0\0\0\0\0\0\0\0\0\0\0\0\0\0\0\0\0\0\0\0\0\0\0\0\0\0\0\0\0\0\0\0\0\0\0\0\0\0\0\0\0\0\0\0\0\0\0'),(344,'cdudin9j',_binary 'mF5e5rIqiq4H\0\0\0\0\0\0\0\0\0\0\0\0\0\0\0\0\0\0\0\0\0\0\0\0\0\0\0\0\0\0\0\0\0\0\0\0\0\0\0\0\0\0\0\0\0\0\0\0'),(345,'csambath9k',_binary '52jU97di\0\0\0\0\0\0\0\0\0\0\0\0\0\0\0\0\0\0\0\0\0\0\0\0\0\0\0\0\0\0\0\0\0\0\0\0\0\0\0\0\0\0\0\0\0\0\0\0\0\0\0\0'),(346,'lcurbishley9l',_binary '4DMo8KmIwfs\0\0\0\0\0\0\0\0\0\0\0\0\0\0\0\0\0\0\0\0\0\0\0\0\0\0\0\0\0\0\0\0\0\0\0\0\0\0\0\0\0\0\0\0\0\0\0\0\0'),(347,'pmajury9m',_binary 'jeOFnbRtT\0\0\0\0\0\0\0\0\0\0\0\0\0\0\0\0\0\0\0\0\0\0\0\0\0\0\0\0\0\0\0\0\0\0\0\0\0\0\0\0\0\0\0\0\0\0\0\0\0\0\0'),(348,'dbaddiley9n',_binary 'i8ktzJwb\0\0\0\0\0\0\0\0\0\0\0\0\0\0\0\0\0\0\0\0\0\0\0\0\0\0\0\0\0\0\0\0\0\0\0\0\0\0\0\0\0\0\0\0\0\0\0\0\0\0\0\0'),(349,'ahamments9o',_binary 'pumT7NCoOI8r\0\0\0\0\0\0\0\0\0\0\0\0\0\0\0\0\0\0\0\0\0\0\0\0\0\0\0\0\0\0\0\0\0\0\0\0\0\0\0\0\0\0\0\0\0\0\0\0'),(350,'pfraschetti9p',_binary 'k4NPtMwP\0\0\0\0\0\0\0\0\0\0\0\0\0\0\0\0\0\0\0\0\0\0\0\0\0\0\0\0\0\0\0\0\0\0\0\0\0\0\0\0\0\0\0\0\0\0\0\0\0\0\0\0'),(351,'jchurchley9q',_binary 'Vm8NWO0z3B\0\0\0\0\0\0\0\0\0\0\0\0\0\0\0\0\0\0\0\0\0\0\0\0\0\0\0\0\0\0\0\0\0\0\0\0\0\0\0\0\0\0\0\0\0\0\0\0\0\0'),(352,'etremblay9r',_binary 'v29I8I3K\0\0\0\0\0\0\0\0\0\0\0\0\0\0\0\0\0\0\0\0\0\0\0\0\0\0\0\0\0\0\0\0\0\0\0\0\0\0\0\0\0\0\0\0\0\0\0\0\0\0\0\0'),(353,'mtrevan9s',_binary 'co9swZTlnOB\0\0\0\0\0\0\0\0\0\0\0\0\0\0\0\0\0\0\0\0\0\0\0\0\0\0\0\0\0\0\0\0\0\0\0\0\0\0\0\0\0\0\0\0\0\0\0\0\0'),(354,'naskwith9t',_binary 'thccp8tpV\0\0\0\0\0\0\0\0\0\0\0\0\0\0\0\0\0\0\0\0\0\0\0\0\0\0\0\0\0\0\0\0\0\0\0\0\0\0\0\0\0\0\0\0\0\0\0\0\0\0\0'),(355,'mbattson9u',_binary 'ySrrqNr\0\0\0\0\0\0\0\0\0\0\0\0\0\0\0\0\0\0\0\0\0\0\0\0\0\0\0\0\0\0\0\0\0\0\0\0\0\0\0\0\0\0\0\0\0\0\0\0\0\0\0\0\0'),(356,'paleevy9v',_binary '9OkjHroS\0\0\0\0\0\0\0\0\0\0\0\0\0\0\0\0\0\0\0\0\0\0\0\0\0\0\0\0\0\0\0\0\0\0\0\0\0\0\0\0\0\0\0\0\0\0\0\0\0\0\0\0'),(357,'ealbisser9w',_binary 'iPkwOsht\0\0\0\0\0\0\0\0\0\0\0\0\0\0\0\0\0\0\0\0\0\0\0\0\0\0\0\0\0\0\0\0\0\0\0\0\0\0\0\0\0\0\0\0\0\0\0\0\0\0\0\0'),(358,'nbaybutt9x',_binary 'VrLvos\0\0\0\0\0\0\0\0\0\0\0\0\0\0\0\0\0\0\0\0\0\0\0\0\0\0\0\0\0\0\0\0\0\0\0\0\0\0\0\0\0\0\0\0\0\0\0\0\0\0\0\0\0\0'),(359,'ekerin9y',_binary 'D5D3UFS\0\0\0\0\0\0\0\0\0\0\0\0\0\0\0\0\0\0\0\0\0\0\0\0\0\0\0\0\0\0\0\0\0\0\0\0\0\0\0\0\0\0\0\0\0\0\0\0\0\0\0\0\0'),(360,'rball9z',_binary 'NRIMQH2\0\0\0\0\0\0\0\0\0\0\0\0\0\0\0\0\0\0\0\0\0\0\0\0\0\0\0\0\0\0\0\0\0\0\0\0\0\0\0\0\0\0\0\0\0\0\0\0\0\0\0\0\0'),(361,'wwithersa0',_binary 'P3XrgpqusmvJ\0\0\0\0\0\0\0\0\0\0\0\0\0\0\0\0\0\0\0\0\0\0\0\0\0\0\0\0\0\0\0\0\0\0\0\0\0\0\0\0\0\0\0\0\0\0\0\0'),(362,'dlandega1',_binary 'cDk7uVhS\0\0\0\0\0\0\0\0\0\0\0\0\0\0\0\0\0\0\0\0\0\0\0\0\0\0\0\0\0\0\0\0\0\0\0\0\0\0\0\0\0\0\0\0\0\0\0\0\0\0\0\0'),(363,'jcoatea2',_binary 'RExThRz3X\0\0\0\0\0\0\0\0\0\0\0\0\0\0\0\0\0\0\0\0\0\0\0\0\0\0\0\0\0\0\0\0\0\0\0\0\0\0\0\0\0\0\0\0\0\0\0\0\0\0\0'),(364,'hweatherburna3',_binary '1yYwszb\0\0\0\0\0\0\0\0\0\0\0\0\0\0\0\0\0\0\0\0\0\0\0\0\0\0\0\0\0\0\0\0\0\0\0\0\0\0\0\0\0\0\0\0\0\0\0\0\0\0\0\0\0'),(365,'ilonghorna4',_binary 'Qzoy7l\0\0\0\0\0\0\0\0\0\0\0\0\0\0\0\0\0\0\0\0\0\0\0\0\0\0\0\0\0\0\0\0\0\0\0\0\0\0\0\0\0\0\0\0\0\0\0\0\0\0\0\0\0\0'),(366,'wchatela5',_binary '5jTHXyF\0\0\0\0\0\0\0\0\0\0\0\0\0\0\0\0\0\0\0\0\0\0\0\0\0\0\0\0\0\0\0\0\0\0\0\0\0\0\0\0\0\0\0\0\0\0\0\0\0\0\0\0\0'),(367,'rgrinsteda6',_binary 'CHTp6ZWXp2\0\0\0\0\0\0\0\0\0\0\0\0\0\0\0\0\0\0\0\0\0\0\0\0\0\0\0\0\0\0\0\0\0\0\0\0\0\0\0\0\0\0\0\0\0\0\0\0\0\0'),(368,'mleggsa7',_binary '2vJxU9v66\0\0\0\0\0\0\0\0\0\0\0\0\0\0\0\0\0\0\0\0\0\0\0\0\0\0\0\0\0\0\0\0\0\0\0\0\0\0\0\0\0\0\0\0\0\0\0\0\0\0\0'),(369,'aelsaya8',_binary 'J4lCgg\0\0\0\0\0\0\0\0\0\0\0\0\0\0\0\0\0\0\0\0\0\0\0\0\0\0\0\0\0\0\0\0\0\0\0\0\0\0\0\0\0\0\0\0\0\0\0\0\0\0\0\0\0\0'),(370,'agregolottia9',_binary 'lo1fXFrjef\0\0\0\0\0\0\0\0\0\0\0\0\0\0\0\0\0\0\0\0\0\0\0\0\0\0\0\0\0\0\0\0\0\0\0\0\0\0\0\0\0\0\0\0\0\0\0\0\0\0'),(371,'skoschekaa',_binary 'f7I1faCzC4\0\0\0\0\0\0\0\0\0\0\0\0\0\0\0\0\0\0\0\0\0\0\0\0\0\0\0\0\0\0\0\0\0\0\0\0\0\0\0\0\0\0\0\0\0\0\0\0\0\0'),(372,'cpidduckab',_binary 'dQryPl\0\0\0\0\0\0\0\0\0\0\0\0\0\0\0\0\0\0\0\0\0\0\0\0\0\0\0\0\0\0\0\0\0\0\0\0\0\0\0\0\0\0\0\0\0\0\0\0\0\0\0\0\0\0'),(373,'bpaternosterac',_binary 'KHwbp3XPVi5\0\0\0\0\0\0\0\0\0\0\0\0\0\0\0\0\0\0\0\0\0\0\0\0\0\0\0\0\0\0\0\0\0\0\0\0\0\0\0\0\0\0\0\0\0\0\0\0\0'),(374,'ckundertad',_binary 'MXl3yChBfJXq\0\0\0\0\0\0\0\0\0\0\0\0\0\0\0\0\0\0\0\0\0\0\0\0\0\0\0\0\0\0\0\0\0\0\0\0\0\0\0\0\0\0\0\0\0\0\0\0'),(375,'zrotlaufae',_binary '6jFzwpB\0\0\0\0\0\0\0\0\0\0\0\0\0\0\0\0\0\0\0\0\0\0\0\0\0\0\0\0\0\0\0\0\0\0\0\0\0\0\0\0\0\0\0\0\0\0\0\0\0\0\0\0\0'),(376,'jgrandissonaf',_binary 'pd5VuVp3\0\0\0\0\0\0\0\0\0\0\0\0\0\0\0\0\0\0\0\0\0\0\0\0\0\0\0\0\0\0\0\0\0\0\0\0\0\0\0\0\0\0\0\0\0\0\0\0\0\0\0\0'),(377,'laxworthyag',_binary '08cOBcFr\0\0\0\0\0\0\0\0\0\0\0\0\0\0\0\0\0\0\0\0\0\0\0\0\0\0\0\0\0\0\0\0\0\0\0\0\0\0\0\0\0\0\0\0\0\0\0\0\0\0\0\0'),(378,'vflayah',_binary 'uKg7Yz98lK\0\0\0\0\0\0\0\0\0\0\0\0\0\0\0\0\0\0\0\0\0\0\0\0\0\0\0\0\0\0\0\0\0\0\0\0\0\0\0\0\0\0\0\0\0\0\0\0\0\0'),(379,'fclineckai',_binary 'pEZxDN\0\0\0\0\0\0\0\0\0\0\0\0\0\0\0\0\0\0\0\0\0\0\0\0\0\0\0\0\0\0\0\0\0\0\0\0\0\0\0\0\0\0\0\0\0\0\0\0\0\0\0\0\0\0'),(380,'mkubeckaaj',_binary 'H3PTu01mS\0\0\0\0\0\0\0\0\0\0\0\0\0\0\0\0\0\0\0\0\0\0\0\0\0\0\0\0\0\0\0\0\0\0\0\0\0\0\0\0\0\0\0\0\0\0\0\0\0\0\0'),(381,'kfollitak',_binary 'yCa5er\0\0\0\0\0\0\0\0\0\0\0\0\0\0\0\0\0\0\0\0\0\0\0\0\0\0\0\0\0\0\0\0\0\0\0\0\0\0\0\0\0\0\0\0\0\0\0\0\0\0\0\0\0\0'),(382,'hguttridgeal',_binary '50uuwEUK\0\0\0\0\0\0\0\0\0\0\0\0\0\0\0\0\0\0\0\0\0\0\0\0\0\0\0\0\0\0\0\0\0\0\0\0\0\0\0\0\0\0\0\0\0\0\0\0\0\0\0\0'),(383,'gloeberam',_binary 'vEgkgq\0\0\0\0\0\0\0\0\0\0\0\0\0\0\0\0\0\0\0\0\0\0\0\0\0\0\0\0\0\0\0\0\0\0\0\0\0\0\0\0\0\0\0\0\0\0\0\0\0\0\0\0\0\0'),(384,'bsimonninan',_binary 'fjBYfVX\0\0\0\0\0\0\0\0\0\0\0\0\0\0\0\0\0\0\0\0\0\0\0\0\0\0\0\0\0\0\0\0\0\0\0\0\0\0\0\0\0\0\0\0\0\0\0\0\0\0\0\0\0'),(385,'sternottao',_binary 'MWJCov68Gb\0\0\0\0\0\0\0\0\0\0\0\0\0\0\0\0\0\0\0\0\0\0\0\0\0\0\0\0\0\0\0\0\0\0\0\0\0\0\0\0\0\0\0\0\0\0\0\0\0\0'),(386,'mferraresiap',_binary 'Nx11OON\0\0\0\0\0\0\0\0\0\0\0\0\0\0\0\0\0\0\0\0\0\0\0\0\0\0\0\0\0\0\0\0\0\0\0\0\0\0\0\0\0\0\0\0\0\0\0\0\0\0\0\0\0'),(387,'mcundeaq',_binary 'sjiZdX9iTvHF\0\0\0\0\0\0\0\0\0\0\0\0\0\0\0\0\0\0\0\0\0\0\0\0\0\0\0\0\0\0\0\0\0\0\0\0\0\0\0\0\0\0\0\0\0\0\0\0'),(388,'tolliffar',_binary 'DcJLNToS\0\0\0\0\0\0\0\0\0\0\0\0\0\0\0\0\0\0\0\0\0\0\0\0\0\0\0\0\0\0\0\0\0\0\0\0\0\0\0\0\0\0\0\0\0\0\0\0\0\0\0\0'),(389,'gswainas',_binary 'Ld1gxVIt0Jo\0\0\0\0\0\0\0\0\0\0\0\0\0\0\0\0\0\0\0\0\0\0\0\0\0\0\0\0\0\0\0\0\0\0\0\0\0\0\0\0\0\0\0\0\0\0\0\0\0'),(390,'aworsnopat',_binary 'e47IVyuf\0\0\0\0\0\0\0\0\0\0\0\0\0\0\0\0\0\0\0\0\0\0\0\0\0\0\0\0\0\0\0\0\0\0\0\0\0\0\0\0\0\0\0\0\0\0\0\0\0\0\0\0'),(391,'mwrotchfordau',_binary 'N6QqUJ3wofF\0\0\0\0\0\0\0\0\0\0\0\0\0\0\0\0\0\0\0\0\0\0\0\0\0\0\0\0\0\0\0\0\0\0\0\0\0\0\0\0\0\0\0\0\0\0\0\0\0'),(392,'walexanderssonav',_binary 'XlU8pERmKuoq\0\0\0\0\0\0\0\0\0\0\0\0\0\0\0\0\0\0\0\0\0\0\0\0\0\0\0\0\0\0\0\0\0\0\0\0\0\0\0\0\0\0\0\0\0\0\0\0'),(393,'cmalyanaw',_binary '2tAmPF\0\0\0\0\0\0\0\0\0\0\0\0\0\0\0\0\0\0\0\0\0\0\0\0\0\0\0\0\0\0\0\0\0\0\0\0\0\0\0\0\0\0\0\0\0\0\0\0\0\0\0\0\0\0'),(394,'gyvonax',_binary '9aoqjnbR\0\0\0\0\0\0\0\0\0\0\0\0\0\0\0\0\0\0\0\0\0\0\0\0\0\0\0\0\0\0\0\0\0\0\0\0\0\0\0\0\0\0\0\0\0\0\0\0\0\0\0\0'),(395,'lingallay',_binary 'MkXKrm61\0\0\0\0\0\0\0\0\0\0\0\0\0\0\0\0\0\0\0\0\0\0\0\0\0\0\0\0\0\0\0\0\0\0\0\0\0\0\0\0\0\0\0\0\0\0\0\0\0\0\0\0'),(396,'hgaitoneaz',_binary 'wz5M3sE5o6Ho\0\0\0\0\0\0\0\0\0\0\0\0\0\0\0\0\0\0\0\0\0\0\0\0\0\0\0\0\0\0\0\0\0\0\0\0\0\0\0\0\0\0\0\0\0\0\0\0'),(397,'skocheb0',_binary 'IJhrDJTf5\0\0\0\0\0\0\0\0\0\0\0\0\0\0\0\0\0\0\0\0\0\0\0\0\0\0\0\0\0\0\0\0\0\0\0\0\0\0\0\0\0\0\0\0\0\0\0\0\0\0\0'),(398,'swadelingb1',_binary '1YLYFH\0\0\0\0\0\0\0\0\0\0\0\0\0\0\0\0\0\0\0\0\0\0\0\0\0\0\0\0\0\0\0\0\0\0\0\0\0\0\0\0\0\0\0\0\0\0\0\0\0\0\0\0\0\0'),(399,'adowzellb2',_binary 'FTkjLmHW\0\0\0\0\0\0\0\0\0\0\0\0\0\0\0\0\0\0\0\0\0\0\0\0\0\0\0\0\0\0\0\0\0\0\0\0\0\0\0\0\0\0\0\0\0\0\0\0\0\0\0\0'),(400,'mtrenholmb3',_binary 'lzjeTusMi9\0\0\0\0\0\0\0\0\0\0\0\0\0\0\0\0\0\0\0\0\0\0\0\0\0\0\0\0\0\0\0\0\0\0\0\0\0\0\0\0\0\0\0\0\0\0\0\0\0\0'),(401,'mbercherb4',_binary 'QpdyPrdD763\0\0\0\0\0\0\0\0\0\0\0\0\0\0\0\0\0\0\0\0\0\0\0\0\0\0\0\0\0\0\0\0\0\0\0\0\0\0\0\0\0\0\0\0\0\0\0\0\0'),(402,'rguynemerb5',_binary 'sbJCFwU9aAP\0\0\0\0\0\0\0\0\0\0\0\0\0\0\0\0\0\0\0\0\0\0\0\0\0\0\0\0\0\0\0\0\0\0\0\0\0\0\0\0\0\0\0\0\0\0\0\0\0'),(403,'fonoulaneb6',_binary 'WblEus5KLSc\0\0\0\0\0\0\0\0\0\0\0\0\0\0\0\0\0\0\0\0\0\0\0\0\0\0\0\0\0\0\0\0\0\0\0\0\0\0\0\0\0\0\0\0\0\0\0\0\0'),(404,'dkingsworthb7',_binary 'MT0ur39\0\0\0\0\0\0\0\0\0\0\0\0\0\0\0\0\0\0\0\0\0\0\0\0\0\0\0\0\0\0\0\0\0\0\0\0\0\0\0\0\0\0\0\0\0\0\0\0\0\0\0\0\0'),(405,'ckenerb8',_binary '3kyhERN\0\0\0\0\0\0\0\0\0\0\0\0\0\0\0\0\0\0\0\0\0\0\0\0\0\0\0\0\0\0\0\0\0\0\0\0\0\0\0\0\0\0\0\0\0\0\0\0\0\0\0\0\0'),(406,'hguiduccib9',_binary 'mcuX2F\0\0\0\0\0\0\0\0\0\0\0\0\0\0\0\0\0\0\0\0\0\0\0\0\0\0\0\0\0\0\0\0\0\0\0\0\0\0\0\0\0\0\0\0\0\0\0\0\0\0\0\0\0\0'),(407,'ncaneoba',_binary 'QXfTdywU3iz\0\0\0\0\0\0\0\0\0\0\0\0\0\0\0\0\0\0\0\0\0\0\0\0\0\0\0\0\0\0\0\0\0\0\0\0\0\0\0\0\0\0\0\0\0\0\0\0\0'),(408,'ahoferbb',_binary 'uL1U5tFK\0\0\0\0\0\0\0\0\0\0\0\0\0\0\0\0\0\0\0\0\0\0\0\0\0\0\0\0\0\0\0\0\0\0\0\0\0\0\0\0\0\0\0\0\0\0\0\0\0\0\0\0'),(409,'poconorbc',_binary '9tvkSFqX\0\0\0\0\0\0\0\0\0\0\0\0\0\0\0\0\0\0\0\0\0\0\0\0\0\0\0\0\0\0\0\0\0\0\0\0\0\0\0\0\0\0\0\0\0\0\0\0\0\0\0\0'),(410,'rhenninghambd',_binary 'ZvyFzmhOcKpA\0\0\0\0\0\0\0\0\0\0\0\0\0\0\0\0\0\0\0\0\0\0\0\0\0\0\0\0\0\0\0\0\0\0\0\0\0\0\0\0\0\0\0\0\0\0\0\0'),(411,'vgogginsbe',_binary 'oEj0G5\0\0\0\0\0\0\0\0\0\0\0\0\0\0\0\0\0\0\0\0\0\0\0\0\0\0\0\0\0\0\0\0\0\0\0\0\0\0\0\0\0\0\0\0\0\0\0\0\0\0\0\0\0\0'),(412,'mhallihanbf',_binary '7nTMorP\0\0\0\0\0\0\0\0\0\0\0\0\0\0\0\0\0\0\0\0\0\0\0\0\0\0\0\0\0\0\0\0\0\0\0\0\0\0\0\0\0\0\0\0\0\0\0\0\0\0\0\0\0'),(413,'vahernebg',_binary 'pZ0NNnVw\0\0\0\0\0\0\0\0\0\0\0\0\0\0\0\0\0\0\0\0\0\0\0\0\0\0\0\0\0\0\0\0\0\0\0\0\0\0\0\0\0\0\0\0\0\0\0\0\0\0\0\0'),(414,'hkebellbh',_binary 'a1gmGt5hc\0\0\0\0\0\0\0\0\0\0\0\0\0\0\0\0\0\0\0\0\0\0\0\0\0\0\0\0\0\0\0\0\0\0\0\0\0\0\0\0\0\0\0\0\0\0\0\0\0\0\0'),(415,'jizkovicibi',_binary 'aRMH7Fo5t2W2\0\0\0\0\0\0\0\0\0\0\0\0\0\0\0\0\0\0\0\0\0\0\0\0\0\0\0\0\0\0\0\0\0\0\0\0\0\0\0\0\0\0\0\0\0\0\0\0'),(416,'kglasnerbj',_binary 'i3w0AXzIQf\0\0\0\0\0\0\0\0\0\0\0\0\0\0\0\0\0\0\0\0\0\0\0\0\0\0\0\0\0\0\0\0\0\0\0\0\0\0\0\0\0\0\0\0\0\0\0\0\0\0'),(417,'llamortbk',_binary '67eWRvxfj\0\0\0\0\0\0\0\0\0\0\0\0\0\0\0\0\0\0\0\0\0\0\0\0\0\0\0\0\0\0\0\0\0\0\0\0\0\0\0\0\0\0\0\0\0\0\0\0\0\0\0'),(418,'rlyffebl',_binary 'l6ca89L\0\0\0\0\0\0\0\0\0\0\0\0\0\0\0\0\0\0\0\0\0\0\0\0\0\0\0\0\0\0\0\0\0\0\0\0\0\0\0\0\0\0\0\0\0\0\0\0\0\0\0\0\0'),(419,'rsegoebm',_binary '2bcEH71zHii1\0\0\0\0\0\0\0\0\0\0\0\0\0\0\0\0\0\0\0\0\0\0\0\0\0\0\0\0\0\0\0\0\0\0\0\0\0\0\0\0\0\0\0\0\0\0\0\0'),(420,'mdowderswellbn',_binary 'L64NHZD0BId2\0\0\0\0\0\0\0\0\0\0\0\0\0\0\0\0\0\0\0\0\0\0\0\0\0\0\0\0\0\0\0\0\0\0\0\0\0\0\0\0\0\0\0\0\0\0\0\0'),(421,'adoullbo',_binary 'd8T85Q1De\0\0\0\0\0\0\0\0\0\0\0\0\0\0\0\0\0\0\0\0\0\0\0\0\0\0\0\0\0\0\0\0\0\0\0\0\0\0\0\0\0\0\0\0\0\0\0\0\0\0\0'),(422,'umessentbp',_binary 'rcnCBN6E9\0\0\0\0\0\0\0\0\0\0\0\0\0\0\0\0\0\0\0\0\0\0\0\0\0\0\0\0\0\0\0\0\0\0\0\0\0\0\0\0\0\0\0\0\0\0\0\0\0\0\0'),(423,'rgilloranbq',_binary 'famxXsy8BN\0\0\0\0\0\0\0\0\0\0\0\0\0\0\0\0\0\0\0\0\0\0\0\0\0\0\0\0\0\0\0\0\0\0\0\0\0\0\0\0\0\0\0\0\0\0\0\0\0\0'),(424,'gtownrowbr',_binary 'urwDdrNITp\0\0\0\0\0\0\0\0\0\0\0\0\0\0\0\0\0\0\0\0\0\0\0\0\0\0\0\0\0\0\0\0\0\0\0\0\0\0\0\0\0\0\0\0\0\0\0\0\0\0'),(425,'gmaidmentbs',_binary 'UFYiJcak\0\0\0\0\0\0\0\0\0\0\0\0\0\0\0\0\0\0\0\0\0\0\0\0\0\0\0\0\0\0\0\0\0\0\0\0\0\0\0\0\0\0\0\0\0\0\0\0\0\0\0\0'),(426,'jcasirolibt',_binary 'hTrjuIpP\0\0\0\0\0\0\0\0\0\0\0\0\0\0\0\0\0\0\0\0\0\0\0\0\0\0\0\0\0\0\0\0\0\0\0\0\0\0\0\0\0\0\0\0\0\0\0\0\0\0\0\0'),(427,'dtombsbu',_binary 'dA8tnyG\0\0\0\0\0\0\0\0\0\0\0\0\0\0\0\0\0\0\0\0\0\0\0\0\0\0\0\0\0\0\0\0\0\0\0\0\0\0\0\0\0\0\0\0\0\0\0\0\0\0\0\0\0'),(428,'ztarplybv',_binary 'PR3lso\0\0\0\0\0\0\0\0\0\0\0\0\0\0\0\0\0\0\0\0\0\0\0\0\0\0\0\0\0\0\0\0\0\0\0\0\0\0\0\0\0\0\0\0\0\0\0\0\0\0\0\0\0\0'),(429,'jnelthropbw',_binary 'JH39oe\0\0\0\0\0\0\0\0\0\0\0\0\0\0\0\0\0\0\0\0\0\0\0\0\0\0\0\0\0\0\0\0\0\0\0\0\0\0\0\0\0\0\0\0\0\0\0\0\0\0\0\0\0\0'),(430,'rmacconnellbx',_binary 'Zqu1wv5F\0\0\0\0\0\0\0\0\0\0\0\0\0\0\0\0\0\0\0\0\0\0\0\0\0\0\0\0\0\0\0\0\0\0\0\0\0\0\0\0\0\0\0\0\0\0\0\0\0\0\0\0'),(431,'cmerrellby',_binary 'sVjKIlRc2c\0\0\0\0\0\0\0\0\0\0\0\0\0\0\0\0\0\0\0\0\0\0\0\0\0\0\0\0\0\0\0\0\0\0\0\0\0\0\0\0\0\0\0\0\0\0\0\0\0\0'),(432,'mfrielbz',_binary 'FVLRQWFU6m\0\0\0\0\0\0\0\0\0\0\0\0\0\0\0\0\0\0\0\0\0\0\0\0\0\0\0\0\0\0\0\0\0\0\0\0\0\0\0\0\0\0\0\0\0\0\0\0\0\0'),(433,'fhodjettsc0',_binary 'Da9uDACx0\0\0\0\0\0\0\0\0\0\0\0\0\0\0\0\0\0\0\0\0\0\0\0\0\0\0\0\0\0\0\0\0\0\0\0\0\0\0\0\0\0\0\0\0\0\0\0\0\0\0\0'),(434,'mwoodvinec1',_binary 'C2YX5KHQ\0\0\0\0\0\0\0\0\0\0\0\0\0\0\0\0\0\0\0\0\0\0\0\0\0\0\0\0\0\0\0\0\0\0\0\0\0\0\0\0\0\0\0\0\0\0\0\0\0\0\0\0'),(435,'dhounsomec2',_binary '4unFA4Y\0\0\0\0\0\0\0\0\0\0\0\0\0\0\0\0\0\0\0\0\0\0\0\0\0\0\0\0\0\0\0\0\0\0\0\0\0\0\0\0\0\0\0\0\0\0\0\0\0\0\0\0\0'),(436,'sparkinsonc3',_binary 'Jgf0Uw\0\0\0\0\0\0\0\0\0\0\0\0\0\0\0\0\0\0\0\0\0\0\0\0\0\0\0\0\0\0\0\0\0\0\0\0\0\0\0\0\0\0\0\0\0\0\0\0\0\0\0\0\0\0'),(437,'rmolinec4',_binary 'VQaFQzyHYl1\0\0\0\0\0\0\0\0\0\0\0\0\0\0\0\0\0\0\0\0\0\0\0\0\0\0\0\0\0\0\0\0\0\0\0\0\0\0\0\0\0\0\0\0\0\0\0\0\0'),(438,'rchampionc5',_binary 'HQ4D8j\0\0\0\0\0\0\0\0\0\0\0\0\0\0\0\0\0\0\0\0\0\0\0\0\0\0\0\0\0\0\0\0\0\0\0\0\0\0\0\0\0\0\0\0\0\0\0\0\0\0\0\0\0\0'),(439,'ecrookstonc6',_binary 'gTuQ8fY\0\0\0\0\0\0\0\0\0\0\0\0\0\0\0\0\0\0\0\0\0\0\0\0\0\0\0\0\0\0\0\0\0\0\0\0\0\0\0\0\0\0\0\0\0\0\0\0\0\0\0\0\0'),(440,'anannettic7',_binary '1L5yomM\0\0\0\0\0\0\0\0\0\0\0\0\0\0\0\0\0\0\0\0\0\0\0\0\0\0\0\0\0\0\0\0\0\0\0\0\0\0\0\0\0\0\0\0\0\0\0\0\0\0\0\0\0'),(441,'pelfec8',_binary '6tsTO4whY4\0\0\0\0\0\0\0\0\0\0\0\0\0\0\0\0\0\0\0\0\0\0\0\0\0\0\0\0\0\0\0\0\0\0\0\0\0\0\0\0\0\0\0\0\0\0\0\0\0\0'),(442,'afeaveerc9',_binary 'Ghr6NibC\0\0\0\0\0\0\0\0\0\0\0\0\0\0\0\0\0\0\0\0\0\0\0\0\0\0\0\0\0\0\0\0\0\0\0\0\0\0\0\0\0\0\0\0\0\0\0\0\0\0\0\0'),(443,'zklempkeca',_binary 'f01zwemQq\0\0\0\0\0\0\0\0\0\0\0\0\0\0\0\0\0\0\0\0\0\0\0\0\0\0\0\0\0\0\0\0\0\0\0\0\0\0\0\0\0\0\0\0\0\0\0\0\0\0\0'),(444,'tarnoldicb',_binary '8gCMQinSb6SC\0\0\0\0\0\0\0\0\0\0\0\0\0\0\0\0\0\0\0\0\0\0\0\0\0\0\0\0\0\0\0\0\0\0\0\0\0\0\0\0\0\0\0\0\0\0\0\0'),(445,'ainsworthcc',_binary 'n4PpJyuK\0\0\0\0\0\0\0\0\0\0\0\0\0\0\0\0\0\0\0\0\0\0\0\0\0\0\0\0\0\0\0\0\0\0\0\0\0\0\0\0\0\0\0\0\0\0\0\0\0\0\0\0'),(446,'mculpincd',_binary 'KsCBIStAkoH\0\0\0\0\0\0\0\0\0\0\0\0\0\0\0\0\0\0\0\0\0\0\0\0\0\0\0\0\0\0\0\0\0\0\0\0\0\0\0\0\0\0\0\0\0\0\0\0\0'),(447,'hgutmance',_binary 'SvrzN4ky\0\0\0\0\0\0\0\0\0\0\0\0\0\0\0\0\0\0\0\0\0\0\0\0\0\0\0\0\0\0\0\0\0\0\0\0\0\0\0\0\0\0\0\0\0\0\0\0\0\0\0\0'),(448,'cnorkuttcf',_binary 'aidT8X\0\0\0\0\0\0\0\0\0\0\0\0\0\0\0\0\0\0\0\0\0\0\0\0\0\0\0\0\0\0\0\0\0\0\0\0\0\0\0\0\0\0\0\0\0\0\0\0\0\0\0\0\0\0'),(449,'whaircg',_binary 'HoVDoDLVka\0\0\0\0\0\0\0\0\0\0\0\0\0\0\0\0\0\0\0\0\0\0\0\0\0\0\0\0\0\0\0\0\0\0\0\0\0\0\0\0\0\0\0\0\0\0\0\0\0\0'),(450,'rnewgroshch',_binary 'Skubr4k4OUe\0\0\0\0\0\0\0\0\0\0\0\0\0\0\0\0\0\0\0\0\0\0\0\0\0\0\0\0\0\0\0\0\0\0\0\0\0\0\0\0\0\0\0\0\0\0\0\0\0'),(451,'ybaldingci',_binary 'sVU6R6we0\0\0\0\0\0\0\0\0\0\0\0\0\0\0\0\0\0\0\0\0\0\0\0\0\0\0\0\0\0\0\0\0\0\0\0\0\0\0\0\0\0\0\0\0\0\0\0\0\0\0\0'),(452,'bblakslandcj',_binary 'vkEXQ94rOP\0\0\0\0\0\0\0\0\0\0\0\0\0\0\0\0\0\0\0\0\0\0\0\0\0\0\0\0\0\0\0\0\0\0\0\0\0\0\0\0\0\0\0\0\0\0\0\0\0\0'),(453,'gwarrellck',_binary 'NB4vRAeBiBJ\0\0\0\0\0\0\0\0\0\0\0\0\0\0\0\0\0\0\0\0\0\0\0\0\0\0\0\0\0\0\0\0\0\0\0\0\0\0\0\0\0\0\0\0\0\0\0\0\0'),(454,'rhardancl',_binary 'bv8qzN\0\0\0\0\0\0\0\0\0\0\0\0\0\0\0\0\0\0\0\0\0\0\0\0\0\0\0\0\0\0\0\0\0\0\0\0\0\0\0\0\0\0\0\0\0\0\0\0\0\0\0\0\0\0'),(455,'jleyninyecm',_binary 'U5KlyaoOU\0\0\0\0\0\0\0\0\0\0\0\0\0\0\0\0\0\0\0\0\0\0\0\0\0\0\0\0\0\0\0\0\0\0\0\0\0\0\0\0\0\0\0\0\0\0\0\0\0\0\0'),(456,'dcohalancn',_binary 'oPuCUiL\0\0\0\0\0\0\0\0\0\0\0\0\0\0\0\0\0\0\0\0\0\0\0\0\0\0\0\0\0\0\0\0\0\0\0\0\0\0\0\0\0\0\0\0\0\0\0\0\0\0\0\0\0'),(457,'ahimsworthco',_binary 'LtwvDWGtPai\0\0\0\0\0\0\0\0\0\0\0\0\0\0\0\0\0\0\0\0\0\0\0\0\0\0\0\0\0\0\0\0\0\0\0\0\0\0\0\0\0\0\0\0\0\0\0\0\0'),(458,'gveldstracp',_binary '3Weoqa6c\0\0\0\0\0\0\0\0\0\0\0\0\0\0\0\0\0\0\0\0\0\0\0\0\0\0\0\0\0\0\0\0\0\0\0\0\0\0\0\0\0\0\0\0\0\0\0\0\0\0\0\0'),(459,'aannoncq',_binary 'v9P5c469CQ0Q\0\0\0\0\0\0\0\0\0\0\0\0\0\0\0\0\0\0\0\0\0\0\0\0\0\0\0\0\0\0\0\0\0\0\0\0\0\0\0\0\0\0\0\0\0\0\0\0'),(460,'mgeorgiadescr',_binary '7CafoeWw\0\0\0\0\0\0\0\0\0\0\0\0\0\0\0\0\0\0\0\0\0\0\0\0\0\0\0\0\0\0\0\0\0\0\0\0\0\0\0\0\0\0\0\0\0\0\0\0\0\0\0\0'),(461,'lbiercs',_binary 'F1Z1helMotfJ\0\0\0\0\0\0\0\0\0\0\0\0\0\0\0\0\0\0\0\0\0\0\0\0\0\0\0\0\0\0\0\0\0\0\0\0\0\0\0\0\0\0\0\0\0\0\0\0'),(462,'rpaulilloct',_binary 'huHmReYhAzRX\0\0\0\0\0\0\0\0\0\0\0\0\0\0\0\0\0\0\0\0\0\0\0\0\0\0\0\0\0\0\0\0\0\0\0\0\0\0\0\0\0\0\0\0\0\0\0\0'),(463,'jmaxworthycu',_binary 'RyAPSmC0ijS\0\0\0\0\0\0\0\0\0\0\0\0\0\0\0\0\0\0\0\0\0\0\0\0\0\0\0\0\0\0\0\0\0\0\0\0\0\0\0\0\0\0\0\0\0\0\0\0\0'),(464,'sclaissecv',_binary 'qTM7v4k\0\0\0\0\0\0\0\0\0\0\0\0\0\0\0\0\0\0\0\0\0\0\0\0\0\0\0\0\0\0\0\0\0\0\0\0\0\0\0\0\0\0\0\0\0\0\0\0\0\0\0\0\0'),(465,'vragbornecw',_binary '3SURY815\0\0\0\0\0\0\0\0\0\0\0\0\0\0\0\0\0\0\0\0\0\0\0\0\0\0\0\0\0\0\0\0\0\0\0\0\0\0\0\0\0\0\0\0\0\0\0\0\0\0\0\0'),(466,'evanderbeekcx',_binary 'coXlpkvzsz3V\0\0\0\0\0\0\0\0\0\0\0\0\0\0\0\0\0\0\0\0\0\0\0\0\0\0\0\0\0\0\0\0\0\0\0\0\0\0\0\0\0\0\0\0\0\0\0\0'),(467,'ideclerccy',_binary '3cA7K9oQ\0\0\0\0\0\0\0\0\0\0\0\0\0\0\0\0\0\0\0\0\0\0\0\0\0\0\0\0\0\0\0\0\0\0\0\0\0\0\0\0\0\0\0\0\0\0\0\0\0\0\0\0'),(468,'gcousanscz',_binary 'ZkYHbS\0\0\0\0\0\0\0\0\0\0\0\0\0\0\0\0\0\0\0\0\0\0\0\0\0\0\0\0\0\0\0\0\0\0\0\0\0\0\0\0\0\0\0\0\0\0\0\0\0\0\0\0\0\0'),(469,'caddessd0',_binary 'ntxj4PesJ4\0\0\0\0\0\0\0\0\0\0\0\0\0\0\0\0\0\0\0\0\0\0\0\0\0\0\0\0\0\0\0\0\0\0\0\0\0\0\0\0\0\0\0\0\0\0\0\0\0\0'),(470,'gbrendishd1',_binary 'NZHYqu\0\0\0\0\0\0\0\0\0\0\0\0\0\0\0\0\0\0\0\0\0\0\0\0\0\0\0\0\0\0\0\0\0\0\0\0\0\0\0\0\0\0\0\0\0\0\0\0\0\0\0\0\0\0'),(471,'tcookesd2',_binary 'xCDLvmjzAu\0\0\0\0\0\0\0\0\0\0\0\0\0\0\0\0\0\0\0\0\0\0\0\0\0\0\0\0\0\0\0\0\0\0\0\0\0\0\0\0\0\0\0\0\0\0\0\0\0\0'),(472,'sstangod3',_binary 'Wkm1ujwNyj\0\0\0\0\0\0\0\0\0\0\0\0\0\0\0\0\0\0\0\0\0\0\0\0\0\0\0\0\0\0\0\0\0\0\0\0\0\0\0\0\0\0\0\0\0\0\0\0\0\0'),(473,'jmanserd4',_binary 'IAP8MCms8j\0\0\0\0\0\0\0\0\0\0\0\0\0\0\0\0\0\0\0\0\0\0\0\0\0\0\0\0\0\0\0\0\0\0\0\0\0\0\0\0\0\0\0\0\0\0\0\0\0\0'),(474,'kdriversd5',_binary 'BRyg9LILJ\0\0\0\0\0\0\0\0\0\0\0\0\0\0\0\0\0\0\0\0\0\0\0\0\0\0\0\0\0\0\0\0\0\0\0\0\0\0\0\0\0\0\0\0\0\0\0\0\0\0\0'),(475,'jyuilled6',_binary 'vhsUKdIVPjo\0\0\0\0\0\0\0\0\0\0\0\0\0\0\0\0\0\0\0\0\0\0\0\0\0\0\0\0\0\0\0\0\0\0\0\0\0\0\0\0\0\0\0\0\0\0\0\0\0'),(476,'lcalbaithed7',_binary 'N9BUs86LDT\0\0\0\0\0\0\0\0\0\0\0\0\0\0\0\0\0\0\0\0\0\0\0\0\0\0\0\0\0\0\0\0\0\0\0\0\0\0\0\0\0\0\0\0\0\0\0\0\0\0'),(477,'wdonwelld8',_binary 'PSGB9r\0\0\0\0\0\0\0\0\0\0\0\0\0\0\0\0\0\0\0\0\0\0\0\0\0\0\0\0\0\0\0\0\0\0\0\0\0\0\0\0\0\0\0\0\0\0\0\0\0\0\0\0\0\0'),(478,'vedwinsd9',_binary 'TTyzTX9O\0\0\0\0\0\0\0\0\0\0\0\0\0\0\0\0\0\0\0\0\0\0\0\0\0\0\0\0\0\0\0\0\0\0\0\0\0\0\0\0\0\0\0\0\0\0\0\0\0\0\0\0'),(479,'uolesenda',_binary 'Ydn7QWqTLt\0\0\0\0\0\0\0\0\0\0\0\0\0\0\0\0\0\0\0\0\0\0\0\0\0\0\0\0\0\0\0\0\0\0\0\0\0\0\0\0\0\0\0\0\0\0\0\0\0\0'),(480,'ahenrionotdb',_binary 'RiGJG0DmmoK\0\0\0\0\0\0\0\0\0\0\0\0\0\0\0\0\0\0\0\0\0\0\0\0\0\0\0\0\0\0\0\0\0\0\0\0\0\0\0\0\0\0\0\0\0\0\0\0\0'),(481,'jbeamentdc',_binary 'msPGvx\0\0\0\0\0\0\0\0\0\0\0\0\0\0\0\0\0\0\0\0\0\0\0\0\0\0\0\0\0\0\0\0\0\0\0\0\0\0\0\0\0\0\0\0\0\0\0\0\0\0\0\0\0\0'),(482,'cdurramdd',_binary 'xf4o4eN\0\0\0\0\0\0\0\0\0\0\0\0\0\0\0\0\0\0\0\0\0\0\0\0\0\0\0\0\0\0\0\0\0\0\0\0\0\0\0\0\0\0\0\0\0\0\0\0\0\0\0\0\0'),(483,'tflexmande',_binary '5ZQS3M3Frz\0\0\0\0\0\0\0\0\0\0\0\0\0\0\0\0\0\0\0\0\0\0\0\0\0\0\0\0\0\0\0\0\0\0\0\0\0\0\0\0\0\0\0\0\0\0\0\0\0\0'),(484,'nmalterdf',_binary 'SNt0pXiE\0\0\0\0\0\0\0\0\0\0\0\0\0\0\0\0\0\0\0\0\0\0\0\0\0\0\0\0\0\0\0\0\0\0\0\0\0\0\0\0\0\0\0\0\0\0\0\0\0\0\0\0'),(485,'mjeavondg',_binary 'aedE1fNmNX\0\0\0\0\0\0\0\0\0\0\0\0\0\0\0\0\0\0\0\0\0\0\0\0\0\0\0\0\0\0\0\0\0\0\0\0\0\0\0\0\0\0\0\0\0\0\0\0\0\0'),(486,'akillingbackdh',_binary 'x7hrZYZ2wl\0\0\0\0\0\0\0\0\0\0\0\0\0\0\0\0\0\0\0\0\0\0\0\0\0\0\0\0\0\0\0\0\0\0\0\0\0\0\0\0\0\0\0\0\0\0\0\0\0\0'),(487,'csoandi',_binary '4qcCFSB6G73\0\0\0\0\0\0\0\0\0\0\0\0\0\0\0\0\0\0\0\0\0\0\0\0\0\0\0\0\0\0\0\0\0\0\0\0\0\0\0\0\0\0\0\0\0\0\0\0\0'),(488,'ndevonportdj',_binary 'lY21ZzvyAc\0\0\0\0\0\0\0\0\0\0\0\0\0\0\0\0\0\0\0\0\0\0\0\0\0\0\0\0\0\0\0\0\0\0\0\0\0\0\0\0\0\0\0\0\0\0\0\0\0\0'),(489,'adadddk',_binary 'RMhO5I\0\0\0\0\0\0\0\0\0\0\0\0\0\0\0\0\0\0\0\0\0\0\0\0\0\0\0\0\0\0\0\0\0\0\0\0\0\0\0\0\0\0\0\0\0\0\0\0\0\0\0\0\0\0'),(490,'pquickendendl',_binary '5mI3kyW7z\0\0\0\0\0\0\0\0\0\0\0\0\0\0\0\0\0\0\0\0\0\0\0\0\0\0\0\0\0\0\0\0\0\0\0\0\0\0\0\0\0\0\0\0\0\0\0\0\0\0\0'),(491,'mmacdaiddm',_binary 'iNBzSzCw\0\0\0\0\0\0\0\0\0\0\0\0\0\0\0\0\0\0\0\0\0\0\0\0\0\0\0\0\0\0\0\0\0\0\0\0\0\0\0\0\0\0\0\0\0\0\0\0\0\0\0\0'),(492,'bgangedn',_binary 'tw6UoX4FW\0\0\0\0\0\0\0\0\0\0\0\0\0\0\0\0\0\0\0\0\0\0\0\0\0\0\0\0\0\0\0\0\0\0\0\0\0\0\0\0\0\0\0\0\0\0\0\0\0\0\0'),(493,'cvandrilldo',_binary 'w5i8Lvfs31\0\0\0\0\0\0\0\0\0\0\0\0\0\0\0\0\0\0\0\0\0\0\0\0\0\0\0\0\0\0\0\0\0\0\0\0\0\0\0\0\0\0\0\0\0\0\0\0\0\0'),(494,'gdungeedp',_binary 'e92TsWmq\0\0\0\0\0\0\0\0\0\0\0\0\0\0\0\0\0\0\0\0\0\0\0\0\0\0\0\0\0\0\0\0\0\0\0\0\0\0\0\0\0\0\0\0\0\0\0\0\0\0\0\0'),(495,'scopleydq',_binary 'DNeKDDc6RQ\0\0\0\0\0\0\0\0\0\0\0\0\0\0\0\0\0\0\0\0\0\0\0\0\0\0\0\0\0\0\0\0\0\0\0\0\0\0\0\0\0\0\0\0\0\0\0\0\0\0'),(496,'lgavedr',_binary '3ZOUCENRI\0\0\0\0\0\0\0\0\0\0\0\0\0\0\0\0\0\0\0\0\0\0\0\0\0\0\0\0\0\0\0\0\0\0\0\0\0\0\0\0\0\0\0\0\0\0\0\0\0\0\0'),(497,'bhoundsonds',_binary 'jRPoVtuJ\0\0\0\0\0\0\0\0\0\0\0\0\0\0\0\0\0\0\0\0\0\0\0\0\0\0\0\0\0\0\0\0\0\0\0\0\0\0\0\0\0\0\0\0\0\0\0\0\0\0\0\0'),(498,'bburdfielddt',_binary 'gOhGlIRf8p\0\0\0\0\0\0\0\0\0\0\0\0\0\0\0\0\0\0\0\0\0\0\0\0\0\0\0\0\0\0\0\0\0\0\0\0\0\0\0\0\0\0\0\0\0\0\0\0\0\0'),(499,'tpreddydu',_binary 'Cnd2WG68v\0\0\0\0\0\0\0\0\0\0\0\0\0\0\0\0\0\0\0\0\0\0\0\0\0\0\0\0\0\0\0\0\0\0\0\0\0\0\0\0\0\0\0\0\0\0\0\0\0\0\0'),(500,'ckinnarddv',_binary 'BeE9nuluMRcF\0\0\0\0\0\0\0\0\0\0\0\0\0\0\0\0\0\0\0\0\0\0\0\0\0\0\0\0\0\0\0\0\0\0\0\0\0\0\0\0\0\0\0\0\0\0\0\0'),(501,'wgoligherdw',_binary 'T8Vva81Vg8\0\0\0\0\0\0\0\0\0\0\0\0\0\0\0\0\0\0\0\0\0\0\0\0\0\0\0\0\0\0\0\0\0\0\0\0\0\0\0\0\0\0\0\0\0\0\0\0\0\0'),(502,'cdownedx',_binary 'mdKb4pvXLq\0\0\0\0\0\0\0\0\0\0\0\0\0\0\0\0\0\0\0\0\0\0\0\0\0\0\0\0\0\0\0\0\0\0\0\0\0\0\0\0\0\0\0\0\0\0\0\0\0\0'),(503,'msnoddendy',_binary 'tyr5pV5Tu7l3\0\0\0\0\0\0\0\0\0\0\0\0\0\0\0\0\0\0\0\0\0\0\0\0\0\0\0\0\0\0\0\0\0\0\0\0\0\0\0\0\0\0\0\0\0\0\0\0'),(504,'nhenriedz',_binary 'BkszOYv8\0\0\0\0\0\0\0\0\0\0\0\0\0\0\0\0\0\0\0\0\0\0\0\0\0\0\0\0\0\0\0\0\0\0\0\0\0\0\0\0\0\0\0\0\0\0\0\0\0\0\0\0'),(505,'zprobarte0',_binary 'KGYjcLX4Bb0T\0\0\0\0\0\0\0\0\0\0\0\0\0\0\0\0\0\0\0\0\0\0\0\0\0\0\0\0\0\0\0\0\0\0\0\0\0\0\0\0\0\0\0\0\0\0\0\0'),(506,'kjuliffe1',_binary 'OJf1imlIgZ\0\0\0\0\0\0\0\0\0\0\0\0\0\0\0\0\0\0\0\0\0\0\0\0\0\0\0\0\0\0\0\0\0\0\0\0\0\0\0\0\0\0\0\0\0\0\0\0\0\0'),(507,'dschrodere2',_binary '8Ojeqgyuwm\0\0\0\0\0\0\0\0\0\0\0\0\0\0\0\0\0\0\0\0\0\0\0\0\0\0\0\0\0\0\0\0\0\0\0\0\0\0\0\0\0\0\0\0\0\0\0\0\0\0'),(508,'rmarchingtone3',_binary 'OU1ffUnlIH\0\0\0\0\0\0\0\0\0\0\0\0\0\0\0\0\0\0\0\0\0\0\0\0\0\0\0\0\0\0\0\0\0\0\0\0\0\0\0\0\0\0\0\0\0\0\0\0\0\0'),(509,'jkoubue4',_binary 'yKeOmUVIJ8\0\0\0\0\0\0\0\0\0\0\0\0\0\0\0\0\0\0\0\0\0\0\0\0\0\0\0\0\0\0\0\0\0\0\0\0\0\0\0\0\0\0\0\0\0\0\0\0\0\0'),(510,'dblagdene5',_binary 'aLJBPes\0\0\0\0\0\0\0\0\0\0\0\0\0\0\0\0\0\0\0\0\0\0\0\0\0\0\0\0\0\0\0\0\0\0\0\0\0\0\0\0\0\0\0\0\0\0\0\0\0\0\0\0\0'),(511,'mmadigane6',_binary 'E1pmZQ\0\0\0\0\0\0\0\0\0\0\0\0\0\0\0\0\0\0\0\0\0\0\0\0\0\0\0\0\0\0\0\0\0\0\0\0\0\0\0\0\0\0\0\0\0\0\0\0\0\0\0\0\0\0'),(512,'gluarde7',_binary 'Pny5Qcyk\0\0\0\0\0\0\0\0\0\0\0\0\0\0\0\0\0\0\0\0\0\0\0\0\0\0\0\0\0\0\0\0\0\0\0\0\0\0\0\0\0\0\0\0\0\0\0\0\0\0\0\0'),(513,'qeaddye8',_binary 'ngHM5k\0\0\0\0\0\0\0\0\0\0\0\0\0\0\0\0\0\0\0\0\0\0\0\0\0\0\0\0\0\0\0\0\0\0\0\0\0\0\0\0\0\0\0\0\0\0\0\0\0\0\0\0\0\0'),(514,'ebaldoccie9',_binary 'di9XJZfRldr\0\0\0\0\0\0\0\0\0\0\0\0\0\0\0\0\0\0\0\0\0\0\0\0\0\0\0\0\0\0\0\0\0\0\0\0\0\0\0\0\0\0\0\0\0\0\0\0\0'),(515,'igappea',_binary 'pHTef3C\0\0\0\0\0\0\0\0\0\0\0\0\0\0\0\0\0\0\0\0\0\0\0\0\0\0\0\0\0\0\0\0\0\0\0\0\0\0\0\0\0\0\0\0\0\0\0\0\0\0\0\0\0'),(516,'elauritzeneb',_binary 'CMQxBYB\0\0\0\0\0\0\0\0\0\0\0\0\0\0\0\0\0\0\0\0\0\0\0\0\0\0\0\0\0\0\0\0\0\0\0\0\0\0\0\0\0\0\0\0\0\0\0\0\0\0\0\0\0'),(517,'hmunslowec',_binary 'S4m9euJ\0\0\0\0\0\0\0\0\0\0\0\0\0\0\0\0\0\0\0\0\0\0\0\0\0\0\0\0\0\0\0\0\0\0\0\0\0\0\0\0\0\0\0\0\0\0\0\0\0\0\0\0\0'),(518,'klobbed',_binary 'qQkh5F\0\0\0\0\0\0\0\0\0\0\0\0\0\0\0\0\0\0\0\0\0\0\0\0\0\0\0\0\0\0\0\0\0\0\0\0\0\0\0\0\0\0\0\0\0\0\0\0\0\0\0\0\0\0'),(519,'tlindee',_binary 'xfBTL1OpmA\0\0\0\0\0\0\0\0\0\0\0\0\0\0\0\0\0\0\0\0\0\0\0\0\0\0\0\0\0\0\0\0\0\0\0\0\0\0\0\0\0\0\0\0\0\0\0\0\0\0'),(520,'rbrambleef',_binary 'XAZS4a5sJzR\0\0\0\0\0\0\0\0\0\0\0\0\0\0\0\0\0\0\0\0\0\0\0\0\0\0\0\0\0\0\0\0\0\0\0\0\0\0\0\0\0\0\0\0\0\0\0\0\0'),(521,'bbamptoneg',_binary '3HCzIJj9VF\0\0\0\0\0\0\0\0\0\0\0\0\0\0\0\0\0\0\0\0\0\0\0\0\0\0\0\0\0\0\0\0\0\0\0\0\0\0\0\0\0\0\0\0\0\0\0\0\0\0'),(522,'ccunradieh',_binary 'KbRBcte\0\0\0\0\0\0\0\0\0\0\0\0\0\0\0\0\0\0\0\0\0\0\0\0\0\0\0\0\0\0\0\0\0\0\0\0\0\0\0\0\0\0\0\0\0\0\0\0\0\0\0\0\0'),(523,'djuschkaei',_binary 'RPMMbD3\0\0\0\0\0\0\0\0\0\0\0\0\0\0\0\0\0\0\0\0\0\0\0\0\0\0\0\0\0\0\0\0\0\0\0\0\0\0\0\0\0\0\0\0\0\0\0\0\0\0\0\0\0'),(524,'cmarkwelleyej',_binary 'FibSWzhPV\0\0\0\0\0\0\0\0\0\0\0\0\0\0\0\0\0\0\0\0\0\0\0\0\0\0\0\0\0\0\0\0\0\0\0\0\0\0\0\0\0\0\0\0\0\0\0\0\0\0\0'),(525,'vlamieek',_binary 'iQr5J3D\0\0\0\0\0\0\0\0\0\0\0\0\0\0\0\0\0\0\0\0\0\0\0\0\0\0\0\0\0\0\0\0\0\0\0\0\0\0\0\0\0\0\0\0\0\0\0\0\0\0\0\0\0'),(526,'bgaviniel',_binary 'tKwjPlaZc\0\0\0\0\0\0\0\0\0\0\0\0\0\0\0\0\0\0\0\0\0\0\0\0\0\0\0\0\0\0\0\0\0\0\0\0\0\0\0\0\0\0\0\0\0\0\0\0\0\0\0'),(527,'abrineem',_binary 'myeu2iymOl\0\0\0\0\0\0\0\0\0\0\0\0\0\0\0\0\0\0\0\0\0\0\0\0\0\0\0\0\0\0\0\0\0\0\0\0\0\0\0\0\0\0\0\0\0\0\0\0\0\0'),(528,'kbickleen',_binary '3L7rnFuOeyxM\0\0\0\0\0\0\0\0\0\0\0\0\0\0\0\0\0\0\0\0\0\0\0\0\0\0\0\0\0\0\0\0\0\0\0\0\0\0\0\0\0\0\0\0\0\0\0\0'),(529,'pdrowsfieldeo',_binary 'JKhrszWQ\0\0\0\0\0\0\0\0\0\0\0\0\0\0\0\0\0\0\0\0\0\0\0\0\0\0\0\0\0\0\0\0\0\0\0\0\0\0\0\0\0\0\0\0\0\0\0\0\0\0\0\0'),(530,'ateresiep',_binary 'G6UTlcwtn\0\0\0\0\0\0\0\0\0\0\0\0\0\0\0\0\0\0\0\0\0\0\0\0\0\0\0\0\0\0\0\0\0\0\0\0\0\0\0\0\0\0\0\0\0\0\0\0\0\0\0'),(531,'rzamboninieq',_binary 'EC47kx\0\0\0\0\0\0\0\0\0\0\0\0\0\0\0\0\0\0\0\0\0\0\0\0\0\0\0\0\0\0\0\0\0\0\0\0\0\0\0\0\0\0\0\0\0\0\0\0\0\0\0\0\0\0'),(532,'eschadeer',_binary 'wrTZ2s\0\0\0\0\0\0\0\0\0\0\0\0\0\0\0\0\0\0\0\0\0\0\0\0\0\0\0\0\0\0\0\0\0\0\0\0\0\0\0\0\0\0\0\0\0\0\0\0\0\0\0\0\0\0'),(533,'asueteres',_binary '85q0buAZQMsc\0\0\0\0\0\0\0\0\0\0\0\0\0\0\0\0\0\0\0\0\0\0\0\0\0\0\0\0\0\0\0\0\0\0\0\0\0\0\0\0\0\0\0\0\0\0\0\0'),(534,'afalkuset',_binary 'SbWetuk4\0\0\0\0\0\0\0\0\0\0\0\0\0\0\0\0\0\0\0\0\0\0\0\0\0\0\0\0\0\0\0\0\0\0\0\0\0\0\0\0\0\0\0\0\0\0\0\0\0\0\0\0'),(535,'aoehmeu',_binary 'ugG0kYG\0\0\0\0\0\0\0\0\0\0\0\0\0\0\0\0\0\0\0\0\0\0\0\0\0\0\0\0\0\0\0\0\0\0\0\0\0\0\0\0\0\0\0\0\0\0\0\0\0\0\0\0\0'),(536,'mbodemeaidev',_binary 'W4tjYDt\0\0\0\0\0\0\0\0\0\0\0\0\0\0\0\0\0\0\0\0\0\0\0\0\0\0\0\0\0\0\0\0\0\0\0\0\0\0\0\0\0\0\0\0\0\0\0\0\0\0\0\0\0'),(537,'lweinew',_binary '0QmfeqAG\0\0\0\0\0\0\0\0\0\0\0\0\0\0\0\0\0\0\0\0\0\0\0\0\0\0\0\0\0\0\0\0\0\0\0\0\0\0\0\0\0\0\0\0\0\0\0\0\0\0\0\0'),(538,'tglencrosex',_binary 'LI649zJneJmg\0\0\0\0\0\0\0\0\0\0\0\0\0\0\0\0\0\0\0\0\0\0\0\0\0\0\0\0\0\0\0\0\0\0\0\0\0\0\0\0\0\0\0\0\0\0\0\0'),(539,'trattenburyey',_binary 'fZoqhyIts\0\0\0\0\0\0\0\0\0\0\0\0\0\0\0\0\0\0\0\0\0\0\0\0\0\0\0\0\0\0\0\0\0\0\0\0\0\0\0\0\0\0\0\0\0\0\0\0\0\0\0'),(540,'lskellonez',_binary 'Ur8ZjfzfWyMN\0\0\0\0\0\0\0\0\0\0\0\0\0\0\0\0\0\0\0\0\0\0\0\0\0\0\0\0\0\0\0\0\0\0\0\0\0\0\0\0\0\0\0\0\0\0\0\0'),(541,'cedief0',_binary 'DqCDvh\0\0\0\0\0\0\0\0\0\0\0\0\0\0\0\0\0\0\0\0\0\0\0\0\0\0\0\0\0\0\0\0\0\0\0\0\0\0\0\0\0\0\0\0\0\0\0\0\0\0\0\0\0\0'),(542,'gchelleyf1',_binary 'iGoBYDh9rrU\0\0\0\0\0\0\0\0\0\0\0\0\0\0\0\0\0\0\0\0\0\0\0\0\0\0\0\0\0\0\0\0\0\0\0\0\0\0\0\0\0\0\0\0\0\0\0\0\0'),(543,'srevettf2',_binary 'AQiTBzw\0\0\0\0\0\0\0\0\0\0\0\0\0\0\0\0\0\0\0\0\0\0\0\0\0\0\0\0\0\0\0\0\0\0\0\0\0\0\0\0\0\0\0\0\0\0\0\0\0\0\0\0\0'),(544,'mceschif3',_binary 'pxkRikYp\0\0\0\0\0\0\0\0\0\0\0\0\0\0\0\0\0\0\0\0\0\0\0\0\0\0\0\0\0\0\0\0\0\0\0\0\0\0\0\0\0\0\0\0\0\0\0\0\0\0\0\0'),(545,'nmodenf4',_binary 'SrJJrA\0\0\0\0\0\0\0\0\0\0\0\0\0\0\0\0\0\0\0\0\0\0\0\0\0\0\0\0\0\0\0\0\0\0\0\0\0\0\0\0\0\0\0\0\0\0\0\0\0\0\0\0\0\0'),(546,'hwhitnellf5',_binary '16wZKAwk8\0\0\0\0\0\0\0\0\0\0\0\0\0\0\0\0\0\0\0\0\0\0\0\0\0\0\0\0\0\0\0\0\0\0\0\0\0\0\0\0\0\0\0\0\0\0\0\0\0\0\0'),(547,'scocozzaf6',_binary 'Te4XJtnY5k2k\0\0\0\0\0\0\0\0\0\0\0\0\0\0\0\0\0\0\0\0\0\0\0\0\0\0\0\0\0\0\0\0\0\0\0\0\0\0\0\0\0\0\0\0\0\0\0\0'),(548,'wworlandf7',_binary 'uBwoK6v6\0\0\0\0\0\0\0\0\0\0\0\0\0\0\0\0\0\0\0\0\0\0\0\0\0\0\0\0\0\0\0\0\0\0\0\0\0\0\0\0\0\0\0\0\0\0\0\0\0\0\0\0'),(549,'jsartonf8',_binary 'f8oZrQXUJtqI\0\0\0\0\0\0\0\0\0\0\0\0\0\0\0\0\0\0\0\0\0\0\0\0\0\0\0\0\0\0\0\0\0\0\0\0\0\0\0\0\0\0\0\0\0\0\0\0'),(550,'kwaplintonf9',_binary 'caXIAU5gDhg\0\0\0\0\0\0\0\0\0\0\0\0\0\0\0\0\0\0\0\0\0\0\0\0\0\0\0\0\0\0\0\0\0\0\0\0\0\0\0\0\0\0\0\0\0\0\0\0\0'),(551,'fbrumptonfa',_binary 'pb8XA5nU\0\0\0\0\0\0\0\0\0\0\0\0\0\0\0\0\0\0\0\0\0\0\0\0\0\0\0\0\0\0\0\0\0\0\0\0\0\0\0\0\0\0\0\0\0\0\0\0\0\0\0\0'),(552,'ckornilyevfb',_binary 'd3WNIsu8\0\0\0\0\0\0\0\0\0\0\0\0\0\0\0\0\0\0\0\0\0\0\0\0\0\0\0\0\0\0\0\0\0\0\0\0\0\0\0\0\0\0\0\0\0\0\0\0\0\0\0\0'),(553,'ealeksashinfc',_binary 'EM28XOPX\0\0\0\0\0\0\0\0\0\0\0\0\0\0\0\0\0\0\0\0\0\0\0\0\0\0\0\0\0\0\0\0\0\0\0\0\0\0\0\0\0\0\0\0\0\0\0\0\0\0\0\0'),(554,'jchazottefd',_binary 'ZHR5xm\0\0\0\0\0\0\0\0\0\0\0\0\0\0\0\0\0\0\0\0\0\0\0\0\0\0\0\0\0\0\0\0\0\0\0\0\0\0\0\0\0\0\0\0\0\0\0\0\0\0\0\0\0\0'),(555,'bclarafe',_binary '5dPOxkIEJ65c\0\0\0\0\0\0\0\0\0\0\0\0\0\0\0\0\0\0\0\0\0\0\0\0\0\0\0\0\0\0\0\0\0\0\0\0\0\0\0\0\0\0\0\0\0\0\0\0'),(556,'rbainsff',_binary 'W90fsO2WadbZ\0\0\0\0\0\0\0\0\0\0\0\0\0\0\0\0\0\0\0\0\0\0\0\0\0\0\0\0\0\0\0\0\0\0\0\0\0\0\0\0\0\0\0\0\0\0\0\0'),(557,'cdallasfg',_binary 'w1EKTrpPy\0\0\0\0\0\0\0\0\0\0\0\0\0\0\0\0\0\0\0\0\0\0\0\0\0\0\0\0\0\0\0\0\0\0\0\0\0\0\0\0\0\0\0\0\0\0\0\0\0\0\0'),(558,'abirkettfh',_binary 'leOPrR24hE\0\0\0\0\0\0\0\0\0\0\0\0\0\0\0\0\0\0\0\0\0\0\0\0\0\0\0\0\0\0\0\0\0\0\0\0\0\0\0\0\0\0\0\0\0\0\0\0\0\0'),(559,'grobertotfi',_binary '4ltBNmEbIA\0\0\0\0\0\0\0\0\0\0\0\0\0\0\0\0\0\0\0\0\0\0\0\0\0\0\0\0\0\0\0\0\0\0\0\0\0\0\0\0\0\0\0\0\0\0\0\0\0\0'),(560,'kbayldonfj',_binary 'M2eqOJYX6L\0\0\0\0\0\0\0\0\0\0\0\0\0\0\0\0\0\0\0\0\0\0\0\0\0\0\0\0\0\0\0\0\0\0\0\0\0\0\0\0\0\0\0\0\0\0\0\0\0\0'),(561,'bbusswellfk',_binary 'yzgnThicIV2U\0\0\0\0\0\0\0\0\0\0\0\0\0\0\0\0\0\0\0\0\0\0\0\0\0\0\0\0\0\0\0\0\0\0\0\0\0\0\0\0\0\0\0\0\0\0\0\0'),(562,'pizkovicifl',_binary 'QE7EbC\0\0\0\0\0\0\0\0\0\0\0\0\0\0\0\0\0\0\0\0\0\0\0\0\0\0\0\0\0\0\0\0\0\0\0\0\0\0\0\0\0\0\0\0\0\0\0\0\0\0\0\0\0\0'),(563,'gfrankowskifm',_binary 'Vbw76L\0\0\0\0\0\0\0\0\0\0\0\0\0\0\0\0\0\0\0\0\0\0\0\0\0\0\0\0\0\0\0\0\0\0\0\0\0\0\0\0\0\0\0\0\0\0\0\0\0\0\0\0\0\0'),(564,'thousonfn',_binary 'hM75tQx3zc5M\0\0\0\0\0\0\0\0\0\0\0\0\0\0\0\0\0\0\0\0\0\0\0\0\0\0\0\0\0\0\0\0\0\0\0\0\0\0\0\0\0\0\0\0\0\0\0\0'),(565,'wmoresidefo',_binary 'vR8dwTA\0\0\0\0\0\0\0\0\0\0\0\0\0\0\0\0\0\0\0\0\0\0\0\0\0\0\0\0\0\0\0\0\0\0\0\0\0\0\0\0\0\0\0\0\0\0\0\0\0\0\0\0\0'),(566,'ejoplinfp',_binary 'NYLS5C8upU\0\0\0\0\0\0\0\0\0\0\0\0\0\0\0\0\0\0\0\0\0\0\0\0\0\0\0\0\0\0\0\0\0\0\0\0\0\0\0\0\0\0\0\0\0\0\0\0\0\0'),(567,'bboustredfq',_binary 'xogRKK4BPaj2\0\0\0\0\0\0\0\0\0\0\0\0\0\0\0\0\0\0\0\0\0\0\0\0\0\0\0\0\0\0\0\0\0\0\0\0\0\0\0\0\0\0\0\0\0\0\0\0'),(568,'lmustonfr',_binary 'bG7DESTLbMMA\0\0\0\0\0\0\0\0\0\0\0\0\0\0\0\0\0\0\0\0\0\0\0\0\0\0\0\0\0\0\0\0\0\0\0\0\0\0\0\0\0\0\0\0\0\0\0\0'),(569,'jalfonsettofs',_binary 'D1MW6CH\0\0\0\0\0\0\0\0\0\0\0\0\0\0\0\0\0\0\0\0\0\0\0\0\0\0\0\0\0\0\0\0\0\0\0\0\0\0\0\0\0\0\0\0\0\0\0\0\0\0\0\0\0'),(570,'lbaniardft',_binary 'ubKRRVp1\0\0\0\0\0\0\0\0\0\0\0\0\0\0\0\0\0\0\0\0\0\0\0\0\0\0\0\0\0\0\0\0\0\0\0\0\0\0\0\0\0\0\0\0\0\0\0\0\0\0\0\0'),(571,'wansterfu',_binary 'LFxEca38\0\0\0\0\0\0\0\0\0\0\0\0\0\0\0\0\0\0\0\0\0\0\0\0\0\0\0\0\0\0\0\0\0\0\0\0\0\0\0\0\0\0\0\0\0\0\0\0\0\0\0\0'),(572,'rhullyfv',_binary 'rEJn4L5QT\0\0\0\0\0\0\0\0\0\0\0\0\0\0\0\0\0\0\0\0\0\0\0\0\0\0\0\0\0\0\0\0\0\0\0\0\0\0\0\0\0\0\0\0\0\0\0\0\0\0\0'),(573,'adoyfw',_binary 'LXWqKS\0\0\0\0\0\0\0\0\0\0\0\0\0\0\0\0\0\0\0\0\0\0\0\0\0\0\0\0\0\0\0\0\0\0\0\0\0\0\0\0\0\0\0\0\0\0\0\0\0\0\0\0\0\0'),(574,'vajeanfx',_binary 'AtzYaGinV\0\0\0\0\0\0\0\0\0\0\0\0\0\0\0\0\0\0\0\0\0\0\0\0\0\0\0\0\0\0\0\0\0\0\0\0\0\0\0\0\0\0\0\0\0\0\0\0\0\0\0'),(575,'rvodenfy',_binary '1I3FleF\0\0\0\0\0\0\0\0\0\0\0\0\0\0\0\0\0\0\0\0\0\0\0\0\0\0\0\0\0\0\0\0\0\0\0\0\0\0\0\0\0\0\0\0\0\0\0\0\0\0\0\0\0'),(576,'llademannfz',_binary 'XSNdSh9\0\0\0\0\0\0\0\0\0\0\0\0\0\0\0\0\0\0\0\0\0\0\0\0\0\0\0\0\0\0\0\0\0\0\0\0\0\0\0\0\0\0\0\0\0\0\0\0\0\0\0\0\0'),(577,'kemburyg0',_binary 'TQ4DFOq7HBN5\0\0\0\0\0\0\0\0\0\0\0\0\0\0\0\0\0\0\0\0\0\0\0\0\0\0\0\0\0\0\0\0\0\0\0\0\0\0\0\0\0\0\0\0\0\0\0\0'),(578,'lnotog1',_binary '9tVpbZ\0\0\0\0\0\0\0\0\0\0\0\0\0\0\0\0\0\0\0\0\0\0\0\0\0\0\0\0\0\0\0\0\0\0\0\0\0\0\0\0\0\0\0\0\0\0\0\0\0\0\0\0\0\0'),(579,'stoplingg2',_binary 'bFgkcHRF\0\0\0\0\0\0\0\0\0\0\0\0\0\0\0\0\0\0\0\0\0\0\0\0\0\0\0\0\0\0\0\0\0\0\0\0\0\0\0\0\0\0\0\0\0\0\0\0\0\0\0\0'),(580,'lavramovicg3',_binary 'iv1v7W66h1\0\0\0\0\0\0\0\0\0\0\0\0\0\0\0\0\0\0\0\0\0\0\0\0\0\0\0\0\0\0\0\0\0\0\0\0\0\0\0\0\0\0\0\0\0\0\0\0\0\0'),(581,'mpawsong4',_binary 'fxXubJAE0Nq3\0\0\0\0\0\0\0\0\0\0\0\0\0\0\0\0\0\0\0\0\0\0\0\0\0\0\0\0\0\0\0\0\0\0\0\0\0\0\0\0\0\0\0\0\0\0\0\0'),(582,'rfallensg5',_binary 'eD2uZM\0\0\0\0\0\0\0\0\0\0\0\0\0\0\0\0\0\0\0\0\0\0\0\0\0\0\0\0\0\0\0\0\0\0\0\0\0\0\0\0\0\0\0\0\0\0\0\0\0\0\0\0\0\0'),(583,'ngoddeng6',_binary 'OOIP1VmxMMaX\0\0\0\0\0\0\0\0\0\0\0\0\0\0\0\0\0\0\0\0\0\0\0\0\0\0\0\0\0\0\0\0\0\0\0\0\0\0\0\0\0\0\0\0\0\0\0\0'),(584,'lfranckg7',_binary 'JphwcK\0\0\0\0\0\0\0\0\0\0\0\0\0\0\0\0\0\0\0\0\0\0\0\0\0\0\0\0\0\0\0\0\0\0\0\0\0\0\0\0\0\0\0\0\0\0\0\0\0\0\0\0\0\0'),(585,'bgilpillang8',_binary 'UyudtK\0\0\0\0\0\0\0\0\0\0\0\0\0\0\0\0\0\0\0\0\0\0\0\0\0\0\0\0\0\0\0\0\0\0\0\0\0\0\0\0\0\0\0\0\0\0\0\0\0\0\0\0\0\0'),(586,'kmatijasevicg9',_binary 'zhX5M6VFB\0\0\0\0\0\0\0\0\0\0\0\0\0\0\0\0\0\0\0\0\0\0\0\0\0\0\0\0\0\0\0\0\0\0\0\0\0\0\0\0\0\0\0\0\0\0\0\0\0\0\0'),(587,'fvarfolomeevga',_binary 'gFi37U3eJQUW\0\0\0\0\0\0\0\0\0\0\0\0\0\0\0\0\0\0\0\0\0\0\0\0\0\0\0\0\0\0\0\0\0\0\0\0\0\0\0\0\0\0\0\0\0\0\0\0'),(588,'hdinckegb',_binary 'yJUoakFoUFnq\0\0\0\0\0\0\0\0\0\0\0\0\0\0\0\0\0\0\0\0\0\0\0\0\0\0\0\0\0\0\0\0\0\0\0\0\0\0\0\0\0\0\0\0\0\0\0\0'),(589,'pscophamgc',_binary 'aaslVxlC\0\0\0\0\0\0\0\0\0\0\0\0\0\0\0\0\0\0\0\0\0\0\0\0\0\0\0\0\0\0\0\0\0\0\0\0\0\0\0\0\0\0\0\0\0\0\0\0\0\0\0\0'),(590,'lmichingd',_binary 'BaWgTO07\0\0\0\0\0\0\0\0\0\0\0\0\0\0\0\0\0\0\0\0\0\0\0\0\0\0\0\0\0\0\0\0\0\0\0\0\0\0\0\0\0\0\0\0\0\0\0\0\0\0\0\0'),(591,'sfaderge',_binary 'EZIiQz02gt\0\0\0\0\0\0\0\0\0\0\0\0\0\0\0\0\0\0\0\0\0\0\0\0\0\0\0\0\0\0\0\0\0\0\0\0\0\0\0\0\0\0\0\0\0\0\0\0\0\0'),(592,'rwarretgf',_binary 'qziqj8810XpS\0\0\0\0\0\0\0\0\0\0\0\0\0\0\0\0\0\0\0\0\0\0\0\0\0\0\0\0\0\0\0\0\0\0\0\0\0\0\0\0\0\0\0\0\0\0\0\0'),(593,'kmatsellgg',_binary '54uHk8iq\0\0\0\0\0\0\0\0\0\0\0\0\0\0\0\0\0\0\0\0\0\0\0\0\0\0\0\0\0\0\0\0\0\0\0\0\0\0\0\0\0\0\0\0\0\0\0\0\0\0\0\0'),(594,'pneylongh',_binary 'hJLPrq0\0\0\0\0\0\0\0\0\0\0\0\0\0\0\0\0\0\0\0\0\0\0\0\0\0\0\0\0\0\0\0\0\0\0\0\0\0\0\0\0\0\0\0\0\0\0\0\0\0\0\0\0\0'),(595,'esouthangi',_binary 'Y4NagQRq9S\0\0\0\0\0\0\0\0\0\0\0\0\0\0\0\0\0\0\0\0\0\0\0\0\0\0\0\0\0\0\0\0\0\0\0\0\0\0\0\0\0\0\0\0\0\0\0\0\0\0'),(596,'klaffangj',_binary 'UgwhyWZUAst\0\0\0\0\0\0\0\0\0\0\0\0\0\0\0\0\0\0\0\0\0\0\0\0\0\0\0\0\0\0\0\0\0\0\0\0\0\0\0\0\0\0\0\0\0\0\0\0\0'),(597,'mclaveringgk',_binary 'GTeezDbkOXkL\0\0\0\0\0\0\0\0\0\0\0\0\0\0\0\0\0\0\0\0\0\0\0\0\0\0\0\0\0\0\0\0\0\0\0\0\0\0\0\0\0\0\0\0\0\0\0\0'),(598,'apudnergl',_binary '9mvXT1rba4\0\0\0\0\0\0\0\0\0\0\0\0\0\0\0\0\0\0\0\0\0\0\0\0\0\0\0\0\0\0\0\0\0\0\0\0\0\0\0\0\0\0\0\0\0\0\0\0\0\0'),(599,'bjakogm',_binary 'hMMBXkAIbe3o\0\0\0\0\0\0\0\0\0\0\0\0\0\0\0\0\0\0\0\0\0\0\0\0\0\0\0\0\0\0\0\0\0\0\0\0\0\0\0\0\0\0\0\0\0\0\0\0'),(600,'cshaylorgn',_binary 'lFR1u6jExv\0\0\0\0\0\0\0\0\0\0\0\0\0\0\0\0\0\0\0\0\0\0\0\0\0\0\0\0\0\0\0\0\0\0\0\0\0\0\0\0\0\0\0\0\0\0\0\0\0\0'),(601,'ceastburygo',_binary 'w907Ujk3cO\0\0\0\0\0\0\0\0\0\0\0\0\0\0\0\0\0\0\0\0\0\0\0\0\0\0\0\0\0\0\0\0\0\0\0\0\0\0\0\0\0\0\0\0\0\0\0\0\0\0'),(602,'vponcetgp',_binary '7DjONYD5iPB\0\0\0\0\0\0\0\0\0\0\0\0\0\0\0\0\0\0\0\0\0\0\0\0\0\0\0\0\0\0\0\0\0\0\0\0\0\0\0\0\0\0\0\0\0\0\0\0\0'),(603,'gbradegq',_binary 'rsuajiC5wDn4\0\0\0\0\0\0\0\0\0\0\0\0\0\0\0\0\0\0\0\0\0\0\0\0\0\0\0\0\0\0\0\0\0\0\0\0\0\0\0\0\0\0\0\0\0\0\0\0'),(604,'rgallegosgr',_binary 'KYrVQ0RZ\0\0\0\0\0\0\0\0\0\0\0\0\0\0\0\0\0\0\0\0\0\0\0\0\0\0\0\0\0\0\0\0\0\0\0\0\0\0\0\0\0\0\0\0\0\0\0\0\0\0\0\0'),(605,'peubankgs',_binary 'dD62BgTLAtm\0\0\0\0\0\0\0\0\0\0\0\0\0\0\0\0\0\0\0\0\0\0\0\0\0\0\0\0\0\0\0\0\0\0\0\0\0\0\0\0\0\0\0\0\0\0\0\0\0'),(606,'dgoldneygt',_binary 'EPWulqL\0\0\0\0\0\0\0\0\0\0\0\0\0\0\0\0\0\0\0\0\0\0\0\0\0\0\0\0\0\0\0\0\0\0\0\0\0\0\0\0\0\0\0\0\0\0\0\0\0\0\0\0\0'),(607,'anerhenygu',_binary 'XGDrAa5whgU\0\0\0\0\0\0\0\0\0\0\0\0\0\0\0\0\0\0\0\0\0\0\0\0\0\0\0\0\0\0\0\0\0\0\0\0\0\0\0\0\0\0\0\0\0\0\0\0\0'),(608,'rmurrishgv',_binary 'T0zo63JC\0\0\0\0\0\0\0\0\0\0\0\0\0\0\0\0\0\0\0\0\0\0\0\0\0\0\0\0\0\0\0\0\0\0\0\0\0\0\0\0\0\0\0\0\0\0\0\0\0\0\0\0'),(609,'jliddicoatgw',_binary 'BzYQtOOF73\0\0\0\0\0\0\0\0\0\0\0\0\0\0\0\0\0\0\0\0\0\0\0\0\0\0\0\0\0\0\0\0\0\0\0\0\0\0\0\0\0\0\0\0\0\0\0\0\0\0'),(610,'pbattabeegx',_binary 'uy8WSb\0\0\0\0\0\0\0\0\0\0\0\0\0\0\0\0\0\0\0\0\0\0\0\0\0\0\0\0\0\0\0\0\0\0\0\0\0\0\0\0\0\0\0\0\0\0\0\0\0\0\0\0\0\0'),(611,'mdyetgy',_binary 'NIKSE5ga4\0\0\0\0\0\0\0\0\0\0\0\0\0\0\0\0\0\0\0\0\0\0\0\0\0\0\0\0\0\0\0\0\0\0\0\0\0\0\0\0\0\0\0\0\0\0\0\0\0\0\0'),(612,'lvossinggz',_binary '3PjUENetre8\0\0\0\0\0\0\0\0\0\0\0\0\0\0\0\0\0\0\0\0\0\0\0\0\0\0\0\0\0\0\0\0\0\0\0\0\0\0\0\0\0\0\0\0\0\0\0\0\0'),(613,'slapwoodh0',_binary '8in0ilSd3h\0\0\0\0\0\0\0\0\0\0\0\0\0\0\0\0\0\0\0\0\0\0\0\0\0\0\0\0\0\0\0\0\0\0\0\0\0\0\0\0\0\0\0\0\0\0\0\0\0\0'),(614,'lmacgorleyh1',_binary 'sqQQ4isk5ztC\0\0\0\0\0\0\0\0\0\0\0\0\0\0\0\0\0\0\0\0\0\0\0\0\0\0\0\0\0\0\0\0\0\0\0\0\0\0\0\0\0\0\0\0\0\0\0\0'),(615,'rstallwoodh2',_binary 'csn06kFdD\0\0\0\0\0\0\0\0\0\0\0\0\0\0\0\0\0\0\0\0\0\0\0\0\0\0\0\0\0\0\0\0\0\0\0\0\0\0\0\0\0\0\0\0\0\0\0\0\0\0\0'),(616,'bfonteh3',_binary 'lZXDaJChe7vw\0\0\0\0\0\0\0\0\0\0\0\0\0\0\0\0\0\0\0\0\0\0\0\0\0\0\0\0\0\0\0\0\0\0\0\0\0\0\0\0\0\0\0\0\0\0\0\0'),(617,'savissh4',_binary '6pQuP2kkecD9\0\0\0\0\0\0\0\0\0\0\0\0\0\0\0\0\0\0\0\0\0\0\0\0\0\0\0\0\0\0\0\0\0\0\0\0\0\0\0\0\0\0\0\0\0\0\0\0'),(618,'lsimmonetth5',_binary 'XduqED84L\0\0\0\0\0\0\0\0\0\0\0\0\0\0\0\0\0\0\0\0\0\0\0\0\0\0\0\0\0\0\0\0\0\0\0\0\0\0\0\0\0\0\0\0\0\0\0\0\0\0\0'),(619,'tliebmannh6',_binary '9plSZhT2S\0\0\0\0\0\0\0\0\0\0\0\0\0\0\0\0\0\0\0\0\0\0\0\0\0\0\0\0\0\0\0\0\0\0\0\0\0\0\0\0\0\0\0\0\0\0\0\0\0\0\0'),(620,'fsiebarth7',_binary 'inR1aM\0\0\0\0\0\0\0\0\0\0\0\0\0\0\0\0\0\0\0\0\0\0\0\0\0\0\0\0\0\0\0\0\0\0\0\0\0\0\0\0\0\0\0\0\0\0\0\0\0\0\0\0\0\0'),(621,'gpendellh8',_binary 'ctHvT6rMVf9w\0\0\0\0\0\0\0\0\0\0\0\0\0\0\0\0\0\0\0\0\0\0\0\0\0\0\0\0\0\0\0\0\0\0\0\0\0\0\0\0\0\0\0\0\0\0\0\0'),(622,'hfowlstonh9',_binary 'ZtrwQE\0\0\0\0\0\0\0\0\0\0\0\0\0\0\0\0\0\0\0\0\0\0\0\0\0\0\0\0\0\0\0\0\0\0\0\0\0\0\0\0\0\0\0\0\0\0\0\0\0\0\0\0\0\0'),(623,'ppetegreeha',_binary 'VNJMPVH\0\0\0\0\0\0\0\0\0\0\0\0\0\0\0\0\0\0\0\0\0\0\0\0\0\0\0\0\0\0\0\0\0\0\0\0\0\0\0\0\0\0\0\0\0\0\0\0\0\0\0\0\0'),(624,'rgleavehb',_binary 'vodn4W6\0\0\0\0\0\0\0\0\0\0\0\0\0\0\0\0\0\0\0\0\0\0\0\0\0\0\0\0\0\0\0\0\0\0\0\0\0\0\0\0\0\0\0\0\0\0\0\0\0\0\0\0\0'),(625,'bgabbatthc',_binary 'p5fHtHn\0\0\0\0\0\0\0\0\0\0\0\0\0\0\0\0\0\0\0\0\0\0\0\0\0\0\0\0\0\0\0\0\0\0\0\0\0\0\0\0\0\0\0\0\0\0\0\0\0\0\0\0\0'),(626,'jeltunhd',_binary '3MNfxla276T5\0\0\0\0\0\0\0\0\0\0\0\0\0\0\0\0\0\0\0\0\0\0\0\0\0\0\0\0\0\0\0\0\0\0\0\0\0\0\0\0\0\0\0\0\0\0\0\0'),(627,'apoynzerhe',_binary '1qqYpgx8v\0\0\0\0\0\0\0\0\0\0\0\0\0\0\0\0\0\0\0\0\0\0\0\0\0\0\0\0\0\0\0\0\0\0\0\0\0\0\0\0\0\0\0\0\0\0\0\0\0\0\0'),(628,'ncumminehf',_binary 'zkPLzR60hVAU\0\0\0\0\0\0\0\0\0\0\0\0\0\0\0\0\0\0\0\0\0\0\0\0\0\0\0\0\0\0\0\0\0\0\0\0\0\0\0\0\0\0\0\0\0\0\0\0'),(629,'lsparkehg',_binary 'BUHNF7\0\0\0\0\0\0\0\0\0\0\0\0\0\0\0\0\0\0\0\0\0\0\0\0\0\0\0\0\0\0\0\0\0\0\0\0\0\0\0\0\0\0\0\0\0\0\0\0\0\0\0\0\0\0'),(630,'aronchihh',_binary 'L5DGWvRfPs\0\0\0\0\0\0\0\0\0\0\0\0\0\0\0\0\0\0\0\0\0\0\0\0\0\0\0\0\0\0\0\0\0\0\0\0\0\0\0\0\0\0\0\0\0\0\0\0\0\0'),(631,'oterbruggenhi',_binary 'NjFeBLE17g\0\0\0\0\0\0\0\0\0\0\0\0\0\0\0\0\0\0\0\0\0\0\0\0\0\0\0\0\0\0\0\0\0\0\0\0\0\0\0\0\0\0\0\0\0\0\0\0\0\0'),(632,'rpiotrowskihj',_binary '3Q0dtikU53i\0\0\0\0\0\0\0\0\0\0\0\0\0\0\0\0\0\0\0\0\0\0\0\0\0\0\0\0\0\0\0\0\0\0\0\0\0\0\0\0\0\0\0\0\0\0\0\0\0'),(633,'napplefordhk',_binary 'orayi2ca9Rf\0\0\0\0\0\0\0\0\0\0\0\0\0\0\0\0\0\0\0\0\0\0\0\0\0\0\0\0\0\0\0\0\0\0\0\0\0\0\0\0\0\0\0\0\0\0\0\0\0'),(634,'fkempstonehl',_binary 'FoQp0X\0\0\0\0\0\0\0\0\0\0\0\0\0\0\0\0\0\0\0\0\0\0\0\0\0\0\0\0\0\0\0\0\0\0\0\0\0\0\0\0\0\0\0\0\0\0\0\0\0\0\0\0\0\0'),(635,'epeerlesshm',_binary 'GetN2JmyT1\0\0\0\0\0\0\0\0\0\0\0\0\0\0\0\0\0\0\0\0\0\0\0\0\0\0\0\0\0\0\0\0\0\0\0\0\0\0\0\0\0\0\0\0\0\0\0\0\0\0'),(636,'ebooelnhn',_binary '4DQI4hmX\0\0\0\0\0\0\0\0\0\0\0\0\0\0\0\0\0\0\0\0\0\0\0\0\0\0\0\0\0\0\0\0\0\0\0\0\0\0\0\0\0\0\0\0\0\0\0\0\0\0\0\0'),(637,'btwistho',_binary 'okPcIR01CvY\0\0\0\0\0\0\0\0\0\0\0\0\0\0\0\0\0\0\0\0\0\0\0\0\0\0\0\0\0\0\0\0\0\0\0\0\0\0\0\0\0\0\0\0\0\0\0\0\0'),(638,'dfreynehp',_binary 'ake6o4\0\0\0\0\0\0\0\0\0\0\0\0\0\0\0\0\0\0\0\0\0\0\0\0\0\0\0\0\0\0\0\0\0\0\0\0\0\0\0\0\0\0\0\0\0\0\0\0\0\0\0\0\0\0'),(639,'tchalicehq',_binary 'SmDHJL\0\0\0\0\0\0\0\0\0\0\0\0\0\0\0\0\0\0\0\0\0\0\0\0\0\0\0\0\0\0\0\0\0\0\0\0\0\0\0\0\0\0\0\0\0\0\0\0\0\0\0\0\0\0'),(640,'esancrofthr',_binary 'oroif34\0\0\0\0\0\0\0\0\0\0\0\0\0\0\0\0\0\0\0\0\0\0\0\0\0\0\0\0\0\0\0\0\0\0\0\0\0\0\0\0\0\0\0\0\0\0\0\0\0\0\0\0\0'),(641,'rdickeyhs',_binary 'khXqh5\0\0\0\0\0\0\0\0\0\0\0\0\0\0\0\0\0\0\0\0\0\0\0\0\0\0\0\0\0\0\0\0\0\0\0\0\0\0\0\0\0\0\0\0\0\0\0\0\0\0\0\0\0\0'),(642,'kmonksfieldht',_binary 'XkpIGt\0\0\0\0\0\0\0\0\0\0\0\0\0\0\0\0\0\0\0\0\0\0\0\0\0\0\0\0\0\0\0\0\0\0\0\0\0\0\0\0\0\0\0\0\0\0\0\0\0\0\0\0\0\0'),(643,'rkonnekehu',_binary 'VMesRxy\0\0\0\0\0\0\0\0\0\0\0\0\0\0\0\0\0\0\0\0\0\0\0\0\0\0\0\0\0\0\0\0\0\0\0\0\0\0\0\0\0\0\0\0\0\0\0\0\0\0\0\0\0'),(644,'grockwellhv',_binary 'KiHVT2foW\0\0\0\0\0\0\0\0\0\0\0\0\0\0\0\0\0\0\0\0\0\0\0\0\0\0\0\0\0\0\0\0\0\0\0\0\0\0\0\0\0\0\0\0\0\0\0\0\0\0\0'),(645,'msoldihw',_binary 'jTk0FGc\0\0\0\0\0\0\0\0\0\0\0\0\0\0\0\0\0\0\0\0\0\0\0\0\0\0\0\0\0\0\0\0\0\0\0\0\0\0\0\0\0\0\0\0\0\0\0\0\0\0\0\0\0'),(646,'jmcdaidhx',_binary 'CS8OC3HB2\0\0\0\0\0\0\0\0\0\0\0\0\0\0\0\0\0\0\0\0\0\0\0\0\0\0\0\0\0\0\0\0\0\0\0\0\0\0\0\0\0\0\0\0\0\0\0\0\0\0\0'),(647,'kquiddingtonhy',_binary 'jJdjLDbQ2GH\0\0\0\0\0\0\0\0\0\0\0\0\0\0\0\0\0\0\0\0\0\0\0\0\0\0\0\0\0\0\0\0\0\0\0\0\0\0\0\0\0\0\0\0\0\0\0\0\0'),(648,'asommerlyhz',_binary 'SH3cxTfy\0\0\0\0\0\0\0\0\0\0\0\0\0\0\0\0\0\0\0\0\0\0\0\0\0\0\0\0\0\0\0\0\0\0\0\0\0\0\0\0\0\0\0\0\0\0\0\0\0\0\0\0'),(649,'delphinstoni0',_binary '5ruTsD1yRw\0\0\0\0\0\0\0\0\0\0\0\0\0\0\0\0\0\0\0\0\0\0\0\0\0\0\0\0\0\0\0\0\0\0\0\0\0\0\0\0\0\0\0\0\0\0\0\0\0\0'),(650,'canchori1',_binary '7FnIEfA\0\0\0\0\0\0\0\0\0\0\0\0\0\0\0\0\0\0\0\0\0\0\0\0\0\0\0\0\0\0\0\0\0\0\0\0\0\0\0\0\0\0\0\0\0\0\0\0\0\0\0\0\0'),(651,'kfarnalli2',_binary 'EWp7d4KG0\0\0\0\0\0\0\0\0\0\0\0\0\0\0\0\0\0\0\0\0\0\0\0\0\0\0\0\0\0\0\0\0\0\0\0\0\0\0\0\0\0\0\0\0\0\0\0\0\0\0\0'),(652,'cpharoi3',_binary 'Anf6MzWF\0\0\0\0\0\0\0\0\0\0\0\0\0\0\0\0\0\0\0\0\0\0\0\0\0\0\0\0\0\0\0\0\0\0\0\0\0\0\0\0\0\0\0\0\0\0\0\0\0\0\0\0'),(653,'kshambrooki4',_binary 'LvmgP8PtM8Q\0\0\0\0\0\0\0\0\0\0\0\0\0\0\0\0\0\0\0\0\0\0\0\0\0\0\0\0\0\0\0\0\0\0\0\0\0\0\0\0\0\0\0\0\0\0\0\0\0'),(654,'sgeraldi5',_binary 'HDHaqIc8n\0\0\0\0\0\0\0\0\0\0\0\0\0\0\0\0\0\0\0\0\0\0\0\0\0\0\0\0\0\0\0\0\0\0\0\0\0\0\0\0\0\0\0\0\0\0\0\0\0\0\0'),(655,'hmargrami6',_binary 'xqMsas\0\0\0\0\0\0\0\0\0\0\0\0\0\0\0\0\0\0\0\0\0\0\0\0\0\0\0\0\0\0\0\0\0\0\0\0\0\0\0\0\0\0\0\0\0\0\0\0\0\0\0\0\0\0'),(656,'prenaki7',_binary 'gpM3zqd5w\0\0\0\0\0\0\0\0\0\0\0\0\0\0\0\0\0\0\0\0\0\0\0\0\0\0\0\0\0\0\0\0\0\0\0\0\0\0\0\0\0\0\0\0\0\0\0\0\0\0\0'),(657,'gbailyi8',_binary 'ZhtN0aBoJMw\0\0\0\0\0\0\0\0\0\0\0\0\0\0\0\0\0\0\0\0\0\0\0\0\0\0\0\0\0\0\0\0\0\0\0\0\0\0\0\0\0\0\0\0\0\0\0\0\0'),(658,'efallowsi9',_binary 'cgPTG9igi\0\0\0\0\0\0\0\0\0\0\0\0\0\0\0\0\0\0\0\0\0\0\0\0\0\0\0\0\0\0\0\0\0\0\0\0\0\0\0\0\0\0\0\0\0\0\0\0\0\0\0'),(659,'eshickleia',_binary 'emLqjVK5b\0\0\0\0\0\0\0\0\0\0\0\0\0\0\0\0\0\0\0\0\0\0\0\0\0\0\0\0\0\0\0\0\0\0\0\0\0\0\0\0\0\0\0\0\0\0\0\0\0\0\0'),(660,'ldunstallib',_binary 'E0grrNrIH\0\0\0\0\0\0\0\0\0\0\0\0\0\0\0\0\0\0\0\0\0\0\0\0\0\0\0\0\0\0\0\0\0\0\0\0\0\0\0\0\0\0\0\0\0\0\0\0\0\0\0'),(661,'krattryic',_binary 'vq6dDFj\0\0\0\0\0\0\0\0\0\0\0\0\0\0\0\0\0\0\0\0\0\0\0\0\0\0\0\0\0\0\0\0\0\0\0\0\0\0\0\0\0\0\0\0\0\0\0\0\0\0\0\0\0'),(662,'lgimenoid',_binary 'kkenAPTVB\0\0\0\0\0\0\0\0\0\0\0\0\0\0\0\0\0\0\0\0\0\0\0\0\0\0\0\0\0\0\0\0\0\0\0\0\0\0\0\0\0\0\0\0\0\0\0\0\0\0\0'),(663,'ncawseyie',_binary 'IJUc1gzHRu\0\0\0\0\0\0\0\0\0\0\0\0\0\0\0\0\0\0\0\0\0\0\0\0\0\0\0\0\0\0\0\0\0\0\0\0\0\0\0\0\0\0\0\0\0\0\0\0\0\0'),(664,'fgealleif',_binary 'knPlepedzS\0\0\0\0\0\0\0\0\0\0\0\0\0\0\0\0\0\0\0\0\0\0\0\0\0\0\0\0\0\0\0\0\0\0\0\0\0\0\0\0\0\0\0\0\0\0\0\0\0\0'),(665,'adoucheig',_binary 'sgyiv348\0\0\0\0\0\0\0\0\0\0\0\0\0\0\0\0\0\0\0\0\0\0\0\0\0\0\0\0\0\0\0\0\0\0\0\0\0\0\0\0\0\0\0\0\0\0\0\0\0\0\0\0'),(666,'lmorchih',_binary 'VshAJLl\0\0\0\0\0\0\0\0\0\0\0\0\0\0\0\0\0\0\0\0\0\0\0\0\0\0\0\0\0\0\0\0\0\0\0\0\0\0\0\0\0\0\0\0\0\0\0\0\0\0\0\0\0'),(667,'alipproseii',_binary 'wBmt64LzVph\0\0\0\0\0\0\0\0\0\0\0\0\0\0\0\0\0\0\0\0\0\0\0\0\0\0\0\0\0\0\0\0\0\0\0\0\0\0\0\0\0\0\0\0\0\0\0\0\0'),(668,'vpallesenij',_binary 'jTMVGgp\0\0\0\0\0\0\0\0\0\0\0\0\0\0\0\0\0\0\0\0\0\0\0\0\0\0\0\0\0\0\0\0\0\0\0\0\0\0\0\0\0\0\0\0\0\0\0\0\0\0\0\0\0'),(669,'bfergussonik',_binary '8ebv3o\0\0\0\0\0\0\0\0\0\0\0\0\0\0\0\0\0\0\0\0\0\0\0\0\0\0\0\0\0\0\0\0\0\0\0\0\0\0\0\0\0\0\0\0\0\0\0\0\0\0\0\0\0\0'),(670,'jelstowil',_binary 'kj5pYAba3jz\0\0\0\0\0\0\0\0\0\0\0\0\0\0\0\0\0\0\0\0\0\0\0\0\0\0\0\0\0\0\0\0\0\0\0\0\0\0\0\0\0\0\0\0\0\0\0\0\0'),(671,'ekigelmanim',_binary '1FcMRbMY4R\0\0\0\0\0\0\0\0\0\0\0\0\0\0\0\0\0\0\0\0\0\0\0\0\0\0\0\0\0\0\0\0\0\0\0\0\0\0\0\0\0\0\0\0\0\0\0\0\0\0'),(672,'kspearmanin',_binary 'b3adOuTGQKY\0\0\0\0\0\0\0\0\0\0\0\0\0\0\0\0\0\0\0\0\0\0\0\0\0\0\0\0\0\0\0\0\0\0\0\0\0\0\0\0\0\0\0\0\0\0\0\0\0'),(673,'lethridgeio',_binary '6ZXbnZTJiIk\0\0\0\0\0\0\0\0\0\0\0\0\0\0\0\0\0\0\0\0\0\0\0\0\0\0\0\0\0\0\0\0\0\0\0\0\0\0\0\0\0\0\0\0\0\0\0\0\0'),(674,'hdebenhamip',_binary '3pNMfSE\0\0\0\0\0\0\0\0\0\0\0\0\0\0\0\0\0\0\0\0\0\0\0\0\0\0\0\0\0\0\0\0\0\0\0\0\0\0\0\0\0\0\0\0\0\0\0\0\0\0\0\0\0'),(675,'ebreckwelliq',_binary '2J6w64IIRPJ\0\0\0\0\0\0\0\0\0\0\0\0\0\0\0\0\0\0\0\0\0\0\0\0\0\0\0\0\0\0\0\0\0\0\0\0\0\0\0\0\0\0\0\0\0\0\0\0\0'),(676,'vthrustleir',_binary 'yndE2Lf0\0\0\0\0\0\0\0\0\0\0\0\0\0\0\0\0\0\0\0\0\0\0\0\0\0\0\0\0\0\0\0\0\0\0\0\0\0\0\0\0\0\0\0\0\0\0\0\0\0\0\0\0'),(677,'oslamakeris',_binary '22pFgmvQ\0\0\0\0\0\0\0\0\0\0\0\0\0\0\0\0\0\0\0\0\0\0\0\0\0\0\0\0\0\0\0\0\0\0\0\0\0\0\0\0\0\0\0\0\0\0\0\0\0\0\0\0'),(678,'mseaversit',_binary 'YhfKV8vt3np\0\0\0\0\0\0\0\0\0\0\0\0\0\0\0\0\0\0\0\0\0\0\0\0\0\0\0\0\0\0\0\0\0\0\0\0\0\0\0\0\0\0\0\0\0\0\0\0\0'),(679,'cmallaniu',_binary 'fKb10T\0\0\0\0\0\0\0\0\0\0\0\0\0\0\0\0\0\0\0\0\0\0\0\0\0\0\0\0\0\0\0\0\0\0\0\0\0\0\0\0\0\0\0\0\0\0\0\0\0\0\0\0\0\0'),(680,'haistropiv',_binary 'kIcTWc\0\0\0\0\0\0\0\0\0\0\0\0\0\0\0\0\0\0\0\0\0\0\0\0\0\0\0\0\0\0\0\0\0\0\0\0\0\0\0\0\0\0\0\0\0\0\0\0\0\0\0\0\0\0'),(681,'ljahnsiw',_binary 'Bj8iqRBB\0\0\0\0\0\0\0\0\0\0\0\0\0\0\0\0\0\0\0\0\0\0\0\0\0\0\0\0\0\0\0\0\0\0\0\0\0\0\0\0\0\0\0\0\0\0\0\0\0\0\0\0'),(682,'awaszczykix',_binary 'w5EAr8SVvt\0\0\0\0\0\0\0\0\0\0\0\0\0\0\0\0\0\0\0\0\0\0\0\0\0\0\0\0\0\0\0\0\0\0\0\0\0\0\0\0\0\0\0\0\0\0\0\0\0\0'),(683,'bcourageiy',_binary 'jhrF1xG\0\0\0\0\0\0\0\0\0\0\0\0\0\0\0\0\0\0\0\0\0\0\0\0\0\0\0\0\0\0\0\0\0\0\0\0\0\0\0\0\0\0\0\0\0\0\0\0\0\0\0\0\0'),(684,'bsmoughtoniz',_binary '73Yh3TiCKLrc\0\0\0\0\0\0\0\0\0\0\0\0\0\0\0\0\0\0\0\0\0\0\0\0\0\0\0\0\0\0\0\0\0\0\0\0\0\0\0\0\0\0\0\0\0\0\0\0'),(685,'kaxcelj0',_binary 'E78rwmqc\0\0\0\0\0\0\0\0\0\0\0\0\0\0\0\0\0\0\0\0\0\0\0\0\0\0\0\0\0\0\0\0\0\0\0\0\0\0\0\0\0\0\0\0\0\0\0\0\0\0\0\0'),(686,'nkobpacj1',_binary 'ACenVI4\0\0\0\0\0\0\0\0\0\0\0\0\0\0\0\0\0\0\0\0\0\0\0\0\0\0\0\0\0\0\0\0\0\0\0\0\0\0\0\0\0\0\0\0\0\0\0\0\0\0\0\0\0'),(687,'rottoj2',_binary 'IeUvQJ9b0J\0\0\0\0\0\0\0\0\0\0\0\0\0\0\0\0\0\0\0\0\0\0\0\0\0\0\0\0\0\0\0\0\0\0\0\0\0\0\0\0\0\0\0\0\0\0\0\0\0\0'),(688,'tsnasdellj3',_binary 'J87k6kRW\0\0\0\0\0\0\0\0\0\0\0\0\0\0\0\0\0\0\0\0\0\0\0\0\0\0\0\0\0\0\0\0\0\0\0\0\0\0\0\0\0\0\0\0\0\0\0\0\0\0\0\0'),(689,'charriskinej4',_binary 'xq7q15IX\0\0\0\0\0\0\0\0\0\0\0\0\0\0\0\0\0\0\0\0\0\0\0\0\0\0\0\0\0\0\0\0\0\0\0\0\0\0\0\0\0\0\0\0\0\0\0\0\0\0\0\0'),(690,'aclevej5',_binary 'iv7S1XKs\0\0\0\0\0\0\0\0\0\0\0\0\0\0\0\0\0\0\0\0\0\0\0\0\0\0\0\0\0\0\0\0\0\0\0\0\0\0\0\0\0\0\0\0\0\0\0\0\0\0\0\0'),(691,'mhumbyj6',_binary 'NwQE5svmMU\0\0\0\0\0\0\0\0\0\0\0\0\0\0\0\0\0\0\0\0\0\0\0\0\0\0\0\0\0\0\0\0\0\0\0\0\0\0\0\0\0\0\0\0\0\0\0\0\0\0'),(692,'bjeffersonj7',_binary 'PN2lxhHQ8W\0\0\0\0\0\0\0\0\0\0\0\0\0\0\0\0\0\0\0\0\0\0\0\0\0\0\0\0\0\0\0\0\0\0\0\0\0\0\0\0\0\0\0\0\0\0\0\0\0\0'),(693,'aodriscolej8',_binary '7PaE8Ri3\0\0\0\0\0\0\0\0\0\0\0\0\0\0\0\0\0\0\0\0\0\0\0\0\0\0\0\0\0\0\0\0\0\0\0\0\0\0\0\0\0\0\0\0\0\0\0\0\0\0\0\0'),(694,'afassj9',_binary 'J8piOKsjxI\0\0\0\0\0\0\0\0\0\0\0\0\0\0\0\0\0\0\0\0\0\0\0\0\0\0\0\0\0\0\0\0\0\0\0\0\0\0\0\0\0\0\0\0\0\0\0\0\0\0'),(695,'mdyshartja',_binary 'Lq8AHj2N8R8\0\0\0\0\0\0\0\0\0\0\0\0\0\0\0\0\0\0\0\0\0\0\0\0\0\0\0\0\0\0\0\0\0\0\0\0\0\0\0\0\0\0\0\0\0\0\0\0\0'),(696,'breevesjb',_binary 'scHr5oxD1rx\0\0\0\0\0\0\0\0\0\0\0\0\0\0\0\0\0\0\0\0\0\0\0\0\0\0\0\0\0\0\0\0\0\0\0\0\0\0\0\0\0\0\0\0\0\0\0\0\0'),(697,'cshillinglawjc',_binary '0M5BfDDzt\0\0\0\0\0\0\0\0\0\0\0\0\0\0\0\0\0\0\0\0\0\0\0\0\0\0\0\0\0\0\0\0\0\0\0\0\0\0\0\0\0\0\0\0\0\0\0\0\0\0\0'),(698,'wreussjd',_binary 'JRMSRdM\0\0\0\0\0\0\0\0\0\0\0\0\0\0\0\0\0\0\0\0\0\0\0\0\0\0\0\0\0\0\0\0\0\0\0\0\0\0\0\0\0\0\0\0\0\0\0\0\0\0\0\0\0'),(699,'echappelje',_binary 'wteUGb\0\0\0\0\0\0\0\0\0\0\0\0\0\0\0\0\0\0\0\0\0\0\0\0\0\0\0\0\0\0\0\0\0\0\0\0\0\0\0\0\0\0\0\0\0\0\0\0\0\0\0\0\0\0'),(700,'cturnockjf',_binary 'vxaaBmHqSXl\0\0\0\0\0\0\0\0\0\0\0\0\0\0\0\0\0\0\0\0\0\0\0\0\0\0\0\0\0\0\0\0\0\0\0\0\0\0\0\0\0\0\0\0\0\0\0\0\0'),(701,'agusneyjg',_binary 'zJAurjGsQZz\0\0\0\0\0\0\0\0\0\0\0\0\0\0\0\0\0\0\0\0\0\0\0\0\0\0\0\0\0\0\0\0\0\0\0\0\0\0\0\0\0\0\0\0\0\0\0\0\0'),(702,'jpatryjh',_binary 'lGM0JFC4sj\0\0\0\0\0\0\0\0\0\0\0\0\0\0\0\0\0\0\0\0\0\0\0\0\0\0\0\0\0\0\0\0\0\0\0\0\0\0\0\0\0\0\0\0\0\0\0\0\0\0'),(703,'kkleinhautji',_binary 'RVsJrwgtGc6d\0\0\0\0\0\0\0\0\0\0\0\0\0\0\0\0\0\0\0\0\0\0\0\0\0\0\0\0\0\0\0\0\0\0\0\0\0\0\0\0\0\0\0\0\0\0\0\0'),(704,'fdugmorejj',_binary '1rHwS760\0\0\0\0\0\0\0\0\0\0\0\0\0\0\0\0\0\0\0\0\0\0\0\0\0\0\0\0\0\0\0\0\0\0\0\0\0\0\0\0\0\0\0\0\0\0\0\0\0\0\0\0'),(705,'lpawlaczykjk',_binary 'ApQSoJ8D\0\0\0\0\0\0\0\0\0\0\0\0\0\0\0\0\0\0\0\0\0\0\0\0\0\0\0\0\0\0\0\0\0\0\0\0\0\0\0\0\0\0\0\0\0\0\0\0\0\0\0\0'),(706,'ysesonjl',_binary 'pZ2Dk08ElXX\0\0\0\0\0\0\0\0\0\0\0\0\0\0\0\0\0\0\0\0\0\0\0\0\0\0\0\0\0\0\0\0\0\0\0\0\0\0\0\0\0\0\0\0\0\0\0\0\0'),(707,'dairthjm',_binary 'CV9xYUVn\0\0\0\0\0\0\0\0\0\0\0\0\0\0\0\0\0\0\0\0\0\0\0\0\0\0\0\0\0\0\0\0\0\0\0\0\0\0\0\0\0\0\0\0\0\0\0\0\0\0\0\0'),(708,'feliyahujn',_binary 'jbdZWveU8l\0\0\0\0\0\0\0\0\0\0\0\0\0\0\0\0\0\0\0\0\0\0\0\0\0\0\0\0\0\0\0\0\0\0\0\0\0\0\0\0\0\0\0\0\0\0\0\0\0\0'),(709,'ufludejo',_binary 'qWVvukVP4eX\0\0\0\0\0\0\0\0\0\0\0\0\0\0\0\0\0\0\0\0\0\0\0\0\0\0\0\0\0\0\0\0\0\0\0\0\0\0\0\0\0\0\0\0\0\0\0\0\0'),(710,'mivashechkinjp',_binary '3FGfiZ5cR\0\0\0\0\0\0\0\0\0\0\0\0\0\0\0\0\0\0\0\0\0\0\0\0\0\0\0\0\0\0\0\0\0\0\0\0\0\0\0\0\0\0\0\0\0\0\0\0\0\0\0'),(711,'smckinleyjq',_binary '7GSWNdc\0\0\0\0\0\0\0\0\0\0\0\0\0\0\0\0\0\0\0\0\0\0\0\0\0\0\0\0\0\0\0\0\0\0\0\0\0\0\0\0\0\0\0\0\0\0\0\0\0\0\0\0\0'),(712,'atampinjr',_binary '8FAGM0ueng\0\0\0\0\0\0\0\0\0\0\0\0\0\0\0\0\0\0\0\0\0\0\0\0\0\0\0\0\0\0\0\0\0\0\0\0\0\0\0\0\0\0\0\0\0\0\0\0\0\0'),(713,'mbausjs',_binary 'OtcYfvOBMwF\0\0\0\0\0\0\0\0\0\0\0\0\0\0\0\0\0\0\0\0\0\0\0\0\0\0\0\0\0\0\0\0\0\0\0\0\0\0\0\0\0\0\0\0\0\0\0\0\0'),(714,'trowlingsjt',_binary 'QlmLxS\0\0\0\0\0\0\0\0\0\0\0\0\0\0\0\0\0\0\0\0\0\0\0\0\0\0\0\0\0\0\0\0\0\0\0\0\0\0\0\0\0\0\0\0\0\0\0\0\0\0\0\0\0\0'),(715,'cjewissju',_binary 'FYlh230\0\0\0\0\0\0\0\0\0\0\0\0\0\0\0\0\0\0\0\0\0\0\0\0\0\0\0\0\0\0\0\0\0\0\0\0\0\0\0\0\0\0\0\0\0\0\0\0\0\0\0\0\0'),(716,'afeastjv',_binary '0nJMXtI\0\0\0\0\0\0\0\0\0\0\0\0\0\0\0\0\0\0\0\0\0\0\0\0\0\0\0\0\0\0\0\0\0\0\0\0\0\0\0\0\0\0\0\0\0\0\0\0\0\0\0\0\0'),(717,'taspyjw',_binary '41Dqn9oX\0\0\0\0\0\0\0\0\0\0\0\0\0\0\0\0\0\0\0\0\0\0\0\0\0\0\0\0\0\0\0\0\0\0\0\0\0\0\0\0\0\0\0\0\0\0\0\0\0\0\0\0'),(718,'vhaskurjx',_binary 'COLljArzSa\0\0\0\0\0\0\0\0\0\0\0\0\0\0\0\0\0\0\0\0\0\0\0\0\0\0\0\0\0\0\0\0\0\0\0\0\0\0\0\0\0\0\0\0\0\0\0\0\0\0'),(719,'ncouvetjy',_binary 'J9AJ2xgYh\0\0\0\0\0\0\0\0\0\0\0\0\0\0\0\0\0\0\0\0\0\0\0\0\0\0\0\0\0\0\0\0\0\0\0\0\0\0\0\0\0\0\0\0\0\0\0\0\0\0\0'),(720,'ltegellerjz',_binary 'BEMwTLDFo\0\0\0\0\0\0\0\0\0\0\0\0\0\0\0\0\0\0\0\0\0\0\0\0\0\0\0\0\0\0\0\0\0\0\0\0\0\0\0\0\0\0\0\0\0\0\0\0\0\0\0'),(721,'tiannuzzellik0',_binary 'wPvyg3\0\0\0\0\0\0\0\0\0\0\0\0\0\0\0\0\0\0\0\0\0\0\0\0\0\0\0\0\0\0\0\0\0\0\0\0\0\0\0\0\0\0\0\0\0\0\0\0\0\0\0\0\0\0'),(722,'agorgerk1',_binary '0lRuPb\0\0\0\0\0\0\0\0\0\0\0\0\0\0\0\0\0\0\0\0\0\0\0\0\0\0\0\0\0\0\0\0\0\0\0\0\0\0\0\0\0\0\0\0\0\0\0\0\0\0\0\0\0\0'),(723,'vcansdillk2',_binary 'PcJxohnx\0\0\0\0\0\0\0\0\0\0\0\0\0\0\0\0\0\0\0\0\0\0\0\0\0\0\0\0\0\0\0\0\0\0\0\0\0\0\0\0\0\0\0\0\0\0\0\0\0\0\0\0'),(724,'cmanuelek3',_binary 'NSvfTk4G\0\0\0\0\0\0\0\0\0\0\0\0\0\0\0\0\0\0\0\0\0\0\0\0\0\0\0\0\0\0\0\0\0\0\0\0\0\0\0\0\0\0\0\0\0\0\0\0\0\0\0\0'),(725,'mwhithornk4',_binary 'ExJRPu8WM\0\0\0\0\0\0\0\0\0\0\0\0\0\0\0\0\0\0\0\0\0\0\0\0\0\0\0\0\0\0\0\0\0\0\0\0\0\0\0\0\0\0\0\0\0\0\0\0\0\0\0'),(726,'ncoldmank5',_binary '5ImWBTC\0\0\0\0\0\0\0\0\0\0\0\0\0\0\0\0\0\0\0\0\0\0\0\0\0\0\0\0\0\0\0\0\0\0\0\0\0\0\0\0\0\0\0\0\0\0\0\0\0\0\0\0\0'),(727,'kwiddowsonk6',_binary 'XxMuCnQ2\0\0\0\0\0\0\0\0\0\0\0\0\0\0\0\0\0\0\0\0\0\0\0\0\0\0\0\0\0\0\0\0\0\0\0\0\0\0\0\0\0\0\0\0\0\0\0\0\0\0\0\0'),(728,'bdealyk7',_binary 'K2gfPpbw\0\0\0\0\0\0\0\0\0\0\0\0\0\0\0\0\0\0\0\0\0\0\0\0\0\0\0\0\0\0\0\0\0\0\0\0\0\0\0\0\0\0\0\0\0\0\0\0\0\0\0\0'),(729,'rconantk8',_binary 'Z7CxoZz8\0\0\0\0\0\0\0\0\0\0\0\0\0\0\0\0\0\0\0\0\0\0\0\0\0\0\0\0\0\0\0\0\0\0\0\0\0\0\0\0\0\0\0\0\0\0\0\0\0\0\0\0'),(730,'croylek9',_binary 'g8jAFfw2t7\0\0\0\0\0\0\0\0\0\0\0\0\0\0\0\0\0\0\0\0\0\0\0\0\0\0\0\0\0\0\0\0\0\0\0\0\0\0\0\0\0\0\0\0\0\0\0\0\0\0'),(731,'cwatkinska',_binary 'HDwWIia\0\0\0\0\0\0\0\0\0\0\0\0\0\0\0\0\0\0\0\0\0\0\0\0\0\0\0\0\0\0\0\0\0\0\0\0\0\0\0\0\0\0\0\0\0\0\0\0\0\0\0\0\0'),(732,'ndeningtonkb',_binary 'ZegpuBvPmSMf\0\0\0\0\0\0\0\0\0\0\0\0\0\0\0\0\0\0\0\0\0\0\0\0\0\0\0\0\0\0\0\0\0\0\0\0\0\0\0\0\0\0\0\0\0\0\0\0'),(733,'aaberdalgykc',_binary 'AHiaNk3zF\0\0\0\0\0\0\0\0\0\0\0\0\0\0\0\0\0\0\0\0\0\0\0\0\0\0\0\0\0\0\0\0\0\0\0\0\0\0\0\0\0\0\0\0\0\0\0\0\0\0\0'),(734,'jspourskd',_binary 'Dd1qjWM\0\0\0\0\0\0\0\0\0\0\0\0\0\0\0\0\0\0\0\0\0\0\0\0\0\0\0\0\0\0\0\0\0\0\0\0\0\0\0\0\0\0\0\0\0\0\0\0\0\0\0\0\0'),(735,'ecamellike',_binary '1NmZhiC10y\0\0\0\0\0\0\0\0\0\0\0\0\0\0\0\0\0\0\0\0\0\0\0\0\0\0\0\0\0\0\0\0\0\0\0\0\0\0\0\0\0\0\0\0\0\0\0\0\0\0'),(736,'cbaudainkf',_binary 'WaoFh6MwRQ\0\0\0\0\0\0\0\0\0\0\0\0\0\0\0\0\0\0\0\0\0\0\0\0\0\0\0\0\0\0\0\0\0\0\0\0\0\0\0\0\0\0\0\0\0\0\0\0\0\0'),(737,'ppowlettkg',_binary 'RMMt8Y7fVbFC\0\0\0\0\0\0\0\0\0\0\0\0\0\0\0\0\0\0\0\0\0\0\0\0\0\0\0\0\0\0\0\0\0\0\0\0\0\0\0\0\0\0\0\0\0\0\0\0'),(738,'nledwitchkh',_binary 'Fto4fd3\0\0\0\0\0\0\0\0\0\0\0\0\0\0\0\0\0\0\0\0\0\0\0\0\0\0\0\0\0\0\0\0\0\0\0\0\0\0\0\0\0\0\0\0\0\0\0\0\0\0\0\0\0'),(739,'gbernki',_binary 'G9b5WBqxD\0\0\0\0\0\0\0\0\0\0\0\0\0\0\0\0\0\0\0\0\0\0\0\0\0\0\0\0\0\0\0\0\0\0\0\0\0\0\0\0\0\0\0\0\0\0\0\0\0\0\0'),(740,'bkisbeykj',_binary 'Fyb3WpWYxP\0\0\0\0\0\0\0\0\0\0\0\0\0\0\0\0\0\0\0\0\0\0\0\0\0\0\0\0\0\0\0\0\0\0\0\0\0\0\0\0\0\0\0\0\0\0\0\0\0\0'),(741,'sbrameltkk',_binary 'AhLKeb\0\0\0\0\0\0\0\0\0\0\0\0\0\0\0\0\0\0\0\0\0\0\0\0\0\0\0\0\0\0\0\0\0\0\0\0\0\0\0\0\0\0\0\0\0\0\0\0\0\0\0\0\0\0'),(742,'lmcdarmidkl',_binary 'GH4AGbdW4IH\0\0\0\0\0\0\0\0\0\0\0\0\0\0\0\0\0\0\0\0\0\0\0\0\0\0\0\0\0\0\0\0\0\0\0\0\0\0\0\0\0\0\0\0\0\0\0\0\0'),(743,'nshrivekm',_binary '5Hf6MB4\0\0\0\0\0\0\0\0\0\0\0\0\0\0\0\0\0\0\0\0\0\0\0\0\0\0\0\0\0\0\0\0\0\0\0\0\0\0\0\0\0\0\0\0\0\0\0\0\0\0\0\0\0'),(744,'cmingayekn',_binary 'aByzBA\0\0\0\0\0\0\0\0\0\0\0\0\0\0\0\0\0\0\0\0\0\0\0\0\0\0\0\0\0\0\0\0\0\0\0\0\0\0\0\0\0\0\0\0\0\0\0\0\0\0\0\0\0\0'),(745,'cdoudko',_binary 'EsxXu2K\0\0\0\0\0\0\0\0\0\0\0\0\0\0\0\0\0\0\0\0\0\0\0\0\0\0\0\0\0\0\0\0\0\0\0\0\0\0\0\0\0\0\0\0\0\0\0\0\0\0\0\0\0'),(746,'biannuzzikp',_binary 'cbl9sW\0\0\0\0\0\0\0\0\0\0\0\0\0\0\0\0\0\0\0\0\0\0\0\0\0\0\0\0\0\0\0\0\0\0\0\0\0\0\0\0\0\0\0\0\0\0\0\0\0\0\0\0\0\0'),(747,'zpauligkq',_binary 'BVqi8l8M\0\0\0\0\0\0\0\0\0\0\0\0\0\0\0\0\0\0\0\0\0\0\0\0\0\0\0\0\0\0\0\0\0\0\0\0\0\0\0\0\0\0\0\0\0\0\0\0\0\0\0\0'),(748,'pgouchkr',_binary 't6eDXhebg\0\0\0\0\0\0\0\0\0\0\0\0\0\0\0\0\0\0\0\0\0\0\0\0\0\0\0\0\0\0\0\0\0\0\0\0\0\0\0\0\0\0\0\0\0\0\0\0\0\0\0'),(749,'mlidgertwoodks',_binary 'WVFEI01y4zq\0\0\0\0\0\0\0\0\0\0\0\0\0\0\0\0\0\0\0\0\0\0\0\0\0\0\0\0\0\0\0\0\0\0\0\0\0\0\0\0\0\0\0\0\0\0\0\0\0'),(750,'htiltkt',_binary 'zpQXM84CV0\0\0\0\0\0\0\0\0\0\0\0\0\0\0\0\0\0\0\0\0\0\0\0\0\0\0\0\0\0\0\0\0\0\0\0\0\0\0\0\0\0\0\0\0\0\0\0\0\0\0'),(751,'mbyneku',_binary 'ZRCuXti\0\0\0\0\0\0\0\0\0\0\0\0\0\0\0\0\0\0\0\0\0\0\0\0\0\0\0\0\0\0\0\0\0\0\0\0\0\0\0\0\0\0\0\0\0\0\0\0\0\0\0\0\0'),(752,'ctinglykv',_binary 'DTvJlhj\0\0\0\0\0\0\0\0\0\0\0\0\0\0\0\0\0\0\0\0\0\0\0\0\0\0\0\0\0\0\0\0\0\0\0\0\0\0\0\0\0\0\0\0\0\0\0\0\0\0\0\0\0'),(753,'aconeleykw',_binary 'yIy6Ln7dWsp\0\0\0\0\0\0\0\0\0\0\0\0\0\0\0\0\0\0\0\0\0\0\0\0\0\0\0\0\0\0\0\0\0\0\0\0\0\0\0\0\0\0\0\0\0\0\0\0\0'),(754,'ascoulerkx',_binary 'c56qgDWMmdxM\0\0\0\0\0\0\0\0\0\0\0\0\0\0\0\0\0\0\0\0\0\0\0\0\0\0\0\0\0\0\0\0\0\0\0\0\0\0\0\0\0\0\0\0\0\0\0\0'),(755,'wblanchflowerky',_binary 'XTQ5UbzLI4u7\0\0\0\0\0\0\0\0\0\0\0\0\0\0\0\0\0\0\0\0\0\0\0\0\0\0\0\0\0\0\0\0\0\0\0\0\0\0\0\0\0\0\0\0\0\0\0\0'),(756,'kshovellerkz',_binary 'NHZG0U9vB\0\0\0\0\0\0\0\0\0\0\0\0\0\0\0\0\0\0\0\0\0\0\0\0\0\0\0\0\0\0\0\0\0\0\0\0\0\0\0\0\0\0\0\0\0\0\0\0\0\0\0'),(757,'cbarrarl0',_binary '2dfNJ9OE\0\0\0\0\0\0\0\0\0\0\0\0\0\0\0\0\0\0\0\0\0\0\0\0\0\0\0\0\0\0\0\0\0\0\0\0\0\0\0\0\0\0\0\0\0\0\0\0\0\0\0\0'),(758,'jquaill1',_binary 'UoLZ1lHzH2\0\0\0\0\0\0\0\0\0\0\0\0\0\0\0\0\0\0\0\0\0\0\0\0\0\0\0\0\0\0\0\0\0\0\0\0\0\0\0\0\0\0\0\0\0\0\0\0\0\0'),(759,'hquantl2',_binary 'PiTarUjA\0\0\0\0\0\0\0\0\0\0\0\0\0\0\0\0\0\0\0\0\0\0\0\0\0\0\0\0\0\0\0\0\0\0\0\0\0\0\0\0\0\0\0\0\0\0\0\0\0\0\0\0'),(760,'cdidomenicol3',_binary 'DRS30a\0\0\0\0\0\0\0\0\0\0\0\0\0\0\0\0\0\0\0\0\0\0\0\0\0\0\0\0\0\0\0\0\0\0\0\0\0\0\0\0\0\0\0\0\0\0\0\0\0\0\0\0\0\0'),(761,'mforesl4',_binary '4vaOtsKrsn\0\0\0\0\0\0\0\0\0\0\0\0\0\0\0\0\0\0\0\0\0\0\0\0\0\0\0\0\0\0\0\0\0\0\0\0\0\0\0\0\0\0\0\0\0\0\0\0\0\0'),(762,'cgalliardl5',_binary '7YF4lOzzadpD\0\0\0\0\0\0\0\0\0\0\0\0\0\0\0\0\0\0\0\0\0\0\0\0\0\0\0\0\0\0\0\0\0\0\0\0\0\0\0\0\0\0\0\0\0\0\0\0'),(763,'dguillonl6',_binary 'gnGhjKx\0\0\0\0\0\0\0\0\0\0\0\0\0\0\0\0\0\0\0\0\0\0\0\0\0\0\0\0\0\0\0\0\0\0\0\0\0\0\0\0\0\0\0\0\0\0\0\0\0\0\0\0\0'),(764,'rbegganl7',_binary 'hPsTYH0\0\0\0\0\0\0\0\0\0\0\0\0\0\0\0\0\0\0\0\0\0\0\0\0\0\0\0\0\0\0\0\0\0\0\0\0\0\0\0\0\0\0\0\0\0\0\0\0\0\0\0\0\0'),(765,'bchrestienl8',_binary 'NwrbFCI\0\0\0\0\0\0\0\0\0\0\0\0\0\0\0\0\0\0\0\0\0\0\0\0\0\0\0\0\0\0\0\0\0\0\0\0\0\0\0\0\0\0\0\0\0\0\0\0\0\0\0\0\0'),(766,'abedwardl9',_binary 'MiyIoL69VO\0\0\0\0\0\0\0\0\0\0\0\0\0\0\0\0\0\0\0\0\0\0\0\0\0\0\0\0\0\0\0\0\0\0\0\0\0\0\0\0\0\0\0\0\0\0\0\0\0\0'),(767,'kboxhallla',_binary 'inouT6rLheL\0\0\0\0\0\0\0\0\0\0\0\0\0\0\0\0\0\0\0\0\0\0\0\0\0\0\0\0\0\0\0\0\0\0\0\0\0\0\0\0\0\0\0\0\0\0\0\0\0'),(768,'lmackerethlb',_binary 'znEO4S\0\0\0\0\0\0\0\0\0\0\0\0\0\0\0\0\0\0\0\0\0\0\0\0\0\0\0\0\0\0\0\0\0\0\0\0\0\0\0\0\0\0\0\0\0\0\0\0\0\0\0\0\0\0'),(769,'sroadlc',_binary 'AI7c8nh\0\0\0\0\0\0\0\0\0\0\0\0\0\0\0\0\0\0\0\0\0\0\0\0\0\0\0\0\0\0\0\0\0\0\0\0\0\0\0\0\0\0\0\0\0\0\0\0\0\0\0\0\0'),(770,'rnolteld',_binary 'odQ3fbEgkzU\0\0\0\0\0\0\0\0\0\0\0\0\0\0\0\0\0\0\0\0\0\0\0\0\0\0\0\0\0\0\0\0\0\0\0\0\0\0\0\0\0\0\0\0\0\0\0\0\0'),(771,'jskellionle',_binary 'RJ1fuoIfc6\0\0\0\0\0\0\0\0\0\0\0\0\0\0\0\0\0\0\0\0\0\0\0\0\0\0\0\0\0\0\0\0\0\0\0\0\0\0\0\0\0\0\0\0\0\0\0\0\0\0'),(772,'mlestorlf',_binary 'CbqGxbcsR\0\0\0\0\0\0\0\0\0\0\0\0\0\0\0\0\0\0\0\0\0\0\0\0\0\0\0\0\0\0\0\0\0\0\0\0\0\0\0\0\0\0\0\0\0\0\0\0\0\0\0'),(773,'esmoutlg',_binary '4YN90j2CMm\0\0\0\0\0\0\0\0\0\0\0\0\0\0\0\0\0\0\0\0\0\0\0\0\0\0\0\0\0\0\0\0\0\0\0\0\0\0\0\0\0\0\0\0\0\0\0\0\0\0'),(774,'aurreylh',_binary 't8aTjt\0\0\0\0\0\0\0\0\0\0\0\0\0\0\0\0\0\0\0\0\0\0\0\0\0\0\0\0\0\0\0\0\0\0\0\0\0\0\0\0\0\0\0\0\0\0\0\0\0\0\0\0\0\0'),(775,'mrubanenkoli',_binary 'lQ7yZv6ql\0\0\0\0\0\0\0\0\0\0\0\0\0\0\0\0\0\0\0\0\0\0\0\0\0\0\0\0\0\0\0\0\0\0\0\0\0\0\0\0\0\0\0\0\0\0\0\0\0\0\0'),(776,'mlevinlj',_binary 'CJlWrOxgSa\0\0\0\0\0\0\0\0\0\0\0\0\0\0\0\0\0\0\0\0\0\0\0\0\0\0\0\0\0\0\0\0\0\0\0\0\0\0\0\0\0\0\0\0\0\0\0\0\0\0'),(777,'crammelk',_binary 'TEPsGesw7\0\0\0\0\0\0\0\0\0\0\0\0\0\0\0\0\0\0\0\0\0\0\0\0\0\0\0\0\0\0\0\0\0\0\0\0\0\0\0\0\0\0\0\0\0\0\0\0\0\0\0'),(778,'dchurchillll',_binary 'tSvZd1X\0\0\0\0\0\0\0\0\0\0\0\0\0\0\0\0\0\0\0\0\0\0\0\0\0\0\0\0\0\0\0\0\0\0\0\0\0\0\0\0\0\0\0\0\0\0\0\0\0\0\0\0\0'),(779,'kfortunelm',_binary 'XfSEN1bEJ\0\0\0\0\0\0\0\0\0\0\0\0\0\0\0\0\0\0\0\0\0\0\0\0\0\0\0\0\0\0\0\0\0\0\0\0\0\0\0\0\0\0\0\0\0\0\0\0\0\0\0'),(780,'rtorbeckln',_binary 'tDn1gKI\0\0\0\0\0\0\0\0\0\0\0\0\0\0\0\0\0\0\0\0\0\0\0\0\0\0\0\0\0\0\0\0\0\0\0\0\0\0\0\0\0\0\0\0\0\0\0\0\0\0\0\0\0'),(781,'kkoppecklo',_binary 'ft6dQTMA\0\0\0\0\0\0\0\0\0\0\0\0\0\0\0\0\0\0\0\0\0\0\0\0\0\0\0\0\0\0\0\0\0\0\0\0\0\0\0\0\0\0\0\0\0\0\0\0\0\0\0\0'),(782,'tsurgenorlp',_binary '3fWL7gYfS\0\0\0\0\0\0\0\0\0\0\0\0\0\0\0\0\0\0\0\0\0\0\0\0\0\0\0\0\0\0\0\0\0\0\0\0\0\0\0\0\0\0\0\0\0\0\0\0\0\0\0'),(783,'mmacleselq',_binary 'BYzg18OOF\0\0\0\0\0\0\0\0\0\0\0\0\0\0\0\0\0\0\0\0\0\0\0\0\0\0\0\0\0\0\0\0\0\0\0\0\0\0\0\0\0\0\0\0\0\0\0\0\0\0\0'),(784,'bduckerlr',_binary '4E6CVRf\0\0\0\0\0\0\0\0\0\0\0\0\0\0\0\0\0\0\0\0\0\0\0\0\0\0\0\0\0\0\0\0\0\0\0\0\0\0\0\0\0\0\0\0\0\0\0\0\0\0\0\0\0'),(785,'adudlestonls',_binary '6E3ujQ7w\0\0\0\0\0\0\0\0\0\0\0\0\0\0\0\0\0\0\0\0\0\0\0\0\0\0\0\0\0\0\0\0\0\0\0\0\0\0\0\0\0\0\0\0\0\0\0\0\0\0\0\0'),(786,'csewartlt',_binary 'AO5uyYY\0\0\0\0\0\0\0\0\0\0\0\0\0\0\0\0\0\0\0\0\0\0\0\0\0\0\0\0\0\0\0\0\0\0\0\0\0\0\0\0\0\0\0\0\0\0\0\0\0\0\0\0\0'),(787,'hclemmowlu',_binary 'QSmHpcmxf\0\0\0\0\0\0\0\0\0\0\0\0\0\0\0\0\0\0\0\0\0\0\0\0\0\0\0\0\0\0\0\0\0\0\0\0\0\0\0\0\0\0\0\0\0\0\0\0\0\0\0'),(788,'gtyerslv',_binary 'lOIaI0B\0\0\0\0\0\0\0\0\0\0\0\0\0\0\0\0\0\0\0\0\0\0\0\0\0\0\0\0\0\0\0\0\0\0\0\0\0\0\0\0\0\0\0\0\0\0\0\0\0\0\0\0\0'),(789,'bfitchettlw',_binary 't3x96axvUJ\0\0\0\0\0\0\0\0\0\0\0\0\0\0\0\0\0\0\0\0\0\0\0\0\0\0\0\0\0\0\0\0\0\0\0\0\0\0\0\0\0\0\0\0\0\0\0\0\0\0'),(790,'cwillsmorelx',_binary '0pZYwR4FQ\0\0\0\0\0\0\0\0\0\0\0\0\0\0\0\0\0\0\0\0\0\0\0\0\0\0\0\0\0\0\0\0\0\0\0\0\0\0\0\0\0\0\0\0\0\0\0\0\0\0\0'),(791,'wdakersly',_binary 'tDYefDih0Ly\0\0\0\0\0\0\0\0\0\0\0\0\0\0\0\0\0\0\0\0\0\0\0\0\0\0\0\0\0\0\0\0\0\0\0\0\0\0\0\0\0\0\0\0\0\0\0\0\0'),(792,'sloffellz',_binary 'sy8bG0tbZR0b\0\0\0\0\0\0\0\0\0\0\0\0\0\0\0\0\0\0\0\0\0\0\0\0\0\0\0\0\0\0\0\0\0\0\0\0\0\0\0\0\0\0\0\0\0\0\0\0'),(793,'kcoulbeckm0',_binary 'Wk8XodIO\0\0\0\0\0\0\0\0\0\0\0\0\0\0\0\0\0\0\0\0\0\0\0\0\0\0\0\0\0\0\0\0\0\0\0\0\0\0\0\0\0\0\0\0\0\0\0\0\0\0\0\0'),(794,'vghelardonim1',_binary 'ZsLn0IdnHw8o\0\0\0\0\0\0\0\0\0\0\0\0\0\0\0\0\0\0\0\0\0\0\0\0\0\0\0\0\0\0\0\0\0\0\0\0\0\0\0\0\0\0\0\0\0\0\0\0'),(795,'sloinesm2',_binary 'ugSjDH8t\0\0\0\0\0\0\0\0\0\0\0\0\0\0\0\0\0\0\0\0\0\0\0\0\0\0\0\0\0\0\0\0\0\0\0\0\0\0\0\0\0\0\0\0\0\0\0\0\0\0\0\0'),(796,'bbultitudem3',_binary 'ZATeVVbtChq\0\0\0\0\0\0\0\0\0\0\0\0\0\0\0\0\0\0\0\0\0\0\0\0\0\0\0\0\0\0\0\0\0\0\0\0\0\0\0\0\0\0\0\0\0\0\0\0\0'),(797,'gloadm4',_binary 'BFgZLpmRGNqv\0\0\0\0\0\0\0\0\0\0\0\0\0\0\0\0\0\0\0\0\0\0\0\0\0\0\0\0\0\0\0\0\0\0\0\0\0\0\0\0\0\0\0\0\0\0\0\0'),(798,'bcomminm5',_binary '2EdGWj\0\0\0\0\0\0\0\0\0\0\0\0\0\0\0\0\0\0\0\0\0\0\0\0\0\0\0\0\0\0\0\0\0\0\0\0\0\0\0\0\0\0\0\0\0\0\0\0\0\0\0\0\0\0'),(799,'hlabetm6',_binary 'sHY9AfDT\0\0\0\0\0\0\0\0\0\0\0\0\0\0\0\0\0\0\0\0\0\0\0\0\0\0\0\0\0\0\0\0\0\0\0\0\0\0\0\0\0\0\0\0\0\0\0\0\0\0\0\0'),(800,'mkenderdinem7',_binary 'C0J7Noo\0\0\0\0\0\0\0\0\0\0\0\0\0\0\0\0\0\0\0\0\0\0\0\0\0\0\0\0\0\0\0\0\0\0\0\0\0\0\0\0\0\0\0\0\0\0\0\0\0\0\0\0\0'),(801,'malbertim8',_binary 'b0ENIXr\0\0\0\0\0\0\0\0\0\0\0\0\0\0\0\0\0\0\0\0\0\0\0\0\0\0\0\0\0\0\0\0\0\0\0\0\0\0\0\0\0\0\0\0\0\0\0\0\0\0\0\0\0'),(802,'gannablem9',_binary 'FbBIA869yuI\0\0\0\0\0\0\0\0\0\0\0\0\0\0\0\0\0\0\0\0\0\0\0\0\0\0\0\0\0\0\0\0\0\0\0\0\0\0\0\0\0\0\0\0\0\0\0\0\0'),(803,'tduffetma',_binary 'bYDbgw9R8vt\0\0\0\0\0\0\0\0\0\0\0\0\0\0\0\0\0\0\0\0\0\0\0\0\0\0\0\0\0\0\0\0\0\0\0\0\0\0\0\0\0\0\0\0\0\0\0\0\0'),(804,'dfirkmb',_binary 'H37CU06wuH\0\0\0\0\0\0\0\0\0\0\0\0\0\0\0\0\0\0\0\0\0\0\0\0\0\0\0\0\0\0\0\0\0\0\0\0\0\0\0\0\0\0\0\0\0\0\0\0\0\0'),(805,'ssulllymc',_binary 'Pf7GBf2T\0\0\0\0\0\0\0\0\0\0\0\0\0\0\0\0\0\0\0\0\0\0\0\0\0\0\0\0\0\0\0\0\0\0\0\0\0\0\0\0\0\0\0\0\0\0\0\0\0\0\0\0'),(806,'jrumpmd',_binary '0TeqapykslOt\0\0\0\0\0\0\0\0\0\0\0\0\0\0\0\0\0\0\0\0\0\0\0\0\0\0\0\0\0\0\0\0\0\0\0\0\0\0\0\0\0\0\0\0\0\0\0\0'),(807,'kmatyatinme',_binary 'zd2dt6PD\0\0\0\0\0\0\0\0\0\0\0\0\0\0\0\0\0\0\0\0\0\0\0\0\0\0\0\0\0\0\0\0\0\0\0\0\0\0\0\0\0\0\0\0\0\0\0\0\0\0\0\0'),(808,'lvaladezmf',_binary 'mSthkoeExZzv\0\0\0\0\0\0\0\0\0\0\0\0\0\0\0\0\0\0\0\0\0\0\0\0\0\0\0\0\0\0\0\0\0\0\0\0\0\0\0\0\0\0\0\0\0\0\0\0'),(809,'cgonnelymg',_binary 'nmBtESVLk\0\0\0\0\0\0\0\0\0\0\0\0\0\0\0\0\0\0\0\0\0\0\0\0\0\0\0\0\0\0\0\0\0\0\0\0\0\0\0\0\0\0\0\0\0\0\0\0\0\0\0'),(810,'mduxfieldmh',_binary 'PgHWXA88C7\0\0\0\0\0\0\0\0\0\0\0\0\0\0\0\0\0\0\0\0\0\0\0\0\0\0\0\0\0\0\0\0\0\0\0\0\0\0\0\0\0\0\0\0\0\0\0\0\0\0'),(811,'vgrationmi',_binary 'byKZrj0Q\0\0\0\0\0\0\0\0\0\0\0\0\0\0\0\0\0\0\0\0\0\0\0\0\0\0\0\0\0\0\0\0\0\0\0\0\0\0\0\0\0\0\0\0\0\0\0\0\0\0\0\0'),(812,'rstambridgemj',_binary 'IgWtevnt\0\0\0\0\0\0\0\0\0\0\0\0\0\0\0\0\0\0\0\0\0\0\0\0\0\0\0\0\0\0\0\0\0\0\0\0\0\0\0\0\0\0\0\0\0\0\0\0\0\0\0\0'),(813,'grobelowmk',_binary 'AepvtJhC0N\0\0\0\0\0\0\0\0\0\0\0\0\0\0\0\0\0\0\0\0\0\0\0\0\0\0\0\0\0\0\0\0\0\0\0\0\0\0\0\0\0\0\0\0\0\0\0\0\0\0'),(814,'zelmarml',_binary 'OKrubtJt\0\0\0\0\0\0\0\0\0\0\0\0\0\0\0\0\0\0\0\0\0\0\0\0\0\0\0\0\0\0\0\0\0\0\0\0\0\0\0\0\0\0\0\0\0\0\0\0\0\0\0\0'),(815,'mormemm',_binary 'FAmB8l1oU4\0\0\0\0\0\0\0\0\0\0\0\0\0\0\0\0\0\0\0\0\0\0\0\0\0\0\0\0\0\0\0\0\0\0\0\0\0\0\0\0\0\0\0\0\0\0\0\0\0\0'),(816,'coldridgemn',_binary 'FoVWFSWHR\0\0\0\0\0\0\0\0\0\0\0\0\0\0\0\0\0\0\0\0\0\0\0\0\0\0\0\0\0\0\0\0\0\0\0\0\0\0\0\0\0\0\0\0\0\0\0\0\0\0\0'),(817,'enewsonmo',_binary 'WSpdf6jUj\0\0\0\0\0\0\0\0\0\0\0\0\0\0\0\0\0\0\0\0\0\0\0\0\0\0\0\0\0\0\0\0\0\0\0\0\0\0\0\0\0\0\0\0\0\0\0\0\0\0\0'),(818,'gblaydmp',_binary 'rMPUJIJr31y\0\0\0\0\0\0\0\0\0\0\0\0\0\0\0\0\0\0\0\0\0\0\0\0\0\0\0\0\0\0\0\0\0\0\0\0\0\0\0\0\0\0\0\0\0\0\0\0\0'),(819,'ebucktroutmq',_binary 'M2mWxe3omK\0\0\0\0\0\0\0\0\0\0\0\0\0\0\0\0\0\0\0\0\0\0\0\0\0\0\0\0\0\0\0\0\0\0\0\0\0\0\0\0\0\0\0\0\0\0\0\0\0\0'),(820,'bsantacrolemr',_binary 'avVe5iPm\0\0\0\0\0\0\0\0\0\0\0\0\0\0\0\0\0\0\0\0\0\0\0\0\0\0\0\0\0\0\0\0\0\0\0\0\0\0\0\0\0\0\0\0\0\0\0\0\0\0\0\0'),(821,'ipimlettms',_binary 'E5jb6B\0\0\0\0\0\0\0\0\0\0\0\0\0\0\0\0\0\0\0\0\0\0\0\0\0\0\0\0\0\0\0\0\0\0\0\0\0\0\0\0\0\0\0\0\0\0\0\0\0\0\0\0\0\0'),(822,'ksandalmt',_binary 'bDLCfz\0\0\0\0\0\0\0\0\0\0\0\0\0\0\0\0\0\0\0\0\0\0\0\0\0\0\0\0\0\0\0\0\0\0\0\0\0\0\0\0\0\0\0\0\0\0\0\0\0\0\0\0\0\0'),(823,'oleckeymu',_binary 'TYNp4z\0\0\0\0\0\0\0\0\0\0\0\0\0\0\0\0\0\0\0\0\0\0\0\0\0\0\0\0\0\0\0\0\0\0\0\0\0\0\0\0\0\0\0\0\0\0\0\0\0\0\0\0\0\0'),(824,'mmessenbirdmv',_binary 'vwMhnH\0\0\0\0\0\0\0\0\0\0\0\0\0\0\0\0\0\0\0\0\0\0\0\0\0\0\0\0\0\0\0\0\0\0\0\0\0\0\0\0\0\0\0\0\0\0\0\0\0\0\0\0\0\0'),(825,'cbiddlestonemw',_binary 'NjWB9tVKVo\0\0\0\0\0\0\0\0\0\0\0\0\0\0\0\0\0\0\0\0\0\0\0\0\0\0\0\0\0\0\0\0\0\0\0\0\0\0\0\0\0\0\0\0\0\0\0\0\0\0'),(826,'egaffonmx',_binary 'rWbOapT\0\0\0\0\0\0\0\0\0\0\0\0\0\0\0\0\0\0\0\0\0\0\0\0\0\0\0\0\0\0\0\0\0\0\0\0\0\0\0\0\0\0\0\0\0\0\0\0\0\0\0\0\0'),(827,'sgrigoronimy',_binary 'Rh9Nk4bu8Y\0\0\0\0\0\0\0\0\0\0\0\0\0\0\0\0\0\0\0\0\0\0\0\0\0\0\0\0\0\0\0\0\0\0\0\0\0\0\0\0\0\0\0\0\0\0\0\0\0\0'),(828,'slawlandmz',_binary 'yRm2WbWh\0\0\0\0\0\0\0\0\0\0\0\0\0\0\0\0\0\0\0\0\0\0\0\0\0\0\0\0\0\0\0\0\0\0\0\0\0\0\0\0\0\0\0\0\0\0\0\0\0\0\0\0'),(829,'wcassn0',_binary '2b074Gia\0\0\0\0\0\0\0\0\0\0\0\0\0\0\0\0\0\0\0\0\0\0\0\0\0\0\0\0\0\0\0\0\0\0\0\0\0\0\0\0\0\0\0\0\0\0\0\0\0\0\0\0'),(830,'bmcchruitern1',_binary '7ZyDVrH\0\0\0\0\0\0\0\0\0\0\0\0\0\0\0\0\0\0\0\0\0\0\0\0\0\0\0\0\0\0\0\0\0\0\0\0\0\0\0\0\0\0\0\0\0\0\0\0\0\0\0\0\0'),(831,'smollern2',_binary 'YDXnWgObl6Z\0\0\0\0\0\0\0\0\0\0\0\0\0\0\0\0\0\0\0\0\0\0\0\0\0\0\0\0\0\0\0\0\0\0\0\0\0\0\0\0\0\0\0\0\0\0\0\0\0'),(832,'cgridleyn3',_binary '64Uhfkz\0\0\0\0\0\0\0\0\0\0\0\0\0\0\0\0\0\0\0\0\0\0\0\0\0\0\0\0\0\0\0\0\0\0\0\0\0\0\0\0\0\0\0\0\0\0\0\0\0\0\0\0\0'),(833,'staffen4',_binary 'IlGLlnhFUq3F\0\0\0\0\0\0\0\0\0\0\0\0\0\0\0\0\0\0\0\0\0\0\0\0\0\0\0\0\0\0\0\0\0\0\0\0\0\0\0\0\0\0\0\0\0\0\0\0'),(834,'lbadhamn5',_binary 'y9REg6\0\0\0\0\0\0\0\0\0\0\0\0\0\0\0\0\0\0\0\0\0\0\0\0\0\0\0\0\0\0\0\0\0\0\0\0\0\0\0\0\0\0\0\0\0\0\0\0\0\0\0\0\0\0'),(835,'bburstowen6',_binary 'rmkEOFG3wCY\0\0\0\0\0\0\0\0\0\0\0\0\0\0\0\0\0\0\0\0\0\0\0\0\0\0\0\0\0\0\0\0\0\0\0\0\0\0\0\0\0\0\0\0\0\0\0\0\0'),(836,'mkewardn7',_binary '1YXSfFPkj\0\0\0\0\0\0\0\0\0\0\0\0\0\0\0\0\0\0\0\0\0\0\0\0\0\0\0\0\0\0\0\0\0\0\0\0\0\0\0\0\0\0\0\0\0\0\0\0\0\0\0'),(837,'dmclaggann8',_binary 'k8jUAq\0\0\0\0\0\0\0\0\0\0\0\0\0\0\0\0\0\0\0\0\0\0\0\0\0\0\0\0\0\0\0\0\0\0\0\0\0\0\0\0\0\0\0\0\0\0\0\0\0\0\0\0\0\0'),(838,'jdrinkalen9',_binary 'MnIin8LK\0\0\0\0\0\0\0\0\0\0\0\0\0\0\0\0\0\0\0\0\0\0\0\0\0\0\0\0\0\0\0\0\0\0\0\0\0\0\0\0\0\0\0\0\0\0\0\0\0\0\0\0'),(839,'tstenhousena',_binary 'xveEOtm2\0\0\0\0\0\0\0\0\0\0\0\0\0\0\0\0\0\0\0\0\0\0\0\0\0\0\0\0\0\0\0\0\0\0\0\0\0\0\0\0\0\0\0\0\0\0\0\0\0\0\0\0'),(840,'sclairnb',_binary 'X3BQ97f\0\0\0\0\0\0\0\0\0\0\0\0\0\0\0\0\0\0\0\0\0\0\0\0\0\0\0\0\0\0\0\0\0\0\0\0\0\0\0\0\0\0\0\0\0\0\0\0\0\0\0\0\0'),(841,'mtroync',_binary 'ARuzBN\0\0\0\0\0\0\0\0\0\0\0\0\0\0\0\0\0\0\0\0\0\0\0\0\0\0\0\0\0\0\0\0\0\0\0\0\0\0\0\0\0\0\0\0\0\0\0\0\0\0\0\0\0\0'),(842,'mdictynd',_binary 'jf179MLLBXu\0\0\0\0\0\0\0\0\0\0\0\0\0\0\0\0\0\0\0\0\0\0\0\0\0\0\0\0\0\0\0\0\0\0\0\0\0\0\0\0\0\0\0\0\0\0\0\0\0'),(843,'bpigeonne',_binary 's4JGRxzX\0\0\0\0\0\0\0\0\0\0\0\0\0\0\0\0\0\0\0\0\0\0\0\0\0\0\0\0\0\0\0\0\0\0\0\0\0\0\0\0\0\0\0\0\0\0\0\0\0\0\0\0'),(844,'hmayohnf',_binary '02Ep7cZb8\0\0\0\0\0\0\0\0\0\0\0\0\0\0\0\0\0\0\0\0\0\0\0\0\0\0\0\0\0\0\0\0\0\0\0\0\0\0\0\0\0\0\0\0\0\0\0\0\0\0\0'),(845,'litzaksonng',_binary 'hj6FGG\0\0\0\0\0\0\0\0\0\0\0\0\0\0\0\0\0\0\0\0\0\0\0\0\0\0\0\0\0\0\0\0\0\0\0\0\0\0\0\0\0\0\0\0\0\0\0\0\0\0\0\0\0\0'),(846,'aaucoatenh',_binary 'zKVC1N\0\0\0\0\0\0\0\0\0\0\0\0\0\0\0\0\0\0\0\0\0\0\0\0\0\0\0\0\0\0\0\0\0\0\0\0\0\0\0\0\0\0\0\0\0\0\0\0\0\0\0\0\0\0'),(847,'mlawleffni',_binary 'Tb948XkBe\0\0\0\0\0\0\0\0\0\0\0\0\0\0\0\0\0\0\0\0\0\0\0\0\0\0\0\0\0\0\0\0\0\0\0\0\0\0\0\0\0\0\0\0\0\0\0\0\0\0\0'),(848,'sshobrooknj',_binary 'KKoaiJ8Lf9O4\0\0\0\0\0\0\0\0\0\0\0\0\0\0\0\0\0\0\0\0\0\0\0\0\0\0\0\0\0\0\0\0\0\0\0\0\0\0\0\0\0\0\0\0\0\0\0\0'),(849,'bpimlocknk',_binary 'IS5jzOvJaM\0\0\0\0\0\0\0\0\0\0\0\0\0\0\0\0\0\0\0\0\0\0\0\0\0\0\0\0\0\0\0\0\0\0\0\0\0\0\0\0\0\0\0\0\0\0\0\0\0\0'),(850,'mbeardallnl',_binary '7KS3RMJl5uh\0\0\0\0\0\0\0\0\0\0\0\0\0\0\0\0\0\0\0\0\0\0\0\0\0\0\0\0\0\0\0\0\0\0\0\0\0\0\0\0\0\0\0\0\0\0\0\0\0'),(851,'ablaydesnm',_binary '3LU3PN07H\0\0\0\0\0\0\0\0\0\0\0\0\0\0\0\0\0\0\0\0\0\0\0\0\0\0\0\0\0\0\0\0\0\0\0\0\0\0\0\0\0\0\0\0\0\0\0\0\0\0\0'),(852,'abrieretonnn',_binary 'KQqcvU\0\0\0\0\0\0\0\0\0\0\0\0\0\0\0\0\0\0\0\0\0\0\0\0\0\0\0\0\0\0\0\0\0\0\0\0\0\0\0\0\0\0\0\0\0\0\0\0\0\0\0\0\0\0'),(853,'gbaumeno',_binary 'SBfodE9\0\0\0\0\0\0\0\0\0\0\0\0\0\0\0\0\0\0\0\0\0\0\0\0\0\0\0\0\0\0\0\0\0\0\0\0\0\0\0\0\0\0\0\0\0\0\0\0\0\0\0\0\0'),(854,'sheadechnp',_binary '12twf6VNmL\0\0\0\0\0\0\0\0\0\0\0\0\0\0\0\0\0\0\0\0\0\0\0\0\0\0\0\0\0\0\0\0\0\0\0\0\0\0\0\0\0\0\0\0\0\0\0\0\0\0'),(855,'mreeknq',_binary 'JgWKibhMmY5f\0\0\0\0\0\0\0\0\0\0\0\0\0\0\0\0\0\0\0\0\0\0\0\0\0\0\0\0\0\0\0\0\0\0\0\0\0\0\0\0\0\0\0\0\0\0\0\0'),(856,'ashoorbrookenr',_binary 'bpnZmnj\0\0\0\0\0\0\0\0\0\0\0\0\0\0\0\0\0\0\0\0\0\0\0\0\0\0\0\0\0\0\0\0\0\0\0\0\0\0\0\0\0\0\0\0\0\0\0\0\0\0\0\0\0'),(857,'doneillns',_binary 'mJtx7D\0\0\0\0\0\0\0\0\0\0\0\0\0\0\0\0\0\0\0\0\0\0\0\0\0\0\0\0\0\0\0\0\0\0\0\0\0\0\0\0\0\0\0\0\0\0\0\0\0\0\0\0\0\0'),(858,'tbawlesnt',_binary 'Wxcm64aGH6L\0\0\0\0\0\0\0\0\0\0\0\0\0\0\0\0\0\0\0\0\0\0\0\0\0\0\0\0\0\0\0\0\0\0\0\0\0\0\0\0\0\0\0\0\0\0\0\0\0'),(859,'fshortcliffenu',_binary 'qdWWunlePkN\0\0\0\0\0\0\0\0\0\0\0\0\0\0\0\0\0\0\0\0\0\0\0\0\0\0\0\0\0\0\0\0\0\0\0\0\0\0\0\0\0\0\0\0\0\0\0\0\0'),(860,'ghydechambersnv',_binary 'DEVKxc\0\0\0\0\0\0\0\0\0\0\0\0\0\0\0\0\0\0\0\0\0\0\0\0\0\0\0\0\0\0\0\0\0\0\0\0\0\0\0\0\0\0\0\0\0\0\0\0\0\0\0\0\0\0'),(861,'lpettsnw',_binary 'ieBk9adA\0\0\0\0\0\0\0\0\0\0\0\0\0\0\0\0\0\0\0\0\0\0\0\0\0\0\0\0\0\0\0\0\0\0\0\0\0\0\0\0\0\0\0\0\0\0\0\0\0\0\0\0'),(862,'akitternx',_binary 'nGBgvfb\0\0\0\0\0\0\0\0\0\0\0\0\0\0\0\0\0\0\0\0\0\0\0\0\0\0\0\0\0\0\0\0\0\0\0\0\0\0\0\0\0\0\0\0\0\0\0\0\0\0\0\0\0'),(863,'fcastagnony',_binary 'CTEF39\0\0\0\0\0\0\0\0\0\0\0\0\0\0\0\0\0\0\0\0\0\0\0\0\0\0\0\0\0\0\0\0\0\0\0\0\0\0\0\0\0\0\0\0\0\0\0\0\0\0\0\0\0\0'),(864,'gmcmanamennz',_binary 'NYOCOHC93mE\0\0\0\0\0\0\0\0\0\0\0\0\0\0\0\0\0\0\0\0\0\0\0\0\0\0\0\0\0\0\0\0\0\0\0\0\0\0\0\0\0\0\0\0\0\0\0\0\0'),(865,'jshintono0',_binary 'XVC1kmdTFK2b\0\0\0\0\0\0\0\0\0\0\0\0\0\0\0\0\0\0\0\0\0\0\0\0\0\0\0\0\0\0\0\0\0\0\0\0\0\0\0\0\0\0\0\0\0\0\0\0'),(866,'tbrunskillo1',_binary 'Bxj6IL\0\0\0\0\0\0\0\0\0\0\0\0\0\0\0\0\0\0\0\0\0\0\0\0\0\0\0\0\0\0\0\0\0\0\0\0\0\0\0\0\0\0\0\0\0\0\0\0\0\0\0\0\0\0'),(867,'cbehlingo2',_binary 'QHPD9ksDuj\0\0\0\0\0\0\0\0\0\0\0\0\0\0\0\0\0\0\0\0\0\0\0\0\0\0\0\0\0\0\0\0\0\0\0\0\0\0\0\0\0\0\0\0\0\0\0\0\0\0'),(868,'mmonkhouseo3',_binary 'HTOXLhmM3\0\0\0\0\0\0\0\0\0\0\0\0\0\0\0\0\0\0\0\0\0\0\0\0\0\0\0\0\0\0\0\0\0\0\0\0\0\0\0\0\0\0\0\0\0\0\0\0\0\0\0'),(869,'itoffanellio4',_binary 'sveEHkCQGJb\0\0\0\0\0\0\0\0\0\0\0\0\0\0\0\0\0\0\0\0\0\0\0\0\0\0\0\0\0\0\0\0\0\0\0\0\0\0\0\0\0\0\0\0\0\0\0\0\0'),(870,'oforesighto5',_binary 'YVRl9j\0\0\0\0\0\0\0\0\0\0\0\0\0\0\0\0\0\0\0\0\0\0\0\0\0\0\0\0\0\0\0\0\0\0\0\0\0\0\0\0\0\0\0\0\0\0\0\0\0\0\0\0\0\0'),(871,'ayeeleso6',_binary 'gPopPYIins\0\0\0\0\0\0\0\0\0\0\0\0\0\0\0\0\0\0\0\0\0\0\0\0\0\0\0\0\0\0\0\0\0\0\0\0\0\0\0\0\0\0\0\0\0\0\0\0\0\0'),(872,'dnoado7',_binary 'NNgpcadlZso\0\0\0\0\0\0\0\0\0\0\0\0\0\0\0\0\0\0\0\0\0\0\0\0\0\0\0\0\0\0\0\0\0\0\0\0\0\0\0\0\0\0\0\0\0\0\0\0\0'),(873,'csindleo8',_binary 'MslzmP1rHvt\0\0\0\0\0\0\0\0\0\0\0\0\0\0\0\0\0\0\0\0\0\0\0\0\0\0\0\0\0\0\0\0\0\0\0\0\0\0\0\0\0\0\0\0\0\0\0\0\0'),(874,'mhanneo9',_binary 'DbF33QBK\0\0\0\0\0\0\0\0\0\0\0\0\0\0\0\0\0\0\0\0\0\0\0\0\0\0\0\0\0\0\0\0\0\0\0\0\0\0\0\0\0\0\0\0\0\0\0\0\0\0\0\0'),(875,'cduinbletonoa',_binary 'bSFQkP\0\0\0\0\0\0\0\0\0\0\0\0\0\0\0\0\0\0\0\0\0\0\0\0\0\0\0\0\0\0\0\0\0\0\0\0\0\0\0\0\0\0\0\0\0\0\0\0\0\0\0\0\0\0'),(876,'rgarahanob',_binary 'RUFLMsO0z\0\0\0\0\0\0\0\0\0\0\0\0\0\0\0\0\0\0\0\0\0\0\0\0\0\0\0\0\0\0\0\0\0\0\0\0\0\0\0\0\0\0\0\0\0\0\0\0\0\0\0'),(877,'dcantooc',_binary 'qTGevgxZD6\0\0\0\0\0\0\0\0\0\0\0\0\0\0\0\0\0\0\0\0\0\0\0\0\0\0\0\0\0\0\0\0\0\0\0\0\0\0\0\0\0\0\0\0\0\0\0\0\0\0'),(878,'kkubinod',_binary 'maZVZyBKfum3\0\0\0\0\0\0\0\0\0\0\0\0\0\0\0\0\0\0\0\0\0\0\0\0\0\0\0\0\0\0\0\0\0\0\0\0\0\0\0\0\0\0\0\0\0\0\0\0'),(879,'sdavsonoe',_binary 'ezF2DDdCKs\0\0\0\0\0\0\0\0\0\0\0\0\0\0\0\0\0\0\0\0\0\0\0\0\0\0\0\0\0\0\0\0\0\0\0\0\0\0\0\0\0\0\0\0\0\0\0\0\0\0'),(880,'mbagshawof',_binary 'kcUo2Ps\0\0\0\0\0\0\0\0\0\0\0\0\0\0\0\0\0\0\0\0\0\0\0\0\0\0\0\0\0\0\0\0\0\0\0\0\0\0\0\0\0\0\0\0\0\0\0\0\0\0\0\0\0'),(881,'nkupperog',_binary 'JliKxY\0\0\0\0\0\0\0\0\0\0\0\0\0\0\0\0\0\0\0\0\0\0\0\0\0\0\0\0\0\0\0\0\0\0\0\0\0\0\0\0\0\0\0\0\0\0\0\0\0\0\0\0\0\0'),(882,'tcrinsonoh',_binary 'QBQBFP4e5k\0\0\0\0\0\0\0\0\0\0\0\0\0\0\0\0\0\0\0\0\0\0\0\0\0\0\0\0\0\0\0\0\0\0\0\0\0\0\0\0\0\0\0\0\0\0\0\0\0\0'),(883,'mpaitonoi',_binary 'IevBi5C8Ja1V\0\0\0\0\0\0\0\0\0\0\0\0\0\0\0\0\0\0\0\0\0\0\0\0\0\0\0\0\0\0\0\0\0\0\0\0\0\0\0\0\0\0\0\0\0\0\0\0'),(884,'jcasselyoj',_binary 'VMGuTgvZO\0\0\0\0\0\0\0\0\0\0\0\0\0\0\0\0\0\0\0\0\0\0\0\0\0\0\0\0\0\0\0\0\0\0\0\0\0\0\0\0\0\0\0\0\0\0\0\0\0\0\0'),(885,'mswindellsok',_binary '46TBzA\0\0\0\0\0\0\0\0\0\0\0\0\0\0\0\0\0\0\0\0\0\0\0\0\0\0\0\0\0\0\0\0\0\0\0\0\0\0\0\0\0\0\0\0\0\0\0\0\0\0\0\0\0\0'),(886,'hverlingol',_binary 'd4nmMnpdt3J\0\0\0\0\0\0\0\0\0\0\0\0\0\0\0\0\0\0\0\0\0\0\0\0\0\0\0\0\0\0\0\0\0\0\0\0\0\0\0\0\0\0\0\0\0\0\0\0\0'),(887,'whawkswoodom',_binary 'iwo1HlxGL8L6\0\0\0\0\0\0\0\0\0\0\0\0\0\0\0\0\0\0\0\0\0\0\0\0\0\0\0\0\0\0\0\0\0\0\0\0\0\0\0\0\0\0\0\0\0\0\0\0'),(888,'smounseyon',_binary 'nxgBPR\0\0\0\0\0\0\0\0\0\0\0\0\0\0\0\0\0\0\0\0\0\0\0\0\0\0\0\0\0\0\0\0\0\0\0\0\0\0\0\0\0\0\0\0\0\0\0\0\0\0\0\0\0\0'),(889,'cogradyoo',_binary 'tUEnaamOH\0\0\0\0\0\0\0\0\0\0\0\0\0\0\0\0\0\0\0\0\0\0\0\0\0\0\0\0\0\0\0\0\0\0\0\0\0\0\0\0\0\0\0\0\0\0\0\0\0\0\0'),(890,'dsawbridgeop',_binary 'fEa2nMGbn81j\0\0\0\0\0\0\0\0\0\0\0\0\0\0\0\0\0\0\0\0\0\0\0\0\0\0\0\0\0\0\0\0\0\0\0\0\0\0\0\0\0\0\0\0\0\0\0\0'),(891,'kclemensonoq',_binary '2sndGPr\0\0\0\0\0\0\0\0\0\0\0\0\0\0\0\0\0\0\0\0\0\0\0\0\0\0\0\0\0\0\0\0\0\0\0\0\0\0\0\0\0\0\0\0\0\0\0\0\0\0\0\0\0'),(892,'rfloodor',_binary 'DTQxHh\0\0\0\0\0\0\0\0\0\0\0\0\0\0\0\0\0\0\0\0\0\0\0\0\0\0\0\0\0\0\0\0\0\0\0\0\0\0\0\0\0\0\0\0\0\0\0\0\0\0\0\0\0\0'),(893,'pbyrdos',_binary 'Wjrm30zjEqdO\0\0\0\0\0\0\0\0\0\0\0\0\0\0\0\0\0\0\0\0\0\0\0\0\0\0\0\0\0\0\0\0\0\0\0\0\0\0\0\0\0\0\0\0\0\0\0\0'),(894,'mdufferot',_binary 'x4McqO\0\0\0\0\0\0\0\0\0\0\0\0\0\0\0\0\0\0\0\0\0\0\0\0\0\0\0\0\0\0\0\0\0\0\0\0\0\0\0\0\0\0\0\0\0\0\0\0\0\0\0\0\0\0'),(895,'kbambroughou',_binary 'WsxhF2ppTV4\0\0\0\0\0\0\0\0\0\0\0\0\0\0\0\0\0\0\0\0\0\0\0\0\0\0\0\0\0\0\0\0\0\0\0\0\0\0\0\0\0\0\0\0\0\0\0\0\0'),(896,'mmatkinov',_binary 'U2efINk6Kzb\0\0\0\0\0\0\0\0\0\0\0\0\0\0\0\0\0\0\0\0\0\0\0\0\0\0\0\0\0\0\0\0\0\0\0\0\0\0\0\0\0\0\0\0\0\0\0\0\0'),(897,'rframeow',_binary 'uOlAFOaggXY\0\0\0\0\0\0\0\0\0\0\0\0\0\0\0\0\0\0\0\0\0\0\0\0\0\0\0\0\0\0\0\0\0\0\0\0\0\0\0\0\0\0\0\0\0\0\0\0\0'),(898,'qspellardox',_binary '3gGolm3fuR5\0\0\0\0\0\0\0\0\0\0\0\0\0\0\0\0\0\0\0\0\0\0\0\0\0\0\0\0\0\0\0\0\0\0\0\0\0\0\0\0\0\0\0\0\0\0\0\0\0'),(899,'klineenoy',_binary 'Ya2nyO\0\0\0\0\0\0\0\0\0\0\0\0\0\0\0\0\0\0\0\0\0\0\0\0\0\0\0\0\0\0\0\0\0\0\0\0\0\0\0\0\0\0\0\0\0\0\0\0\0\0\0\0\0\0'),(900,'nvaudoz',_binary '4iSCCUqxvf\0\0\0\0\0\0\0\0\0\0\0\0\0\0\0\0\0\0\0\0\0\0\0\0\0\0\0\0\0\0\0\0\0\0\0\0\0\0\0\0\0\0\0\0\0\0\0\0\0\0'),(901,'llamburnep0',_binary 'F7HEvb\0\0\0\0\0\0\0\0\0\0\0\0\0\0\0\0\0\0\0\0\0\0\0\0\0\0\0\0\0\0\0\0\0\0\0\0\0\0\0\0\0\0\0\0\0\0\0\0\0\0\0\0\0\0'),(902,'cprandyp1',_binary 'OYMgT3g\0\0\0\0\0\0\0\0\0\0\0\0\0\0\0\0\0\0\0\0\0\0\0\0\0\0\0\0\0\0\0\0\0\0\0\0\0\0\0\0\0\0\0\0\0\0\0\0\0\0\0\0\0'),(903,'ttallp2',_binary 'CGKCkxw\0\0\0\0\0\0\0\0\0\0\0\0\0\0\0\0\0\0\0\0\0\0\0\0\0\0\0\0\0\0\0\0\0\0\0\0\0\0\0\0\0\0\0\0\0\0\0\0\0\0\0\0\0'),(904,'speacockp3',_binary 'tnYrI7HpVWX0\0\0\0\0\0\0\0\0\0\0\0\0\0\0\0\0\0\0\0\0\0\0\0\0\0\0\0\0\0\0\0\0\0\0\0\0\0\0\0\0\0\0\0\0\0\0\0\0'),(905,'mcarletonp4',_binary 'oZobn1TUL74\0\0\0\0\0\0\0\0\0\0\0\0\0\0\0\0\0\0\0\0\0\0\0\0\0\0\0\0\0\0\0\0\0\0\0\0\0\0\0\0\0\0\0\0\0\0\0\0\0'),(906,'dmacgillespiep5',_binary 'KkfVQe2ZZy7h\0\0\0\0\0\0\0\0\0\0\0\0\0\0\0\0\0\0\0\0\0\0\0\0\0\0\0\0\0\0\0\0\0\0\0\0\0\0\0\0\0\0\0\0\0\0\0\0'),(907,'smcdonoughp6',_binary 'qZvClj0\0\0\0\0\0\0\0\0\0\0\0\0\0\0\0\0\0\0\0\0\0\0\0\0\0\0\0\0\0\0\0\0\0\0\0\0\0\0\0\0\0\0\0\0\0\0\0\0\0\0\0\0\0'),(908,'cgerrietp7',_binary 'Hk3fH5o\0\0\0\0\0\0\0\0\0\0\0\0\0\0\0\0\0\0\0\0\0\0\0\0\0\0\0\0\0\0\0\0\0\0\0\0\0\0\0\0\0\0\0\0\0\0\0\0\0\0\0\0\0'),(909,'cverrallsp8',_binary 'kegAf9VDga\0\0\0\0\0\0\0\0\0\0\0\0\0\0\0\0\0\0\0\0\0\0\0\0\0\0\0\0\0\0\0\0\0\0\0\0\0\0\0\0\0\0\0\0\0\0\0\0\0\0'),(910,'whazelgrovep9',_binary 'JtsMshksN\0\0\0\0\0\0\0\0\0\0\0\0\0\0\0\0\0\0\0\0\0\0\0\0\0\0\0\0\0\0\0\0\0\0\0\0\0\0\0\0\0\0\0\0\0\0\0\0\0\0\0'),(911,'cguiverpa',_binary 'maLpJCbYNn\0\0\0\0\0\0\0\0\0\0\0\0\0\0\0\0\0\0\0\0\0\0\0\0\0\0\0\0\0\0\0\0\0\0\0\0\0\0\0\0\0\0\0\0\0\0\0\0\0\0'),(912,'bshaudfurthpb',_binary '8YpQk053mb\0\0\0\0\0\0\0\0\0\0\0\0\0\0\0\0\0\0\0\0\0\0\0\0\0\0\0\0\0\0\0\0\0\0\0\0\0\0\0\0\0\0\0\0\0\0\0\0\0\0'),(913,'bclaysonpc',_binary '7W7YXzU9ly0\0\0\0\0\0\0\0\0\0\0\0\0\0\0\0\0\0\0\0\0\0\0\0\0\0\0\0\0\0\0\0\0\0\0\0\0\0\0\0\0\0\0\0\0\0\0\0\0\0'),(914,'abaudetpd',_binary 'Pi9hTPTqukPy\0\0\0\0\0\0\0\0\0\0\0\0\0\0\0\0\0\0\0\0\0\0\0\0\0\0\0\0\0\0\0\0\0\0\0\0\0\0\0\0\0\0\0\0\0\0\0\0'),(915,'ksimonettpe',_binary 'YjiMl29ZbEgg\0\0\0\0\0\0\0\0\0\0\0\0\0\0\0\0\0\0\0\0\0\0\0\0\0\0\0\0\0\0\0\0\0\0\0\0\0\0\0\0\0\0\0\0\0\0\0\0'),(916,'bhanleypf',_binary 'MbBYIJe\0\0\0\0\0\0\0\0\0\0\0\0\0\0\0\0\0\0\0\0\0\0\0\0\0\0\0\0\0\0\0\0\0\0\0\0\0\0\0\0\0\0\0\0\0\0\0\0\0\0\0\0\0'),(917,'tprimettpg',_binary 'yILORpFpa6\0\0\0\0\0\0\0\0\0\0\0\0\0\0\0\0\0\0\0\0\0\0\0\0\0\0\0\0\0\0\0\0\0\0\0\0\0\0\0\0\0\0\0\0\0\0\0\0\0\0'),(918,'ikeetingph',_binary 'Am2QQqWcUL\0\0\0\0\0\0\0\0\0\0\0\0\0\0\0\0\0\0\0\0\0\0\0\0\0\0\0\0\0\0\0\0\0\0\0\0\0\0\0\0\0\0\0\0\0\0\0\0\0\0'),(919,'gmurtaghpi',_binary 'tzqim3VrEqh\0\0\0\0\0\0\0\0\0\0\0\0\0\0\0\0\0\0\0\0\0\0\0\0\0\0\0\0\0\0\0\0\0\0\0\0\0\0\0\0\0\0\0\0\0\0\0\0\0'),(920,'locurranpj',_binary 'kRBbWnM\0\0\0\0\0\0\0\0\0\0\0\0\0\0\0\0\0\0\0\0\0\0\0\0\0\0\0\0\0\0\0\0\0\0\0\0\0\0\0\0\0\0\0\0\0\0\0\0\0\0\0\0\0'),(921,'pdressellpk',_binary 'MOYTkwl5sLs\0\0\0\0\0\0\0\0\0\0\0\0\0\0\0\0\0\0\0\0\0\0\0\0\0\0\0\0\0\0\0\0\0\0\0\0\0\0\0\0\0\0\0\0\0\0\0\0\0'),(922,'jblackburnpl',_binary 'UBzwhQpDX\0\0\0\0\0\0\0\0\0\0\0\0\0\0\0\0\0\0\0\0\0\0\0\0\0\0\0\0\0\0\0\0\0\0\0\0\0\0\0\0\0\0\0\0\0\0\0\0\0\0\0'),(923,'paylettpm',_binary '4sdb6lv5p\0\0\0\0\0\0\0\0\0\0\0\0\0\0\0\0\0\0\0\0\0\0\0\0\0\0\0\0\0\0\0\0\0\0\0\0\0\0\0\0\0\0\0\0\0\0\0\0\0\0\0'),(924,'cbilovuspn',_binary 'JEeJ4vQ7\0\0\0\0\0\0\0\0\0\0\0\0\0\0\0\0\0\0\0\0\0\0\0\0\0\0\0\0\0\0\0\0\0\0\0\0\0\0\0\0\0\0\0\0\0\0\0\0\0\0\0\0'),(925,'vupcraftpo',_binary 'ehP9DbVP\0\0\0\0\0\0\0\0\0\0\0\0\0\0\0\0\0\0\0\0\0\0\0\0\0\0\0\0\0\0\0\0\0\0\0\0\0\0\0\0\0\0\0\0\0\0\0\0\0\0\0\0'),(926,'jfitzroypp',_binary '2yKxVs\0\0\0\0\0\0\0\0\0\0\0\0\0\0\0\0\0\0\0\0\0\0\0\0\0\0\0\0\0\0\0\0\0\0\0\0\0\0\0\0\0\0\0\0\0\0\0\0\0\0\0\0\0\0'),(927,'lmarrianpq',_binary 'pQqHrvDXVP\0\0\0\0\0\0\0\0\0\0\0\0\0\0\0\0\0\0\0\0\0\0\0\0\0\0\0\0\0\0\0\0\0\0\0\0\0\0\0\0\0\0\0\0\0\0\0\0\0\0'),(928,'jbattersbypr',_binary 'I5fpC5Cl\0\0\0\0\0\0\0\0\0\0\0\0\0\0\0\0\0\0\0\0\0\0\0\0\0\0\0\0\0\0\0\0\0\0\0\0\0\0\0\0\0\0\0\0\0\0\0\0\0\0\0\0'),(929,'bhowardgaterps',_binary '1UbZH6epZ\0\0\0\0\0\0\0\0\0\0\0\0\0\0\0\0\0\0\0\0\0\0\0\0\0\0\0\0\0\0\0\0\0\0\0\0\0\0\0\0\0\0\0\0\0\0\0\0\0\0\0'),(930,'bloveringpt',_binary '4yDsL88zm6sl\0\0\0\0\0\0\0\0\0\0\0\0\0\0\0\0\0\0\0\0\0\0\0\0\0\0\0\0\0\0\0\0\0\0\0\0\0\0\0\0\0\0\0\0\0\0\0\0'),(931,'msauterpu',_binary 'cWSytIEdcQp\0\0\0\0\0\0\0\0\0\0\0\0\0\0\0\0\0\0\0\0\0\0\0\0\0\0\0\0\0\0\0\0\0\0\0\0\0\0\0\0\0\0\0\0\0\0\0\0\0'),(932,'sreuterpv',_binary 'klEo9I9YXzQH\0\0\0\0\0\0\0\0\0\0\0\0\0\0\0\0\0\0\0\0\0\0\0\0\0\0\0\0\0\0\0\0\0\0\0\0\0\0\0\0\0\0\0\0\0\0\0\0'),(933,'mlowtonpw',_binary 'q60PuTKh\0\0\0\0\0\0\0\0\0\0\0\0\0\0\0\0\0\0\0\0\0\0\0\0\0\0\0\0\0\0\0\0\0\0\0\0\0\0\0\0\0\0\0\0\0\0\0\0\0\0\0\0'),(934,'rscocroftpx',_binary 'TzoUopWpqk\0\0\0\0\0\0\0\0\0\0\0\0\0\0\0\0\0\0\0\0\0\0\0\0\0\0\0\0\0\0\0\0\0\0\0\0\0\0\0\0\0\0\0\0\0\0\0\0\0\0'),(935,'esenechellpy',_binary 'VpZ9pnkbZ\0\0\0\0\0\0\0\0\0\0\0\0\0\0\0\0\0\0\0\0\0\0\0\0\0\0\0\0\0\0\0\0\0\0\0\0\0\0\0\0\0\0\0\0\0\0\0\0\0\0\0'),(936,'bwynepz',_binary 'v74Gcgb9\0\0\0\0\0\0\0\0\0\0\0\0\0\0\0\0\0\0\0\0\0\0\0\0\0\0\0\0\0\0\0\0\0\0\0\0\0\0\0\0\0\0\0\0\0\0\0\0\0\0\0\0'),(937,'akurtenq0',_binary 'mF2Wd2F\0\0\0\0\0\0\0\0\0\0\0\0\0\0\0\0\0\0\0\0\0\0\0\0\0\0\0\0\0\0\0\0\0\0\0\0\0\0\0\0\0\0\0\0\0\0\0\0\0\0\0\0\0'),(938,'ebracknellq1',_binary 'uaQdRSSzg\0\0\0\0\0\0\0\0\0\0\0\0\0\0\0\0\0\0\0\0\0\0\0\0\0\0\0\0\0\0\0\0\0\0\0\0\0\0\0\0\0\0\0\0\0\0\0\0\0\0\0'),(939,'karonsteinq2',_binary 'uggcERWA\0\0\0\0\0\0\0\0\0\0\0\0\0\0\0\0\0\0\0\0\0\0\0\0\0\0\0\0\0\0\0\0\0\0\0\0\0\0\0\0\0\0\0\0\0\0\0\0\0\0\0\0'),(940,'acathenodq3',_binary 'lRLGdfA\0\0\0\0\0\0\0\0\0\0\0\0\0\0\0\0\0\0\0\0\0\0\0\0\0\0\0\0\0\0\0\0\0\0\0\0\0\0\0\0\0\0\0\0\0\0\0\0\0\0\0\0\0'),(941,'kscoyneq4',_binary 'kqpOVwGOK\0\0\0\0\0\0\0\0\0\0\0\0\0\0\0\0\0\0\0\0\0\0\0\0\0\0\0\0\0\0\0\0\0\0\0\0\0\0\0\0\0\0\0\0\0\0\0\0\0\0\0'),(942,'dtheodorisq5',_binary 'kvq4DV1KZ\0\0\0\0\0\0\0\0\0\0\0\0\0\0\0\0\0\0\0\0\0\0\0\0\0\0\0\0\0\0\0\0\0\0\0\0\0\0\0\0\0\0\0\0\0\0\0\0\0\0\0'),(943,'lousbieq6',_binary 'eMPfY62nw\0\0\0\0\0\0\0\0\0\0\0\0\0\0\0\0\0\0\0\0\0\0\0\0\0\0\0\0\0\0\0\0\0\0\0\0\0\0\0\0\0\0\0\0\0\0\0\0\0\0\0'),(944,'rgerritzenq7',_binary 'WS9sMxfDnxgm\0\0\0\0\0\0\0\0\0\0\0\0\0\0\0\0\0\0\0\0\0\0\0\0\0\0\0\0\0\0\0\0\0\0\0\0\0\0\0\0\0\0\0\0\0\0\0\0'),(945,'ldevaneyq8',_binary 'M3ySzvZ\0\0\0\0\0\0\0\0\0\0\0\0\0\0\0\0\0\0\0\0\0\0\0\0\0\0\0\0\0\0\0\0\0\0\0\0\0\0\0\0\0\0\0\0\0\0\0\0\0\0\0\0\0'),(946,'kbotwoodq9',_binary 'CbM1bj2qY5G\0\0\0\0\0\0\0\0\0\0\0\0\0\0\0\0\0\0\0\0\0\0\0\0\0\0\0\0\0\0\0\0\0\0\0\0\0\0\0\0\0\0\0\0\0\0\0\0\0'),(947,'ccourageqa',_binary 'wp3fPsmdWC\0\0\0\0\0\0\0\0\0\0\0\0\0\0\0\0\0\0\0\0\0\0\0\0\0\0\0\0\0\0\0\0\0\0\0\0\0\0\0\0\0\0\0\0\0\0\0\0\0\0'),(948,'gjedrzejewiczqb',_binary 'L56lgMd\0\0\0\0\0\0\0\0\0\0\0\0\0\0\0\0\0\0\0\0\0\0\0\0\0\0\0\0\0\0\0\0\0\0\0\0\0\0\0\0\0\0\0\0\0\0\0\0\0\0\0\0\0'),(949,'rwhatsizeqc',_binary '7h421cXE7\0\0\0\0\0\0\0\0\0\0\0\0\0\0\0\0\0\0\0\0\0\0\0\0\0\0\0\0\0\0\0\0\0\0\0\0\0\0\0\0\0\0\0\0\0\0\0\0\0\0\0'),(950,'mdcostaqd',_binary '98MTtxp14QD\0\0\0\0\0\0\0\0\0\0\0\0\0\0\0\0\0\0\0\0\0\0\0\0\0\0\0\0\0\0\0\0\0\0\0\0\0\0\0\0\0\0\0\0\0\0\0\0\0'),(951,'kcreboqe',_binary 'OuKPG0fF6\0\0\0\0\0\0\0\0\0\0\0\0\0\0\0\0\0\0\0\0\0\0\0\0\0\0\0\0\0\0\0\0\0\0\0\0\0\0\0\0\0\0\0\0\0\0\0\0\0\0\0'),(952,'mmunseyqf',_binary 'fVa5yjaCRPM9\0\0\0\0\0\0\0\0\0\0\0\0\0\0\0\0\0\0\0\0\0\0\0\0\0\0\0\0\0\0\0\0\0\0\0\0\0\0\0\0\0\0\0\0\0\0\0\0'),(953,'vgullivanqg',_binary 'swILWEkkvv\0\0\0\0\0\0\0\0\0\0\0\0\0\0\0\0\0\0\0\0\0\0\0\0\0\0\0\0\0\0\0\0\0\0\0\0\0\0\0\0\0\0\0\0\0\0\0\0\0\0'),(954,'schessqh',_binary 'I1xamrXRZ\0\0\0\0\0\0\0\0\0\0\0\0\0\0\0\0\0\0\0\0\0\0\0\0\0\0\0\0\0\0\0\0\0\0\0\0\0\0\0\0\0\0\0\0\0\0\0\0\0\0\0'),(955,'ceasdonqi',_binary '8q3Dcga\0\0\0\0\0\0\0\0\0\0\0\0\0\0\0\0\0\0\0\0\0\0\0\0\0\0\0\0\0\0\0\0\0\0\0\0\0\0\0\0\0\0\0\0\0\0\0\0\0\0\0\0\0'),(956,'isibbeqj',_binary 'Olh7QVlIZav\0\0\0\0\0\0\0\0\0\0\0\0\0\0\0\0\0\0\0\0\0\0\0\0\0\0\0\0\0\0\0\0\0\0\0\0\0\0\0\0\0\0\0\0\0\0\0\0\0'),(957,'jaucourteqk',_binary 'MhWpY5c\0\0\0\0\0\0\0\0\0\0\0\0\0\0\0\0\0\0\0\0\0\0\0\0\0\0\0\0\0\0\0\0\0\0\0\0\0\0\0\0\0\0\0\0\0\0\0\0\0\0\0\0\0'),(958,'gwharmbyql',_binary 'axGmELjiR\0\0\0\0\0\0\0\0\0\0\0\0\0\0\0\0\0\0\0\0\0\0\0\0\0\0\0\0\0\0\0\0\0\0\0\0\0\0\0\0\0\0\0\0\0\0\0\0\0\0\0'),(959,'jgaskerqm',_binary 'dp7wFCWVn\0\0\0\0\0\0\0\0\0\0\0\0\0\0\0\0\0\0\0\0\0\0\0\0\0\0\0\0\0\0\0\0\0\0\0\0\0\0\0\0\0\0\0\0\0\0\0\0\0\0\0'),(960,'amatussevichqn',_binary 'zwR7iCdz\0\0\0\0\0\0\0\0\0\0\0\0\0\0\0\0\0\0\0\0\0\0\0\0\0\0\0\0\0\0\0\0\0\0\0\0\0\0\0\0\0\0\0\0\0\0\0\0\0\0\0\0'),(961,'adillonqo',_binary 'kuLqSLnE78x\0\0\0\0\0\0\0\0\0\0\0\0\0\0\0\0\0\0\0\0\0\0\0\0\0\0\0\0\0\0\0\0\0\0\0\0\0\0\0\0\0\0\0\0\0\0\0\0\0'),(962,'rjachimakqp',_binary 'UwB2iqUbaa\0\0\0\0\0\0\0\0\0\0\0\0\0\0\0\0\0\0\0\0\0\0\0\0\0\0\0\0\0\0\0\0\0\0\0\0\0\0\0\0\0\0\0\0\0\0\0\0\0\0'),(963,'rmutchqq',_binary 'S3TXpG\0\0\0\0\0\0\0\0\0\0\0\0\0\0\0\0\0\0\0\0\0\0\0\0\0\0\0\0\0\0\0\0\0\0\0\0\0\0\0\0\0\0\0\0\0\0\0\0\0\0\0\0\0\0'),(964,'pgiacopettiqr',_binary 'beZV4pRh7hl\0\0\0\0\0\0\0\0\0\0\0\0\0\0\0\0\0\0\0\0\0\0\0\0\0\0\0\0\0\0\0\0\0\0\0\0\0\0\0\0\0\0\0\0\0\0\0\0\0'),(965,'tvedenyakinqs',_binary 'WUph7kI9RAA6\0\0\0\0\0\0\0\0\0\0\0\0\0\0\0\0\0\0\0\0\0\0\0\0\0\0\0\0\0\0\0\0\0\0\0\0\0\0\0\0\0\0\0\0\0\0\0\0'),(966,'cmayouqt',_binary '3EiB8qHERzB\0\0\0\0\0\0\0\0\0\0\0\0\0\0\0\0\0\0\0\0\0\0\0\0\0\0\0\0\0\0\0\0\0\0\0\0\0\0\0\0\0\0\0\0\0\0\0\0\0'),(967,'kbesekequ',_binary 'pBzXkDI5F6n\0\0\0\0\0\0\0\0\0\0\0\0\0\0\0\0\0\0\0\0\0\0\0\0\0\0\0\0\0\0\0\0\0\0\0\0\0\0\0\0\0\0\0\0\0\0\0\0\0'),(968,'kyorkstonqv',_binary 'EuAoDjKleJ5c\0\0\0\0\0\0\0\0\0\0\0\0\0\0\0\0\0\0\0\0\0\0\0\0\0\0\0\0\0\0\0\0\0\0\0\0\0\0\0\0\0\0\0\0\0\0\0\0'),(969,'livashinnikovqw',_binary 'ydHU4Z2XMCh7\0\0\0\0\0\0\0\0\0\0\0\0\0\0\0\0\0\0\0\0\0\0\0\0\0\0\0\0\0\0\0\0\0\0\0\0\0\0\0\0\0\0\0\0\0\0\0\0'),(970,'fboheyqx',_binary 'LwrVJwp\0\0\0\0\0\0\0\0\0\0\0\0\0\0\0\0\0\0\0\0\0\0\0\0\0\0\0\0\0\0\0\0\0\0\0\0\0\0\0\0\0\0\0\0\0\0\0\0\0\0\0\0\0'),(971,'gpichefordqy',_binary 'KTjXEjA19L\0\0\0\0\0\0\0\0\0\0\0\0\0\0\0\0\0\0\0\0\0\0\0\0\0\0\0\0\0\0\0\0\0\0\0\0\0\0\0\0\0\0\0\0\0\0\0\0\0\0'),(972,'tbrimblecombqz',_binary 'pcCkvuLhU\0\0\0\0\0\0\0\0\0\0\0\0\0\0\0\0\0\0\0\0\0\0\0\0\0\0\0\0\0\0\0\0\0\0\0\0\0\0\0\0\0\0\0\0\0\0\0\0\0\0\0'),(973,'agurkor0',_binary '2pJxRhB\0\0\0\0\0\0\0\0\0\0\0\0\0\0\0\0\0\0\0\0\0\0\0\0\0\0\0\0\0\0\0\0\0\0\0\0\0\0\0\0\0\0\0\0\0\0\0\0\0\0\0\0\0'),(974,'mberriballr1',_binary 'R1VgjtB\0\0\0\0\0\0\0\0\0\0\0\0\0\0\0\0\0\0\0\0\0\0\0\0\0\0\0\0\0\0\0\0\0\0\0\0\0\0\0\0\0\0\0\0\0\0\0\0\0\0\0\0\0'),(975,'kinnottr2',_binary 'XeSvRGUtAE\0\0\0\0\0\0\0\0\0\0\0\0\0\0\0\0\0\0\0\0\0\0\0\0\0\0\0\0\0\0\0\0\0\0\0\0\0\0\0\0\0\0\0\0\0\0\0\0\0\0'),(976,'cpickwellr3',_binary 'Vl8Nru\0\0\0\0\0\0\0\0\0\0\0\0\0\0\0\0\0\0\0\0\0\0\0\0\0\0\0\0\0\0\0\0\0\0\0\0\0\0\0\0\0\0\0\0\0\0\0\0\0\0\0\0\0\0'),(977,'kwinslettr4',_binary 'BxQWT9D2yu\0\0\0\0\0\0\0\0\0\0\0\0\0\0\0\0\0\0\0\0\0\0\0\0\0\0\0\0\0\0\0\0\0\0\0\0\0\0\0\0\0\0\0\0\0\0\0\0\0\0'),(978,'dmaciejar5',_binary 'u9coZjPKpFho\0\0\0\0\0\0\0\0\0\0\0\0\0\0\0\0\0\0\0\0\0\0\0\0\0\0\0\0\0\0\0\0\0\0\0\0\0\0\0\0\0\0\0\0\0\0\0\0'),(979,'sfraynr6',_binary 'jTwfIQ\0\0\0\0\0\0\0\0\0\0\0\0\0\0\0\0\0\0\0\0\0\0\0\0\0\0\0\0\0\0\0\0\0\0\0\0\0\0\0\0\0\0\0\0\0\0\0\0\0\0\0\0\0\0'),(980,'ikieldr7',_binary '54RZLrctU6\0\0\0\0\0\0\0\0\0\0\0\0\0\0\0\0\0\0\0\0\0\0\0\0\0\0\0\0\0\0\0\0\0\0\0\0\0\0\0\0\0\0\0\0\0\0\0\0\0\0'),(981,'dstintonr8',_binary 'T30Ob79Py\0\0\0\0\0\0\0\0\0\0\0\0\0\0\0\0\0\0\0\0\0\0\0\0\0\0\0\0\0\0\0\0\0\0\0\0\0\0\0\0\0\0\0\0\0\0\0\0\0\0\0'),(982,'dnunesnabarror9',_binary 'Hl4cdvFXP\0\0\0\0\0\0\0\0\0\0\0\0\0\0\0\0\0\0\0\0\0\0\0\0\0\0\0\0\0\0\0\0\0\0\0\0\0\0\0\0\0\0\0\0\0\0\0\0\0\0\0'),(983,'tbengtsonra',_binary '1bv1fc\0\0\0\0\0\0\0\0\0\0\0\0\0\0\0\0\0\0\0\0\0\0\0\0\0\0\0\0\0\0\0\0\0\0\0\0\0\0\0\0\0\0\0\0\0\0\0\0\0\0\0\0\0\0'),(984,'jrowdenrb',_binary '8oCXWudX\0\0\0\0\0\0\0\0\0\0\0\0\0\0\0\0\0\0\0\0\0\0\0\0\0\0\0\0\0\0\0\0\0\0\0\0\0\0\0\0\0\0\0\0\0\0\0\0\0\0\0\0'),(985,'apaulatrc',_binary 'lY5eWC4\0\0\0\0\0\0\0\0\0\0\0\0\0\0\0\0\0\0\0\0\0\0\0\0\0\0\0\0\0\0\0\0\0\0\0\0\0\0\0\0\0\0\0\0\0\0\0\0\0\0\0\0\0'),(986,'mwhitewoodrd',_binary 'gGWH4Vu\0\0\0\0\0\0\0\0\0\0\0\0\0\0\0\0\0\0\0\0\0\0\0\0\0\0\0\0\0\0\0\0\0\0\0\0\0\0\0\0\0\0\0\0\0\0\0\0\0\0\0\0\0'),(987,'jvaggsre',_binary 'qsDxe9nJA5Qw\0\0\0\0\0\0\0\0\0\0\0\0\0\0\0\0\0\0\0\0\0\0\0\0\0\0\0\0\0\0\0\0\0\0\0\0\0\0\0\0\0\0\0\0\0\0\0\0'),(988,'bdwyrrf',_binary 'eEsawlnUs2i\0\0\0\0\0\0\0\0\0\0\0\0\0\0\0\0\0\0\0\0\0\0\0\0\0\0\0\0\0\0\0\0\0\0\0\0\0\0\0\0\0\0\0\0\0\0\0\0\0'),(989,'jspontonrg',_binary 'ugI6DvcI\0\0\0\0\0\0\0\0\0\0\0\0\0\0\0\0\0\0\0\0\0\0\0\0\0\0\0\0\0\0\0\0\0\0\0\0\0\0\0\0\0\0\0\0\0\0\0\0\0\0\0\0'),(990,'sbaudinsrh',_binary 'VXXJ3gJ\0\0\0\0\0\0\0\0\0\0\0\0\0\0\0\0\0\0\0\0\0\0\0\0\0\0\0\0\0\0\0\0\0\0\0\0\0\0\0\0\0\0\0\0\0\0\0\0\0\0\0\0\0'),(991,'fzywickiri',_binary 'kJ75eibb2\0\0\0\0\0\0\0\0\0\0\0\0\0\0\0\0\0\0\0\0\0\0\0\0\0\0\0\0\0\0\0\0\0\0\0\0\0\0\0\0\0\0\0\0\0\0\0\0\0\0\0'),(992,'ymaccaguerj',_binary 'tQp8cL\0\0\0\0\0\0\0\0\0\0\0\0\0\0\0\0\0\0\0\0\0\0\0\0\0\0\0\0\0\0\0\0\0\0\0\0\0\0\0\0\0\0\0\0\0\0\0\0\0\0\0\0\0\0'),(993,'kbrainrk',_binary 'k8YcOfP0Ig\0\0\0\0\0\0\0\0\0\0\0\0\0\0\0\0\0\0\0\0\0\0\0\0\0\0\0\0\0\0\0\0\0\0\0\0\0\0\0\0\0\0\0\0\0\0\0\0\0\0'),(994,'pcoolbearrl',_binary 'Si8KhWJQEH1\0\0\0\0\0\0\0\0\0\0\0\0\0\0\0\0\0\0\0\0\0\0\0\0\0\0\0\0\0\0\0\0\0\0\0\0\0\0\0\0\0\0\0\0\0\0\0\0\0'),(995,'bmackellarrm',_binary 'OCZ8Wds\0\0\0\0\0\0\0\0\0\0\0\0\0\0\0\0\0\0\0\0\0\0\0\0\0\0\0\0\0\0\0\0\0\0\0\0\0\0\0\0\0\0\0\0\0\0\0\0\0\0\0\0\0'),(996,'mbrunarn',_binary 'gvE4rl6Qxgt\0\0\0\0\0\0\0\0\0\0\0\0\0\0\0\0\0\0\0\0\0\0\0\0\0\0\0\0\0\0\0\0\0\0\0\0\0\0\0\0\0\0\0\0\0\0\0\0\0'),(997,'bjoutapaviciusro',_binary 'i5TUWZAoO4za\0\0\0\0\0\0\0\0\0\0\0\0\0\0\0\0\0\0\0\0\0\0\0\0\0\0\0\0\0\0\0\0\0\0\0\0\0\0\0\0\0\0\0\0\0\0\0\0'),(998,'wbridgemanrp',_binary 'ubj9ShA3c\0\0\0\0\0\0\0\0\0\0\0\0\0\0\0\0\0\0\0\0\0\0\0\0\0\0\0\0\0\0\0\0\0\0\0\0\0\0\0\0\0\0\0\0\0\0\0\0\0\0\0'),(999,'aridwoodrq',_binary '5R5ZQgMmB\0\0\0\0\0\0\0\0\0\0\0\0\0\0\0\0\0\0\0\0\0\0\0\0\0\0\0\0\0\0\0\0\0\0\0\0\0\0\0\0\0\0\0\0\0\0\0\0\0\0\0'),(1000,'bnatwickrr',_binary '5E0Xc8cWu7BS\0\0\0\0\0\0\0\0\0\0\0\0\0\0\0\0\0\0\0\0\0\0\0\0\0\0\0\0\0\0\0\0\0\0\0\0\0\0\0\0\0\0\0\0\0\0\0\0');
/*!40000 ALTER TABLE `account` ENABLE KEYS */;
UNLOCK TABLES;

--
-- Table structure for table `address`
--

DROP TABLE IF EXISTS `address`;
/*!40101 SET @saved_cs_client     = @@character_set_client */;
/*!50503 SET character_set_client = utf8mb4 */;
CREATE TABLE `address` (
  `id` int NOT NULL AUTO_INCREMENT,
  `number` int DEFAULT NULL,
  `address` varchar(100) DEFAULT NULL,
  `address2` varchar(100) DEFAULT NULL,
  `postal_code` varchar(45) DEFAULT NULL,
  `city` varchar(45) DEFAULT NULL,
  PRIMARY KEY (`id`),
  UNIQUE KEY `id_address_UNIQUE` (`id`)
) ENGINE=InnoDB AUTO_INCREMENT=1001 DEFAULT CHARSET=utf8;
/*!40101 SET character_set_client = @saved_cs_client */;

--
-- Dumping data for table `address`
--

LOCK TABLES `address` WRITE;
/*!40000 ALTER TABLE `address` DISABLE KEYS */;
INSERT INTO `address` VALUES (1,24,'Duke','','4595-075','Eiriz'),(2,6,'Orin','','','Uromi'),(3,8547,'Susan','','','Wenchang'),(4,396,'Forest','','','Tanjungsari Barat'),(5,3,'Weeping Birch','','3378','Puerto Esperanza'),(6,4,'Loftsgordon','','457 81','Tanumshede'),(7,50086,'Kropf','','442780','Bessonovka'),(8,953,'Golf Course','','','Jiaqiao'),(9,7,'Claremont','','','Gaplokan'),(10,7,'Kedzie','','','Nagrog'),(11,400,'Oxford','','','Skinos'),(12,8,'Artisan','','','Jianling'),(13,45,'Shoshone','','68500-000','Marab'),(14,789,'Bartelt','','','Qarwul'),(15,32658,'Donald','','','Nkayi'),(16,3,'Charing Cross','','','Gaotang'),(17,5,'Shoshone','','','Kwangju'),(18,6573,'Linden','','5297','Rona Dolina'),(19,4,'Melby','','','Jsk'),(20,3,'Killdeer','','','Pesisir'),(21,144,'Sunbrook','','','Dord'),(22,76582,'Crescent Oaks','','','Darvi'),(23,85791,'Mayfield','','','Montor Timur'),(24,716,'Ridgeview','','4500','Bascaron'),(25,7302,'Anzinger','','','Poarevac'),(26,3,'Tennyson','','10600','Kotikawatta'),(27,34,'Calypso','','5098','Bergen'),(28,60220,'Cherokee','','','Sala'),(29,98,'Ridgeway','','','Santa Brbara'),(30,521,'Sheridan','','94107','Miguel Aleman'),(31,9671,'Fulton','','','Kemb'),(32,48,'Ronald Regan','','','San Felipe'),(33,5,'Reindahl','','71404 CEDEX','Autun'),(34,9,'Russell','','','Bakadagy'),(35,8,'Granby','','7201','Panaytayon'),(36,53,'Meadow Vale','','','Wuxi'),(37,38766,'Crownhardt','','87505','Santa Fe'),(38,1224,'Hagan','','5949','La Tigra'),(39,9,'Del Sol','','','Yangdian'),(40,7722,'Waxwing','','2440-153','Cela'),(41,22,'Gerald','','05001','Escuintla'),(42,9413,'Red Cloud','','','Sonder'),(43,76,'Menomonie','','16135','Genova'),(44,50,'Prairieview','','999-3776','Higashine'),(45,31,'David','','48206','Detroit'),(46,45252,'Dorton','','17110','Harrisburg'),(47,0,'5th','','5607','Ondoy'),(48,854,'Service','','6712','Binulasan'),(49,96791,'Sage','','','Lianjiangkou'),(50,33,'Anniversary','','','Ilm'),(51,3,'Truax','','4107','Kanluran'),(52,6,'Lighthouse Bay','','','Kivsharivka'),(53,28940,'Homewood','','32249','Tovarnik'),(54,7,'Knutson','','','Rakai'),(55,9330,'Monterey','','','Lypnyazhka'),(56,9224,'Florence','','','Housuo'),(57,36,'Sachs','','6315','Ubay'),(58,0,'Wayridge','','','Yinyang'),(59,7,'Browning','','6419','San Vicente'),(60,165,'Esch','','','Henglian'),(61,2043,'Macpherson','','905 92','Ume'),(62,105,'Golf','','','Nanyanchuan'),(63,49,'Sage','','545 35','Treboda'),(64,5088,'Green','','','Pamakayo'),(65,36,'School','','','Edinburgh of the Seven Seas'),(66,36,'Oak Valley','','','Kalkal Barat'),(67,5,'Holmberg','','','Winong'),(68,7,'Lighthouse Bay','','31-827','Dzikw Stary'),(69,50613,'Dwight','','79550-000','Costa Rica'),(70,7,'Forest','','','Mengyin'),(71,827,'Lindbergh','','','Suidong'),(72,62539,'Oakridge','','301871','Yefremov'),(73,3017,'Dayton','','397229','Ternovka'),(74,7,'West','','771 31','Ludvika'),(75,22,'Rigney','','','Huangqi'),(76,9,'2nd','','','Leondio'),(77,52179,'Loomis','','','Xiexiong'),(78,534,'Tennyson','','34114','Naples'),(79,3,'Dovetail','','','Maodao'),(80,16,'Caliangt','','606363','Sovetskiy'),(81,6192,'Straubel','','','Puubheto'),(82,20433,'Raven','','','Tanout'),(83,0,'Northfield','','','Mangxing'),(84,18303,'Corry','','763558','Pradera'),(85,230,'Harbort','','','Surkhet'),(86,47,'Leroy','','','Yunguyo'),(87,8996,'Miller','','','Leye'),(88,4,'Straubel','','','San Nicols'),(89,619,'Kim','','675-0068','Ichinohe'),(90,261,'Gulseth','','','Kalemie'),(91,8366,'Raven','','','Beishidian'),(92,24,'Forest','','','Mets Parni'),(93,35,'Jana','','361023','Karagach'),(94,530,'Declaration','','','ldziyt'),(95,790,'Mariners Cove','','601545','Zolotkovo'),(96,804,'Buhler','','618409','Berezniki'),(97,415,'Grasskamp','','6103','Himaya'),(98,4,'Mosinee','','','Al Munrah'),(99,5572,'Village','','','Guandian'),(100,3041,'Esker','','25045 CEDEX','Besanon'),(101,0,'Johnson','Randy','46-024','ubniany'),(102,93407,'Mifflin','','3297','Raglan'),(103,3,'Montana','','','Munggang'),(104,7,'Golf','','','Gudang'),(105,8,'Hermina','','97435','Saint-Paul'),(106,7466,'Golf View','','78325-000','Aripuan'),(107,41,'Schiller','','350-1213','Takahagi'),(108,4,'Messerschmidt','','','Ozerne'),(109,29464,'Brown','','','Jiquinlaca'),(110,79792,'Dottie','','3404','Pinoma'),(111,9270,'Red Cloud','Mcguire','818-0138','noj'),(112,94,'Colorado','','3116','Nampicuan'),(113,369,'Roxbury','','','alwn'),(114,5,'Dovetail','','','Chosica'),(115,8704,'Tony','','901-0361','Itoman'),(116,96,'Union','','','Qiligang'),(117,83621,'Morning','','3102','Baliton'),(118,6,'Prairieview','','8316','Plottier'),(119,53281,'Ohio','','14085 CEDEX 9','Caen'),(120,8,'Muir','','89094','Viekniai'),(121,92355,'Barby','','71110','Tha Muang'),(122,34,'Warbler','','424 10','Angered'),(123,108,'Burrows','Dayton','142139','Ivanteyevka'),(124,0,'Glacier Hill','','7300','Begang'),(125,8,'Ruskin','','','Weton'),(126,3640,'Rockefeller','','18720-000','Paranapanema'),(127,31,'Drewry','','385321','Ust-Labinsk'),(128,47594,'Shoshone','','5370-182','Mirandela'),(129,95,'Waubesa','','','Gujba'),(130,56,'Kim','','','Machachi'),(131,201,'Brown','','','Gareba'),(132,8,'Dahle','','','Zemio'),(133,874,'Truax','','5125','Malvinas Argentinas'),(134,5219,'Mallard','','95930-000','Cruzeiro do Sul'),(135,3,'Westridge','','8113','Sampao'),(136,4316,'Fulton','Park Meadow','503-1305','Sobue'),(137,12,'Coolidge','','','Ochakiv'),(138,4939,'Michigan','','597 96','tvidaberg'),(139,389,'Sloan','','423524','Zainsk'),(140,737,'Montana','','33513','Zdenci'),(141,2638,'Autumn Leaf','','40000','Makovec'),(142,4,'American Ash','','10310','Udon Thani'),(143,3,'Bobwhite','','','Hatsavan'),(144,56,'Fisk','','','Ciekek'),(145,19,'Forster','','','Jiashi'),(146,7,'Springview','Cambridge','','Longka'),(147,21971,'Orin','','','Changlin'),(148,5,'Lillian','','68540-000','Conceio do Araguaia'),(149,42363,'Longview','','','Jrashen'),(150,380,'Farmco','','','Kaduela'),(151,8872,'Mariners Cove','','182460','Vybor'),(152,1147,'Havey','','34-125','Rzyki'),(153,527,'Mcguire','','87066 CEDEX 2','Limoges'),(154,1,'Schurz','','','Jiufang'),(155,682,'Autumn Leaf','','','Kanggye-si'),(156,27,'Hovde','Fair Oaks','','Bendosewu'),(157,20577,'Delaware','','','Sandu'),(158,1,'Pierstorff','','2971','Gotse Delchev'),(159,5,'Sunbrook','','11250-000','Bertioga'),(160,9115,'Melody','','','Darkton'),(161,32079,'Sauthoff','','','Lanjaghbyur'),(162,479,'Fieldstone','','','Pozhang'),(163,4,'Westridge','','28400-000','So Fidlis'),(164,530,'Welch','','252 45','Helsingborg'),(165,33171,'Towne','','68-343','Brody'),(166,14,'Carioca','','440 01','Louny'),(167,917,'Toban','','','Sovetakan'),(168,468,'Forest','','29551 CEDEX 9','Quimper'),(169,37,'Pennsylvania','','96818','Emiliano Zapata'),(170,6693,'Judy','Hudson','','Jinping'),(171,8,'Susan','','78050','Chak'),(172,5554,'Ohio','','839-1404','Morioka-shi'),(173,4778,'American Ash','','','La Sebala du Mornag'),(174,4086,'Marcy','','93311','Bakersfield'),(175,263,'Laurel','','','Bukbatang'),(176,7135,'Moose','','142451','Bronnitsy'),(177,380,'Basil','','8501','San Francisco'),(178,11,'Quincy','','','Daliuhao'),(179,88,'Dorton','','','Puyo'),(180,59,'Pennsylvania','','','Inukalns'),(181,8235,'Weeping Birch','','','Jiangcun'),(182,5,'Summit','','473-0938','Anj'),(183,0,'Nova','','65975-000','Estreito'),(184,7515,'Michigan','','','Paritaman'),(185,9,'Kennedy','','46406','Gary'),(186,212,'Sycamore','','11130','Bang Kruai'),(187,186,'Amoth','','','Gludug'),(188,660,'Stang','','368758','Usukhchay'),(189,969,'Russell','','63120','Ban Tak'),(190,849,'Havey','','33102','Cuauhtemoc'),(191,758,'Kings','','891 30','rnskldsvik'),(192,7,'Crescent Oaks','','','Eci'),(193,25,'Old Gate','','309311','Partizansk'),(194,6,'Union','','353187','Korenovsk'),(195,90,'Superior','','9217','Pagobilian'),(196,7,'Helena','','','Kulun'),(197,6045,'Harbort','','','Mellila'),(198,6,'Monument','','','Zangzhai'),(199,10,'Sutteridge','','','Ngulahan'),(200,683,'Harper','','','Yingta'),(201,8747,'Hayes','','','Kananga'),(202,827,'Bluestem','Meadow Valley','','Tegaldowo'),(203,512,'Daystar','','','Laborie'),(204,7,'Carey','','S9A','North Battleford'),(205,89,'Grim','','','Yabad'),(206,52544,'Butternut','','','Chengfeng'),(207,7313,'Farwell','','02019 CEDEX','Laon'),(208,392,'International','','','Banjarjo'),(209,9092,'Graceland','','','Druju'),(210,84237,'Kropf','','','Rosaspata'),(211,839,'Schiller','','949-0544','Itoigawa'),(212,66,'Buell','','820 01','Bratislava'),(213,2415,'Mccormick','','','Biha'),(214,37,'Twin Pines','Saint Paul','75648','Melaka'),(215,8420,'Columbus','','','Moquegua'),(216,1,'Moulton','','','Montalvo'),(217,57907,'Eliot','','443096','Kedrovyy'),(218,730,'Dorton','','3017','Bulacan'),(219,7855,'Artisan','','5140-058','Carrazeda de Ansies'),(220,46996,'Jana','','462781','Yasnyy'),(221,1581,'Gulseth','','5713','La Plata'),(222,843,'Golf','','42-152','Opatw'),(223,1634,'Portage','','59347-000','Ouro Branco'),(224,678,'Grover','','','Maji'),(225,442,'Atwood','','','Haoping'),(226,7113,'Village','','301382','Novogurovskiy'),(227,62976,'Westridge','','','Lushikeng'),(228,50,'Lindbergh','','736 25','Kungsr'),(229,3,'Doe Crossing','','3119','Cut-cut Primero'),(230,92,'Loomis','','6431','Mehendiganj'),(231,378,'Grasskamp','','79176','Amarillo'),(232,66352,'Di Loreto','','','Taounate'),(233,32,'Fairview','','562 24','Norrahammar'),(234,946,'Gerald','','130537','Villanueva'),(235,623,'Mayfield','','38-473','ki'),(236,9573,'Eagle Crest','','7031','Trondheim'),(237,96,'Anniversary','','65975-000','Estreito'),(238,12,'Brentwood','','6326','Anguil'),(239,70896,'Melody','','','Shaoxing'),(240,3461,'Iowa','','','Makariv'),(241,5,'Center','','','Karawatung'),(242,920,'Clove','','','Pandansari'),(243,69,'Morrow','','32-859','Zota'),(244,9,'Oxford','','6046','Minglanilla'),(245,9,'Northfield','','','Donghai'),(246,488,'Haas','','6204','Maastricht'),(247,77173,'Packers','','','Hongwn'),(248,46341,'Maryland','','','Masindi Port'),(249,17,'Prairieview','','352189','Otrado-Kubanskoye'),(250,8,'Heath','','44720-000','Miguel Calmon'),(251,2311,'Thierer','','','Arue'),(252,9455,'Colorado','','','Anka'),(253,8622,'Coolidge','','','Sankeng'),(254,8102,'Summerview','','N37','Dunleer'),(255,1125,'Hoepker','','363611','Kardzhin'),(256,2,'Manitowish','','55905','Rochester'),(257,562,'Golf View','','1485','Kalbugan'),(258,3,'Bunker Hill','','421 10','Vstra Frlunda'),(259,361,'Melody','','','Kumagunnam'),(260,80,'Pearson','','','Ordzhonikidze'),(261,662,'Buena Vista','','93605','Los Pinos'),(262,7,'Bartillon','','','Barmash'),(263,656,'Moland','','180559','Pskov'),(264,578,'Jay','','','Ssion'),(265,806,'Melody','','','Kopong'),(266,727,'Lindbergh','','','Ambato Boeny'),(267,277,'Brentwood','','','Jinta'),(268,1,'Sachs','','','Matsena'),(269,19786,'Prairie Rose','','','Sagua la Grande'),(270,8,'Stang','','','Sukorejo'),(271,89,'Northview','','671360','Bichura'),(272,0,'Superior','','385228','Pashkovskiy'),(273,370,'Vernon','','','Xinshi'),(274,92,'Debra','','188667','Toksovo'),(275,7147,'Karstens','','352762','Pereyaslovskaya'),(276,26972,'Petterle','','D11','Glasnevin'),(277,1,'Maywood','','446254','Bezenchuk'),(278,4021,'Scofield','','02005','Albacete'),(279,7,'Sutherland','','','Concepcin'),(280,25403,'Montana','','','Totora'),(281,452,'3rd','','','Semboropasar'),(282,629,'Lillian','','','Gubo'),(283,71,'Esch','','','Sala Crnobarski'),(284,18201,'Rowland','','2017','Linao'),(285,70,'5th','','9604','Parang'),(286,4,'Blaine','','17380-000','Brotas'),(287,3371,'Oxford','','55-070','Smolec'),(288,8,'Scoville','','','Lewolen'),(289,6,'Monterey','','46-250','Woczyn'),(290,19,'Logan','','','Houjiachuan'),(291,2628,'Old Shore','','50369','Des Moines'),(292,6,'Hollow Ridge','','','Airmadidi'),(293,972,'Farmco','','','Kapiri Mposhi'),(294,48183,'Utah','','','San Juan Bautista'),(295,8,'Green Ridge','','','Kivili'),(296,4322,'Lyons','','89355','Magdaleno Aguilar'),(297,94,'Oxford','','62-310','Pyzdry'),(298,308,'Hazelcrest','','','Volodymyr-Volynskyy'),(299,9537,'Debra','','69446 CEDEX 03','Lyon'),(300,89,'Bultman','','','Kharagauli'),(301,1,'1st','','','Xinyu'),(302,62,'Graceland','','','Varei'),(303,1,'Fisk','','2000-355','Alcanhes'),(304,32133,'Carpenter','','','Wuyang'),(305,39,'Brown','','174450','Moshenskoye'),(306,966,'Monument','','29051','Shorko'),(307,46436,'North','','73-121','Marianowo'),(308,677,'Packers','','31136','Atlanta'),(309,6834,'Namekagon','','','Calceta'),(310,949,'Pennsylvania','','','Zhuanshui'),(311,295,'Vernon','','','Petropavlovsk'),(312,6,'Washington','','','Sambonggede'),(313,79,'Warner','','243421','Mikhaylovsk'),(314,6033,'Duke','Barnett','79404 CEDEX','Saint-Maixent-l\'cole'),(315,420,'8th','','7008','Payao'),(316,60,'Redwing','','6602','Pbna'),(317,5,'Elgar','','66-130','Klenica'),(318,6862,'Sutherland','','9630-145','Nordeste'),(319,114,'Laurel','','','Acarigua'),(320,266,'Eliot','','48242','Detroit'),(321,7,'Susan','','','Yucun'),(322,172,'Oxford','','','Qiqin'),(323,97012,'Katie','','','Xinning'),(324,9059,'Garrison','','','Datian'),(325,223,'Pleasure','','','Somita'),(326,48525,'Mosinee','','','Yoro'),(327,3815,'Oneill','','13729 CEDEX','Marignane'),(328,1,'Cordelia','','','Atar'),(329,32,'Melby','','141860','Dedenvo'),(330,41650,'Granby','','','Mmaaf'),(331,1,'Sugar','','A84','Ashbourne'),(332,8,'Park Meadow','','','Xinhuang'),(333,4496,'Hintze','','','Kikinda'),(334,5,'6th','','','Padurung'),(335,8,'Lien','','','Shuanghe'),(336,4,'Stephen','Helena','','Dubravica'),(337,7088,'Gulseth','','','Benniu'),(338,2,'Nevada','','692425','Gornorechenskiy'),(339,1862,'Heffernan','','','Kuniran'),(340,9166,'6th','','','Funafuti'),(341,107,'Dryden','','','Jixian'),(342,4,'Doe Crossing','','','Qingshuitang'),(343,32281,'Elgar','','','Bangbayang'),(344,10,'Sherman','','','Imm ib'),(345,2,'David','','','Klina'),(346,99900,'Brown','','2580-306','Alenquer'),(347,61359,'Thierer','','','Yagoua'),(348,130,'Stuart','','','Malishka'),(349,9,'Larry','','444 32','Stenungsund'),(350,3,'Bellgrove','','375-0054','Kodamach-kodamaminami'),(351,62,'Dahle','','132527','Magangu'),(352,18650,'Merrick','','','Zhuyeping'),(353,80332,'New Castle','','','Afrn'),(354,4954,'Hauk','','4890-055','Arnoia'),(355,156,'Ronald Regan','','','Jiaotang'),(356,6101,'Knutson','','','Erhaodi'),(357,2,'Northwestern','Brentwood','10346','Slatina'),(358,52635,'Blue Bill Park','','44-362','Besznica'),(359,49471,'Lindbergh','','128 48','Bagarmossen'),(360,48,'Erie','','','Laoliangcang'),(361,41991,'Calypso','','32-083','Balice'),(362,172,'Pleasure','','','Hongor'),(363,0,'6th','','464 01','Frdlant'),(364,4,'Killdeer','','','Rende'),(365,197,'Calypso','Carioca','','Yanling'),(366,49035,'Bayside','','4785-231','Paradela'),(367,296,'Warner','','105 52','Stockholm'),(368,607,'Declaration','','5040','Ponong'),(369,419,'Evergreen','','87400-000','Cruzeiro do Oeste'),(370,2810,'Old Shore','','','Fukou'),(371,66814,'Brickson Park','','291 41','Kristianstad'),(372,575,'Northland','','','Obiaruku Quarters'),(373,9140,'Summerview','','135 34','Tyres'),(374,32,'Novick','','60284','San Isidro'),(375,6,'Sullivan','','639-1156','Tawaramoto'),(376,4367,'West','','444 32','Stenungsund'),(377,6801,'Hagan','','6536','Kampokpok'),(378,48,'Carioca','','44501','Viitasaari'),(379,59693,'5th','','','Sujji'),(380,9496,'Kensington','','','Bertoua'),(381,854,'Tomscot','','999-5313','Shinj'),(382,6,'Reinke','','','Bulgan'),(383,97,'Dawn','','','Chenzui'),(384,74,'Banding','','','Al Maydn'),(385,65179,'Johnson','','5400-339','Valongo'),(386,422,'Blaine','','','Tandou'),(387,7,'Transport','','','Smarhon'),(388,6627,'Morning','','','Chngju'),(389,6702,'Heath','','','Dasi'),(390,7,'Red Cloud','','','Gfyra'),(391,807,'Westend','','92500-000','Guaba'),(392,39,'Golf Course','','346763','Severnyy'),(393,60,'Oxford','','981-2501','Marumori'),(394,73,'Calypso','','6346','Totolan'),(395,6523,'Morrow','','','Bantu'),(396,57,'Tony','','74060','Alvaro Obregon'),(397,2,'Basil','','','Har-Us'),(398,83,'Loftsgordon','','','Igboho'),(399,7922,'Gulseth','','4133','Taywanak Ilaya'),(400,65326,'Truax','','54000-000','Jaboato dos Guararapes'),(401,14271,'Ruskin','','','Cireundang'),(402,7,'1st','','999-3776','Tend'),(403,1,'Dixon','','188992','Svetogorsk'),(404,19,'Rockefeller','','','Xianyan'),(405,1,'Petterle','','','Cinyumput'),(406,153,'Melvin','','','El Viejo'),(407,8250,'Leroy','','','Ambohitseheno'),(408,6375,'Barnett','','','Krasni Okny'),(409,5270,'Nancy','','','Xiangshi'),(410,2,'2nd','','','Xishanzui'),(411,671,'Dakota','','','Lmeng'),(412,86976,'Crowley','','','Bei'),(413,423,'Village Green','Barby','','Krajan Bejagung'),(414,864,'Veith','','','Dahua'),(415,7,'Leroy','','','Chitungwiza'),(416,9,'Grim','','71161','La Paz'),(417,3018,'Fremont','','','Dongjiahe'),(418,3295,'Huxley','','75693 CEDEX 14','Paris 14'),(419,882,'Saint Paul','','8229','Lelystad'),(420,3,'Sugar','','','Nangka'),(421,89650,'Graedel','','','Housuo'),(422,47637,'Service','','','Changtan'),(423,7006,'Bartillon','','7461','Bhtpra Abhaynagar'),(424,30742,'Bashford','','30370','Chaloem Phra Kiat'),(425,66,'Vahlen','','','Yangliu'),(426,57132,'Menomonie','','','Tuba'),(427,481,'Pine View','','','Hejiadong'),(428,93228,'Veith','','356235','Ufa'),(429,2623,'Merry','','','Paraso'),(430,358,'Heffernan','','','Piggs Peak'),(431,2800,'Aberg','','','Mtimbira'),(432,0,'Morning','','4805-223','Corvite'),(433,4419,'Cherokee','','4107','Prosperidad'),(434,9,'Red Cloud','','','Raa'),(435,4365,'Golf View','','','Tambawel'),(436,15,'Buell','','34-222','Grzechynia'),(437,31456,'Summer Ridge','','','Yunfeng'),(438,5350,'West','','','Rancabungur'),(439,9,'Mockingbird','','','Dawu'),(440,8,'Sunfield','','','Chiba'),(441,16485,'Lillian','','42-580','Psary'),(442,6,'Dixon','','76000','Jamshoro'),(443,9125,'5th','','','Daguo'),(444,326,'Nevada','','','Al liyah'),(445,501,'Clove','','59-501','Zotoryja'),(446,575,'Mosinee','','','Xiaoshan'),(447,44249,'Homewood','','','Ilopango'),(448,3,'Montana','','','Novoukrayinka'),(449,3764,'Mcbride','','S7K','Kensington'),(450,0,'Monterey','','70603','Pocora'),(451,668,'Emmet','','','Khnh Hi'),(452,1,'Express','','5311','Saidpur'),(453,2,'Northport','','','Baturaden'),(454,46,'Mitchell','','','Angochi'),(455,2458,'Kensington','','','Praia'),(456,3,'West','','5030-304','Boavista'),(457,3162,'7th','','34-143','Lanckorona'),(458,217,'Redwing','','','Utara'),(459,227,'Brentwood','','1091','Batobato'),(460,9086,'North','','','Dongping'),(461,1618,'David','','169270','Usogorsk'),(462,7170,'Pepper Wood','','','Cibeureum'),(463,1,'Washington','','','Lihu'),(464,16,'Del Mar','','','Linzi'),(465,8,'West','Harbort','','Velyki Mezhyrichi'),(466,5450,'Vidon','','82-100','Nowy Dwr Gdaski'),(467,44133,'Springs','','42207','Vinica'),(468,21,'Hooker','','','Baykonyr'),(469,840,'Ridgeway','','','Xiayang'),(470,964,'Helena','','249070','Kulunda'),(471,4848,'Johnson','','','Youhua'),(472,0,'Union','','','Temara'),(473,253,'Dixon','','','Gansa'),(474,771,'Rockefeller','','','Hongwei'),(475,6,'Kipling','','','Shagang'),(476,8,'Division','','3001','Paombong'),(477,531,'Meadow Ridge','','','Ulee Gle'),(478,801,'Forster','','00163','Roma'),(479,894,'Sherman','','574 28','Vetlanda'),(480,42723,'Messerschmidt','','30302','San Diego'),(481,428,'Victoria','','','Umuahia'),(482,49,'Center','','630099','Novosibirsk'),(483,147,'Lakewood Gardens','','188753','Michurinskoye'),(484,3172,'Petterle','','467-0862','Mombetsu'),(485,3,'Lindbergh','Harper','40170','Kranuan'),(486,5167,'Hazelcrest','','2260-510','Cardal'),(487,8,'Meadow Vale','','2021','Mexico'),(488,20,'Canary','','','Chenyangzhai'),(489,34,'Westridge','Goodland','','Sanhui'),(490,3,'Bartillon','','','Jianmin'),(491,8,'Kennedy','','3780-204','Anadia'),(492,398,'Banding','','','Konongo'),(493,97801,'Russell','','31120','Ban Lam Luk Ka'),(494,5528,'Katie','','','Nkhotakota'),(495,5,'Charing Cross','','','Ar Rumaythah'),(496,712,'Pond','','669-5313','Tsuruoka'),(497,7302,'Lindbergh','','','Th Trn Cao Lc'),(498,47165,'Elgar','','8924','Leeuwarden'),(499,30456,'Hoepker','','','Clarines'),(500,3,'Annamark','','5815','Tabuc Pontevedra'),(501,610,'Straubel','','5097','Mount Frere'),(502,9,'Chive','','','Fengyang'),(503,2827,'Mosinee','','439 07','Peruc'),(504,87977,'Brentwood','','','Palalang'),(505,881,'Glendale','','','Beidaihehaibin'),(506,6,'Thackeray','','','Su-dong'),(507,0,'Susan','','','Huxingshan'),(508,78,'Caliangt','','39520-000','Porteirinha'),(509,951,'Gulseth','','8504','Maibu'),(510,812,'Schmedeman','','','Azurduy'),(511,11839,'5th','','','Sukamenak'),(512,41,'Huxley','','','Nangabulik'),(513,572,'Forest Dale','','9209','Tubod'),(514,69,'Kennedy','Nelson','','Fusheng'),(515,48,'Old Gate','','','Marte'),(516,35400,'Graceland','','5222','Kobarid'),(517,47654,'Sunnyside','Northview','','Banjar Tibubiyu Kaja'),(518,0,'Luster','','43506','Deanovac'),(519,0,'Everett','','','Sixi'),(520,3176,'Lotheville','','','Shaheying'),(521,3,'Chive','','','Huertas'),(522,9554,'Summer Ridge','','9615','Mataya'),(523,4,'Havey','','','Jianshe'),(524,236,'Cherokee','8th','','Tangnan'),(525,76,'Linden','','366609','Katyr-Yurt'),(526,1,'Namekagon','','','Citambal'),(527,0,'Sutherland','','2360','Radlje ob Dravi'),(528,96,'Barby','','68145','Nios Heroes'),(529,123,'Nova','','','Rancabugel'),(530,111,'Hollow Ridge','Carpenter','14140-000','Cravinhos'),(531,32,'Arizona','','4336','Isugod'),(532,33955,'Forest','','733517','Flandes'),(533,0,'Dexter','','631 85','Eskilstuna'),(534,354,'Lien','','7630-305','Colos'),(535,6192,'Crowley','','','Palmira'),(536,460,'Brown','','','Zhengmo'),(537,82,'Mallard','','67321','Bhiria'),(538,96997,'Springs','','3830-268','Quints'),(539,532,'Straubel','','','Burujul'),(540,653,'Dawn','','','Varazqn'),(541,8,'Dottie','','8400','San Carlos de Bariloche'),(542,41,'Birchwood','','051457','Antioquia'),(543,6801,'Everett','','2514','Loyola'),(544,93,'Hagan','','G5R','Rivire-du-Loup'),(545,803,'Rockefeller','','','Druzhba'),(546,71,'Green','','','Alarobia'),(547,667,'Kennedy','','','Stanley'),(548,5,'Hayes','','','Huzhuang'),(549,3026,'Old Gate','','05-270','Marki'),(550,3,'Sachtjen','','55520-000','Ribeiro'),(551,4,'Dwight','','252 45','Helsingborg'),(552,93,'Westerfield','','','Qorovulbozor Shahri'),(553,4729,'Tony','','T1K','Lethbridge'),(554,2189,'Northfield','','','Jiaoyuan'),(555,217,'Moulton','','','Upata'),(556,39954,'Kropf','','44324 CEDEX 3','Nantes'),(557,1,'Grim','','2304','Mayantoc'),(558,9,'Forster','','','Huangcun'),(559,91,'Randy','','','Yijing'),(560,581,'Dwight','','','Huancapallac'),(561,781,'Eagle Crest','','17280-000','Pederneiras'),(562,65627,'Fulton','','','Huxiaoqiao'),(563,921,'School','','','Shuangshipu'),(564,23,'Spaight','','668134','Khandagayty'),(565,796,'Banding','','','Shuidun'),(566,89216,'Thackeray','','353983','Rayevskaya'),(567,7,'Pearson','','33686','Tampa'),(568,6486,'Hoard','','889-1404','Takanabe'),(569,6,'Mccormick','','','Catabola'),(570,251,'Stoughton','','9560-205','gua de Pau'),(571,2489,'Ohio','','','Kulevcha'),(572,7347,'Rutledge','','5027','Tubungan'),(573,906,'Green Ridge','','6501','Pawing'),(574,40331,'Memorial','','','Rahama'),(575,2,'Hovde','','T8C','Millet'),(576,14242,'Shoshone','','63455','Amado Nervo'),(577,90,'Hallows','','9009','Sebu'),(578,47547,'Corry','','','Mayisyan'),(579,24,'Westport','','','Snbong'),(580,53962,'Calypso','Boyd','2432',''),(581,0,'Karstens','Superior','','Trkmenabat'),(582,696,'Karstens','','30404 CEDEX','Villeneuve-ls-Avignon'),(583,4197,'Westerfield','','','Tebluru'),(584,4,'Canary','','','Ruangwa'),(585,188,'Birchwood','','397641','Mikhaylovka'),(586,8834,'North','','','Ngluweng Dua'),(587,2226,'Almo','','','Hn'),(588,71,'Riverside','','','Tabant'),(589,68930,'Jay','','2000','Samokov'),(590,114,'Schurz','','9211','Sumalig'),(591,49654,'5th','','','Porlamar'),(592,51113,'Grim','','','Dengfang'),(593,52,'7th','','416357','Volgo-Kaspiyskiy'),(594,762,'Mitchell','','601642','Karabanovo'),(595,2513,'Cardinal','','1681','Pangpang'),(596,23633,'Brickson Park','','7005','Kabasalan'),(597,24,'Columbus','','','Qu Sn'),(598,8,'Scoville','','13250','Bang Ban'),(599,23,'Elgar','','','Kasreman Wetan'),(600,85,'Mallory','','37240','Nashville'),(601,8,'Homewood','','','Baizhang'),(602,4,'Maryland','','302025','Yaroslavl'),(603,46,'Kedzie','','','Quinuabamba'),(604,328,'Fremont','','','Telengsari'),(605,7,'Lotheville','','21-065','Rybczewice'),(606,294,'Memorial','','31069 CEDEX 7','Toulouse'),(607,30615,'Texas','','2765-184','Estoril'),(608,48872,'Havey','','28225','Charlotte'),(609,59,'Anzinger','','66-350','Bledzew'),(610,6373,'Amoth','','','Kyperonta'),(611,1860,'Moland','','','Kushov'),(612,132,'Merry','','','Baiqi'),(613,202,'Leroy','','','Xuanhua'),(614,3816,'Crest Line','','','Rancabuaya'),(615,6,'Waxwing','','A91','Dunlewy'),(616,29,'Sommers','','','Huagu'),(617,9094,'Hansons','','','Padangan'),(618,73,'Johnson','','R2J','Kamsack'),(619,6522,'Bobwhite','','07013','San Lucas Tolimn'),(620,2416,'La Follette','','','Hu Ngha'),(621,24,'Fisk','','','Jifarong'),(622,987,'Carioca','','4676','Kristiansand S'),(623,916,'5th','','','Pueblo Nuevo'),(624,3,'Dapin','','49937 CEDEX 9','Angers'),(625,42708,'Loeprich','','95319 CEDEX','Cergy-Pontoise'),(626,2,'Main','','607612','Burevestnik'),(627,7579,'Knutson','','','Sqayn'),(628,14211,'Helena','','','Yanshang'),(629,20184,'Westend','','671 65','ejkovice'),(630,9459,'Center','','35351','Bhawna'),(631,896,'Canary','','26003 CEDEX','Valence'),(632,548,'Red Cloud','','','Pomahan'),(633,6,'Summerview','','','Nioki'),(634,48672,'Express','','16565','Erie'),(635,86,'Jay','','','Kamina'),(636,3360,'Carberry','','','Lahat'),(637,4,'Cherokee','','8702','Impalutao'),(638,87376,'Rigney','','28020','Madrid'),(639,3,'Elka','','','Ban an Nahr'),(640,4,'Emmet','','9497','Triesenberg'),(641,58861,'Troy','','8316','Plottier'),(642,1187,'Eliot','','8300','Neuqun'),(643,2,'Mockingbird','','12120','Khlong Luang'),(644,56,'Loeprich','','','Gjinkar'),(645,742,'Dahle','Vermont','','Nungwi'),(646,2351,'Sherman','Jay','','Akouda'),(647,9440,'Union','','','Klatakan'),(648,71522,'Kim','','4605-431','Cruz'),(649,27143,'Cardinal','','751 22','Osek nad Bevou'),(650,239,'Ilene','','47700-000','Santana'),(651,9633,'Eagle Crest','','','Kalangsari'),(652,3090,'Mesta','','446600','Neftegorsk'),(653,804,'Birchwood','','5018','Cassanayan'),(654,96208,'Sachs','','','Shifo'),(655,16866,'Mockingbird','','21002','San Pedro Pinula'),(656,46908,'Manley','','2440-341','Casal do Relvas'),(657,3210,'Dawn','','','Nanmu'),(658,7,'Northland','','','Zongzhai'),(659,97,'Fremont','','','Stoney Ground'),(660,28,'Prairieview','','','Agkathi'),(661,37903,'Mandrake','','','Roa'),(662,17,'Grayhawk','','','Xintai'),(663,640,'Monterey','','','Savalou'),(664,2980,'Veith','','64150','Khueang Nai'),(665,7291,'Jay','','979-1501','Tatsuno'),(666,5,'Mariners Cove','','1270','Dolo'),(667,4,'Lakeland','','','Xicheng'),(668,58,'Iowa','','10105','New York City'),(669,97,'Sheridan','Bonner','','Bolian'),(670,79664,'Alpine','','','Saint George\'s'),(671,95096,'Luster','','6406','Hanggan'),(672,80,'Sachtjen','','','Dubreuil'),(673,82,'Northport','','2420-316','Ferreiros'),(674,39902,'Bluestem','','','Xishaping'),(675,2613,'Westport','','','Sembakung'),(676,43,'Michigan','','397440','Novokhoprsk'),(677,1,'Eastlawn','','','Guohua'),(678,3,'Maple Wood','','','Xilong'),(679,55,'Graedel','','0162','Oslo'),(680,44,'Village Green','Russell','','Qindu'),(681,807,'Jenifer','','','Fika'),(682,2640,'Heffernan','','76110','Fort Worth'),(683,2,'Fordem','','','Zaoxi'),(684,51,'Truax','','357005','Konvo'),(685,6,'Arapahoe','','26209 CEDEX','Montlimar'),(686,660,'Sundown','','338 45','Straice'),(687,7,'Lerdahl','','62-571','Stare Miasto'),(688,17,'Fremont','','','Krajan Puger Wetan'),(689,3732,'Derek','','','Syevyerodonetsk'),(690,9535,'Lotheville','','','Yangguao'),(691,58,'Aberg','','177089','Anserma'),(692,11,'Prairieview','','','San Casimiro'),(693,7,'Eggendart','','','Qumudi'),(694,2820,'Texas','','','El Aoun'),(695,875,'Forest','','6545','Kawayan'),(696,1,'Pleasure','','','Bulakan'),(697,4,'Farragut','','353421','Vityazevo'),(698,3,'Johnson','','363611','Kardzhin'),(699,0,'Bashford','','65268-000','Cururupu'),(700,6818,'Manitowish','','461990','Smyshlyayevka'),(701,57576,'Leroy','','169205','Yemva'),(702,1,'Forest','','','Dongxin'),(703,73047,'Petterle','','4158','La Calera'),(704,4,'Raven','','','Xiaochi'),(705,61342,'Pine View','','','Thanh Chng'),(706,46,'Bunker Hill','','','Yangcun'),(707,70,'Aberg','Menomonie','','Bokor'),(708,71,'Waubesa','','J7J','Blainville'),(709,95,'Golf View','','','Xintaimen'),(710,9,'Petterle','','','Mazha'),(711,454,'Express','','30240','Ban Huai Thalaeng'),(712,7352,'Macpherson','','','Shangping'),(713,977,'Forest Run','','','Ganja'),(714,7766,'Darwin','','739 94','Tinec'),(715,8,'Cherokee','','','Cisitu'),(716,4,'La Follette','','455051','Magnitogorsk'),(717,5119,'American Ash','','440 01','Dobromice'),(718,52747,'Stang','','68625-000','Paragominas'),(719,345,'Cottonwood','','4970-585','Portela'),(720,245,'Briar Crest','','613155','Slobodskoy'),(721,6,'Ludington','','','Tipitapa'),(722,4734,'Donald','','','Hariang'),(723,3,'Dryden','','45810-000','Porto Seguro'),(724,9528,'Vahlen','','','Ngasinan'),(725,2,'Atwood','','','Krajan'),(726,6,'Ramsey','','','Tn Sn'),(727,22,'Nova','','','Zhangping'),(728,9,'Drewry','','27443','Benito Juarez'),(729,74,'Eagan','','2580-128','Atouguia'),(730,57,'Bonner','North','33715','Saint Petersburg'),(731,3952,'Dixon','','','Mahe'),(732,4,'Moulton','','254 62','Helsingborg'),(733,35,'Oriole','Heath','','Tualeu'),(734,78182,'Sherman','','700-0904','Ushibuka'),(735,87143,'Superior','','','Orange Walk'),(736,77,'Oakridge','','','Pucangkrajan'),(737,746,'Pierstorff','','','Kidodi'),(738,6499,'Northridge','','','Gaogu'),(739,968,'Delaware','','','Gelap'),(740,1,'Hollow Ridge','','7947','Pleasant Point'),(741,971,'Dexter','','43161','San Jose'),(742,8,'High Crossing','','','Kalapadua'),(743,3,'Paget','','959-1146','Sanj'),(744,90,'Montana','','990-0054','Muikamachi'),(745,41,'Stang','','20575','Washington'),(746,538,'Melby','','','Youkounkoun'),(747,63800,'Rowland','Calypso','242315','Lokot'),(748,9569,'East','','25071 CEDEX 9','Besanon'),(749,91,'Doe Crossing','','45999','Cincinnati'),(750,2637,'Fremont','','7320-105','Castelo de Vide'),(751,40,'Granby','','','Letlhakane'),(752,90778,'Meadow Valley','','63-460','Nowe Skalmierzyce'),(753,4553,'Talisman','Monterey','353490','Divnomorskoye'),(754,44,'Nova','','','Shuozhou'),(755,35,'Southridge','','787 01','umperk'),(756,1921,'Hintze','','152000','Berendeyevo'),(757,8,'Westport','','7100-150','Monte da Boavista'),(758,40297,'Anniversary','','','Vallegrande'),(759,14428,'Village Green','','','Qiangqinxue'),(760,958,'Scofield','','','Jiaqu'),(761,179,'Marcy','','','Pasuruan'),(762,4169,'Linden','','','Tiadiaye'),(763,22318,'La Follette','','303320','Zmiyvka'),(764,766,'Ramsey','','','Maintirano'),(765,8,'Hoffman','','','La Floresta'),(766,4,'Eagan','Sycamore','14300','Renko'),(767,27,'Esch','','KCM','Kerem'),(768,11,'Elka','','456660','Miasskoye'),(769,3,'Riverside','','5039','San Rafael'),(770,17,'West','','','Quillo'),(771,541,'Pleasure','','36400-000','Conselheiro Lafaiete'),(772,9183,'Grover','','','Butere'),(773,9,'Corben','','','Situ'),(774,2,'Sachtjen','','38900-000','Bambu'),(775,4305,'Mayfield','','','Ab Tj'),(776,6,'2nd','','','Nanshi'),(777,1567,'Dakota','','','Korniyivka'),(778,88,'Hermina','','606657','Semnov'),(779,7,'Green Ridge','','39051','Nrang'),(780,538,'Hazelcrest','','','Rohia'),(781,62,'Lake View','','892-0873','Kagoshima-shi'),(782,8250,'Linden','','','Yongan'),(783,9,'Gina','','','Tangnan'),(784,4664,'Steensland','','44159 CEDEX','Ancenis'),(785,135,'Arrowood','','','Xihe'),(786,0,'Sloan','','88540','Kota Kinabalu'),(787,7,'Carioca','','','Baiyin'),(788,74,'Mallard','','1720','Tagum'),(789,39,'Red Cloud','','','Binzhou'),(790,6,'Stone Corner','','47307','Petaling Jaya'),(791,17,'Westridge','','','Reitoca'),(792,7,'Forest','','302525','Staryy Togul'),(793,17,'Northport','','','Gujiang'),(794,38884,'Waywood','','93094','Simi Valley'),(795,491,'Spenser','','','Zhushan'),(796,0,'Riverside','','','Duut'),(797,89,'Dennis','','3870-207','Pardelhas'),(798,9,'Canary','','','Yinchuan'),(799,0,'Hoard','Merrick','07404 CEDEX','Le Teil'),(800,0,'Beilfuss','','','Megalochrion'),(801,949,'Sunnyside','','5712','Pandan'),(802,1292,'Westend','','99750','Magisterial'),(803,41,'Roxbury','','','Kradinan'),(804,2982,'Hallows','','507 13','eleznice'),(805,8,'Gateway','','','Cisewu'),(806,325,'Pierstorff','','','Tomohon'),(807,319,'Parkside','','','Borjen'),(808,680,'Kingsford','','','Nguken'),(809,970,'Arizona','','49560','Grand Rapids'),(810,7,'Gateway','','','Hongxing'),(811,92387,'Golden Leaf','','','Nanshe'),(812,4250,'Moland','','','Jinchang'),(813,76,'Dorton','','','Kunwi'),(814,4,'North','','','Lima Pampa'),(815,0,'Sundown','','6700','Takub'),(816,8670,'Monica','','','Logung'),(817,50,'Trailsway','','','Bulag'),(818,4056,'Sunbrook','','7412','Siasi'),(819,2,'Pond','','','Dongtundu'),(820,5938,'Mallory','Becker','','Wates'),(821,46573,'Northfield','','386 35','Frjestaden'),(822,65,'Arkansas','','613155','Slobodskoy'),(823,342,'Loeprich','','','Baishi'),(824,3130,'Northland','','','Tekeli'),(825,824,'Scoville','','188667','Toksovo'),(826,86904,'Merchant','','50943','Kuala Lumpur'),(827,10,'Vera','','6116','Imbang'),(828,46,'Gateway','','','Daping'),(829,22,'Knutson','','','Darma'),(830,544,'Hoffman','','','Nianba'),(831,69,'Fulton','','44194 CEDEX','Clisson'),(832,16,'Utah','','8508','La Paz'),(833,4,'Debra','','63-460','Nowe Skalmierzyce'),(834,1969,'Cambridge','','78181 CEDEX','Saint-Quentin-en-Yvelines'),(835,24275,'Oak Valley','','215723','Yakovlevo'),(836,6801,'Everett','','1040','Butel'),(837,8976,'Norway Maple','','8328','Allen'),(838,939,'Debra','','','Hechuan'),(839,1929,'Dennis','','1239','Budapest'),(840,6875,'Sugar','','','Concordia'),(841,228,'Dennis','','','Hugang'),(842,83986,'Sachs','','187742','Vazhiny'),(843,9,'Colorado','','','Bubullim'),(844,19959,'Bultman','','','Kafir Qala'),(845,6240,'Paget','','','Dawu'),(846,9059,'Rusk','','','Jinguoping'),(847,214,'Johnson','','','Tireman Timur'),(848,5406,'Sugar','','','Heze'),(849,793,'Lakeland','Eggendart','','Gandiaye'),(850,376,'Bellgrove','','32225','Bobota'),(851,57615,'Hauk','','624287','Malysheva'),(852,1005,'Judy','','','Baiyushan'),(853,79,'6th','','4990-690','Cachadinha'),(854,8834,'Messerschmidt','','','Berat'),(855,971,'Valley Edge','','933 82','Arvidsjaur'),(856,8308,'Merrick','','','Falvarjn'),(857,4332,'Glendale','','64185 CEDEX','Bayonne'),(858,35,'Hanover','','','Hualgayoc'),(859,6349,'Elgar','','','Mollebamba'),(860,3,'Glacier Hill','','','Tabasalu'),(861,251,'Macpherson','','253608','San Francisco'),(862,46351,'Cardinal','','','Pingyang'),(863,898,'Saint Paul','','2422','Talospatang'),(864,2621,'American','','V9L','North Cowichan'),(865,33167,'Birchwood','','','Erba'),(866,97,'Hallows','','32128','Daytona Beach'),(867,502,'International','','','Meniko'),(868,0,'Kinsman','','','Diaowei'),(869,7631,'West','','','Rongwo'),(870,7,'Novick','','','Sopla'),(871,51654,'Aberg','','13024','San Antonio Huista'),(872,552,'Havey','','9210','Phultala'),(873,52,'Northridge','','','Maba'),(874,3,'Glacier Hill','','J8Y','Ottawa'),(875,87,'Riverside','','','Pandanwangi'),(876,4,'Hoffman','','','Heshi'),(877,731,'Village','','8418','Libas'),(878,28478,'Melrose','','','Luojiang'),(879,20,'School','','','Yanghu'),(880,4,'Esch','','69685-000','Tonantins'),(881,11279,'Emmet','','','Balun'),(882,2,'Loftsgordon','','','Loga'),(883,564,'Forest Run','','','Naj ammd'),(884,16,'Ilene','','666','Eystur'),(885,49,'Merrick','','701 43','rebro'),(886,8600,'Jenna','','','Mzan Tefer'),(887,38056,'Shasta','','','Beiquan'),(888,96821,'Rigney','','J6V','Repentigny'),(889,571,'Blackbird','','','Kota Trieng'),(890,23,'Florence','','','Metahra'),(891,0,'Fallview','','6813','Mayo'),(892,51,'Sachs','','','Wuda'),(893,84563,'Veith','','891-7611','Amagi'),(894,329,'Butterfield','','33-115','Janowice'),(895,709,'Saint Paul','','','Pilang'),(896,613,'Steensland','','','Xiashe'),(897,47,'Novick','','93300-000','Novo Hamburgo'),(898,96885,'Utah','','190','Vogar'),(899,8,'Vahlen','','527548','La Tola'),(900,1,'East','','','Tianxing'),(901,40,'Bunting','','14815-000','Ibat'),(902,823,'Eggendart','','','Pidhaytsi'),(903,67727,'Northwestern','','1808','Nangka'),(904,726,'Waubesa','','62-590','Golina'),(905,6,'Cherokee','','','Sabunu'),(906,50048,'Melby','','453150','Karmaskaly'),(907,72,'Carberry','','','Chapayeve'),(908,828,'Debra','','','Gaoming'),(909,90,'Tomscot','','33436','Boynton Beach'),(910,1736,'Cherokee','','','Mizhhirya'),(911,96,'Arapahoe','','','Herong'),(912,4269,'Shopko','Welch','963-7856','Shiroishi'),(913,336,'Tennessee','','','Renhe'),(914,5,'Eggendart','','','Plumtree'),(915,2761,'Lakewood','Fallview','11512','Hondo Valle'),(916,75,'Johnson','','','Leipso'),(917,94,'Petterle','','','Al Baqliah'),(918,4,'Havey','','422549','Zelenodolsk'),(919,7,'Logan','Myrtle','47-244','Dziergowice'),(920,274,'Lakewood Gardens','','','Sojo'),(921,84,'Prentice','','97240','Portland'),(922,7890,'Holy Cross','','186822','Salmi'),(923,743,'Amoth','','','Xiaotao'),(924,4,'Meadow Vale','','','Baiqi'),(925,94,'Loftsgordon','','','El Monte'),(926,5,'Loeprich','','71984','Las Palmas'),(927,3785,'Summer Ridge','','','Jinlong'),(928,997,'Columbus','','7030','Legrada'),(929,8,'Lindbergh','','','Shuanglong'),(930,2,'Judy','','','Nangxian'),(931,97,'Ridgeway','Anzinger','','Amparafaravola'),(932,7,'Service','','','Jingnao'),(933,386,'Westport','','783 25','Bouzov'),(934,4,'Sloan','','252837','Nario'),(935,9270,'Fairfield','','3140-480','Portela'),(936,40469,'Maple Wood','','54730','San Isidro'),(937,27,'Menomonie','','','Tabou'),(938,279,'Rutledge','','','Luojiaping'),(939,108,'Hansons','','','Colquechaca'),(940,8,'Monterey','','','Bht'),(941,102,'Hanson','Nova','','Gujun'),(942,570,'Forest','','5105','Maulawin'),(943,3,'Swallow','','','Zouila'),(944,2,'Northfield','','999-2222','Nagaoka'),(945,8,'Kensington','','','Tumen'),(946,23785,'Oak Valley','','','Sekolan'),(947,879,'Declaration','','','Daruoyan'),(948,4343,'Oakridge','','','Tena'),(949,79937,'Merchant','','396310','Novaya Usman'),(950,8,'Forest Dale','','','Sansheng'),(951,694,'Moulton','','1433','Radee'),(952,6,'Summit','','456862','Tayginka'),(953,7,'Hoepker','','667 30','Forshaga'),(954,7,'Troy','','','Chengyang'),(955,99687,'Portage','','184358','Murmashi'),(956,72984,'Elgar','','14199','Berlin'),(957,469,'Gulseth','','','Jalalaqsi'),(958,352,'Valley Edge','','6503','Manicahan'),(959,5843,'Acker','','7500','Prilep'),(960,21592,'Brentwood','','','Sanjiangkou'),(961,24889,'Bay','','397815','Strelitsa'),(962,5,'Anthes','','56110','Khu Khan'),(963,9,'Corben','','','Zhiqing Songduo'),(964,3,'Brickson Park','','','Isu'),(965,54,'Drewry','','','El Matama'),(966,61,'Sheridan','','619320','Kochevo'),(967,84747,'Burning Wood','','63131','Saint Louis'),(968,22,'Coleman','','','Maba'),(969,44,'Kingsford','','','Zhuli'),(970,6382,'Steensland','','4480-493','Touguinha'),(971,68,'Lawn','','11440','Ja Ela'),(972,83483,'Spohn','','','Kandangsapi'),(973,2014,'Evergreen','','','Gayam'),(974,9597,'Gale','','301 80','Halmstad'),(975,8,'Milwaukee','','249028','Bolshaya Setun'),(976,0,'Porter','','662133','Lakinsk'),(977,83,'Dayton','','','Aizi'),(978,354,'Transport','','163 53','Spnga'),(979,22835,'Stone Corner','','757 54','Uppsala'),(980,183,'Corben','','','Karanggeneng'),(981,512,'Nancy','','6090-511','Penamacor'),(982,7,'Prentice','','1175','Getulio'),(983,2077,'Lien','','','Xugu'),(984,24,'Morningstar','','','Yangzhuang'),(985,96,'Weeping Birch','','','Jingling'),(986,7345,'Bellgrove','','','Manggissari'),(987,946,'American','','368758','Usukhchay'),(988,35,'Glendale','','14109','Berlin'),(989,9539,'Hoepker','','','Cijapar'),(990,5601,'School','','3129','Sagana'),(991,759,'Oak','','123 47','Farsta'),(992,79106,'Mallory','','172 69','Sundbyberg'),(993,205,'American','','','Krajan Jamprong'),(994,56,'Alpine','','','Bnh Thy'),(995,5,'Hauk','','606093','Reshetikha'),(996,9541,'Westend','','','Huaidao'),(997,593,'Milwaukee','','26-130','Suchedniw'),(998,269,'Hanover','','11900-000','Registro'),(999,12,'Northview','','','Ilyich'),(1000,17,'Redwing','','D17','Ballivor');
/*!40000 ALTER TABLE `address` ENABLE KEYS */;
UNLOCK TABLES;

--
-- Table structure for table `command`
--

DROP TABLE IF EXISTS `command`;
/*!40101 SET @saved_cs_client     = @@character_set_client */;
/*!50503 SET character_set_client = utf8mb4 */;
CREATE TABLE `command` (
  `id` int NOT NULL,
  `id_person` int DEFAULT NULL,
  `id_shop` int DEFAULT NULL,
  `id_status` int DEFAULT NULL,
  `id_payment_status` int DEFAULT NULL,
  `id_payment_type` int DEFAULT NULL,
  `id_retrievement_type` int DEFAULT NULL,
  `address` varchar(45) DEFAULT NULL,
  `date` datetime DEFAULT NULL,
  PRIMARY KEY (`id`),
  KEY `fk_person_idx` (`id_person`),
  KEY `fk_shop_idx` (`id_shop`),
  KEY `fk_payment_status_idx` (`id_payment_status`),
  KEY `fk_payment_type_idx` (`id_payment_type`),
  KEY `fk_command_status_idx` (`id_status`),
  KEY `fk_retrievement_type_idx` (`id_retrievement_type`),
  CONSTRAINT `fk_command_command_status` FOREIGN KEY (`id_status`) REFERENCES `command_status` (`id`) ON DELETE RESTRICT ON UPDATE CASCADE,
  CONSTRAINT `fk_command_payment_status` FOREIGN KEY (`id_payment_status`) REFERENCES `payment_status` (`id`) ON DELETE RESTRICT ON UPDATE CASCADE,
  CONSTRAINT `fk_command_payment_type` FOREIGN KEY (`id_payment_type`) REFERENCES `payment_type` (`id`) ON DELETE RESTRICT ON UPDATE CASCADE,
  CONSTRAINT `fk_command_person` FOREIGN KEY (`id_person`) REFERENCES `person` (`id`) ON DELETE SET NULL ON UPDATE CASCADE,
  CONSTRAINT `fk_command_retrievement_type` FOREIGN KEY (`id_retrievement_type`) REFERENCES `retrievement_type` (`id`) ON DELETE RESTRICT ON UPDATE CASCADE,
  CONSTRAINT `fk_command_shop` FOREIGN KEY (`id_shop`) REFERENCES `shop` (`id`) ON DELETE RESTRICT ON UPDATE CASCADE
) ENGINE=InnoDB DEFAULT CHARSET=utf8;
/*!40101 SET character_set_client = @saved_cs_client */;

--
-- Dumping data for table `command`
--

LOCK TABLES `command` WRITE;
/*!40000 ALTER TABLE `command` DISABLE KEYS */;
INSERT INTO `command` VALUES (1,NULL,1,1,1,1,1,NULL,'2020-01-01 12:10:00'),(2,24,1,2,2,1,2,'8 granby 7201 Panayton','2020-01-04 19:22:00'),(3,25,1,3,3,2,2,'32658 Donald Nkayi','2020-01-05 13:32:00'),(4,NULL,1,4,1,3,3,NULL,'2020-01-06 12:54:00'),(5,23,1,5,4,4,1,NULL,'2020-01-10 20:17:00'),(6,NULL,2,1,5,1,2,'0 5th 5607 Ondoy','2020-01-11 12:43:00'),(7,55,2,2,1,2,3,NULL,'2020-01-24 12:45:00'),(8,NULL,2,3,2,3,2,'8547 susan wenchang','2020-01-27 17:35:00'),(9,104,2,4,1,3,1,NULL,'2020-01-29 21:30:00'),(10,NULL,2,5,3,4,2,NULL,'2020-02-03 17:36:00'),(11,25,3,1,4,1,3,NULL,'2020-02-07 14:21:00'),(12,NULL,3,2,5,2,1,NULL,'2020-02-09 16:32:00'),(13,12,3,3,1,3,2,'4 straubel San Nicolas','2020-02-15 12:25:00'),(14,NULL,3,4,1,4,2,'8366 Raven Beishidian','2020-02-17 20:28:00'),(15,14,3,5,2,1,3,NULL,'2020-03-04 12:00:00');
/*!40000 ALTER TABLE `command` ENABLE KEYS */;
UNLOCK TABLES;

--
-- Temporary view structure for view `command_by_shop`
--

DROP TABLE IF EXISTS `command_by_shop`;
/*!50001 DROP VIEW IF EXISTS `command_by_shop`*/;
SET @saved_cs_client     = @@character_set_client;
/*!50503 SET character_set_client = utf8mb4 */;
/*!50001 CREATE VIEW `command_by_shop` AS SELECT 
 1 AS `command_id`,
 1 AS `shop`,
 1 AS `name`,
 1 AS `date`*/;
SET character_set_client = @saved_cs_client;

--
-- Temporary view structure for view `command_by_status`
--

DROP TABLE IF EXISTS `command_by_status`;
/*!50001 DROP VIEW IF EXISTS `command_by_status`*/;
SET @saved_cs_client     = @@character_set_client;
/*!50503 SET character_set_client = utf8mb4 */;
/*!50001 CREATE VIEW `command_by_status` AS SELECT 
 1 AS `id`,
 1 AS `name`,
 1 AS `date`*/;
SET character_set_client = @saved_cs_client;

--
-- Table structure for table `command_composition`
--

DROP TABLE IF EXISTS `command_composition`;
/*!40101 SET @saved_cs_client     = @@character_set_client */;
/*!50503 SET character_set_client = utf8mb4 */;
CREATE TABLE `command_composition` (
  `id_command` int NOT NULL,
  `id_product` int NOT NULL,
  `number` int NOT NULL,
  `price` decimal(4,2) NOT NULL,
  PRIMARY KEY (`id_command`,`id_product`),
  KEY `fk_product_idx` (`id_product`),
  CONSTRAINT `fk_command` FOREIGN KEY (`id_command`) REFERENCES `command` (`id`) ON DELETE CASCADE ON UPDATE CASCADE,
  CONSTRAINT `fk_command_product` FOREIGN KEY (`id_product`) REFERENCES `product` (`id`) ON DELETE RESTRICT ON UPDATE CASCADE
) ENGINE=InnoDB DEFAULT CHARSET=utf8;
/*!40101 SET character_set_client = @saved_cs_client */;

--
-- Dumping data for table `command_composition`
--

LOCK TABLES `command_composition` WRITE;
/*!40000 ALTER TABLE `command_composition` DISABLE KEYS */;
INSERT INTO `command_composition` VALUES (1,8,1,10.00),(2,9,2,24.00),(3,11,1,15.00),(4,12,3,36.00),(5,2,3,6.00),(5,13,1,15.00),(5,14,1,15.00),(6,13,1,15.00),(7,14,2,30.00),(8,11,1,15.00),(9,12,1,12.00),(10,13,2,30.00),(11,8,1,10.00),(12,6,10,10.00),(12,9,3,36.00),(12,10,1,12.00),(12,14,1,15.00),(13,13,2,30.00),(14,11,2,30.00),(15,10,5,60.00);
/*!40000 ALTER TABLE `command_composition` ENABLE KEYS */;
UNLOCK TABLES;

--
-- Table structure for table `command_status`
--

DROP TABLE IF EXISTS `command_status`;
/*!40101 SET @saved_cs_client     = @@character_set_client */;
/*!50503 SET character_set_client = utf8mb4 */;
CREATE TABLE `command_status` (
  `id` int NOT NULL AUTO_INCREMENT,
  `name` varchar(45) NOT NULL,
  PRIMARY KEY (`id`,`name`),
  UNIQUE KEY `id_command_status_UNIQUE` (`id`),
  UNIQUE KEY `name_UNIQUE` (`name`)
) ENGINE=InnoDB AUTO_INCREMENT=6 DEFAULT CHARSET=utf8;
/*!40101 SET character_set_client = @saved_cs_client */;

--
-- Dumping data for table `command_status`
--

LOCK TABLES `command_status` WRITE;
/*!40000 ALTER TABLE `command_status` DISABLE KEYS */;
INSERT INTO `command_status` VALUES (1,'waiting'),(2,'prepared'),(3,'in_delivery'),(4,'closed'),(5,'cancelled');
/*!40000 ALTER TABLE `command_status` ENABLE KEYS */;
UNLOCK TABLES;

--
-- Table structure for table `contact`
--

DROP TABLE IF EXISTS `contact`;
/*!40101 SET @saved_cs_client     = @@character_set_client */;
/*!50503 SET character_set_client = utf8mb4 */;
CREATE TABLE `contact` (
  `id` int NOT NULL AUTO_INCREMENT,
  `id_address` int DEFAULT NULL,
  `phone_number` varchar(10) DEFAULT NULL,
  `email` varchar(100) DEFAULT NULL,
  PRIMARY KEY (`id`),
  UNIQUE KEY `id_contact_UNIQUE` (`id`),
  KEY `fk_address_idx` (`id_address`),
  CONSTRAINT `fk_contact_address` FOREIGN KEY (`id_address`) REFERENCES `address` (`id`)
) ENGINE=InnoDB AUTO_INCREMENT=1001 DEFAULT CHARSET=utf8;
/*!40101 SET character_set_client = @saved_cs_client */;

--
-- Dumping data for table `contact`
--

LOCK TABLES `contact` WRITE;
/*!40000 ALTER TABLE `contact` DISABLE KEYS */;
INSERT INTO `contact` VALUES (1,13,'195336420','hcoling0@123-reg.co.uk'),(2,96,'767898372','lkitchenham1@youtube.com'),(3,84,'659157014','cblencoe2@buzzfeed.com'),(4,44,'872445757','tbicheno3@360.cn'),(5,57,'863958203','mboate4@slideshare.net'),(6,22,'597274700','njentin5@ebay.com'),(7,34,'682591361','vdinsell6@salon.com'),(8,19,'644626147','jbramich7@ask.com'),(9,23,'108588017','rgeratt8@vimeo.com'),(10,11,'831835335','vdonet9@addtoany.com'),(11,50,'119810715','ndennya@spiegel.de'),(12,90,'16787518','fpostleb@wp.com'),(13,48,'48287037','gseelerc@xrea.com'),(14,13,'632692279','cgoldisd@soundcloud.com'),(15,74,'291792517','cloffheade@tiny.cc'),(16,72,'783934541','lwarbrickf@sciencedaily.com'),(17,31,'5690765','lconmang@springer.com'),(18,4,'932898895','jdommh@webnode.com'),(19,20,'156932655','tcavani@ihg.com'),(20,11,'723563840','pmcallj@free.fr'),(21,60,'54275386','cprestigek@cocolog-nifty.com'),(22,89,'132216534','usonesl@google.ca'),(23,77,'388697184','ssyalvesterm@unesco.org'),(24,84,'888420740','mdrysdelln@scribd.com'),(25,9,'524284974','mharmestono@zimbio.com'),(26,87,'131102948','asimisterp@newsvine.com'),(27,13,'84810843','amcilraithq@cnn.com'),(28,88,'897236638','esarer@sciencedirect.com'),(29,6,'129232642','jcotilards@unicef.org'),(30,47,'19324515','eellift@chron.com'),(31,93,'514749668','clawrencesonu@google.com.au'),(32,31,'801064157','slangdonv@cbsnews.com'),(33,31,'968196019','lscamerdinew@answers.com'),(34,18,'983450541','jbrumhamx@miibeian.gov.cn'),(35,60,'6558613','rmordantiy@last.fm'),(36,10,'747932433','gmogridgez@nationalgeographic.com'),(37,85,'148273438','astanway10@hubpages.com'),(38,30,'114914324','charnott11@sohu.com'),(39,48,'953723954','wmcgurn12@example.com'),(40,82,'133050073','ploftie13@pagesperso-orange.fr'),(41,19,'555004642','phanlin14@ning.com'),(42,45,'317422266','waberdeen15@wp.com'),(43,5,'756926557','gstallybrass16@state.tx.us'),(44,7,'609996434','lgage17@icio.us'),(45,92,'685842197','epoulsum18@house.gov'),(46,96,'81934341','rmcgavin19@wordpress.org'),(47,35,'516711248','cbosma1a@alexa.com'),(48,78,'664131991','llaver1b@gravatar.com'),(49,9,'146687227','bpoizer1c@comsenz.com'),(50,39,'864245054','cbletsor1d@twitter.com'),(51,86,'561460862','rwhotton1e@google.ca'),(52,87,'862235046','mrockcliff1f@joomla.org'),(53,63,'273099445','ocurrom1g@oaic.gov.au'),(54,93,'756951951','bmungham1h@marriott.com'),(55,54,'388711693','nsteutly1i@google.fr'),(56,46,'378508273','zlarby1j@imageshack.us'),(57,57,'742668962','naleswell1k@addthis.com'),(58,20,'181583180','lcantera1l@thetimes.co.uk'),(59,20,'465920943','croddell1m@yahoo.com'),(60,67,'682392660','bpauly1n@google.com.au'),(61,68,'709370991','rtafani1o@prweb.com'),(62,83,'285606769','rlowery1p@pbs.org'),(63,75,'149782835','fhatchell1q@yolasite.com'),(64,66,'81225819','jhasty1r@dion.ne.jp'),(65,7,'352204694','pthorndale1s@pbs.org'),(66,70,'356599138','bellgood1t@foxnews.com'),(67,11,'152740715','hmuncie1u@webs.com'),(68,34,'886785371','cgoneau1v@e-recht24.de'),(69,53,'819435368','mfilinkov1w@sfgate.com'),(70,30,'444407154','hneave1x@psu.edu'),(71,8,'129422242','gbartolozzi1y@ox.ac.uk'),(72,26,'6129587','ttrye1z@elegantthemes.com'),(73,75,'251657984','dshovelton20@addtoany.com'),(74,29,'328989945','kcornwall21@booking.com'),(75,95,'549227161','hrevett22@state.gov'),(76,17,'344788948','plancley23@angelfire.com'),(77,71,'354631341','tlorentzen24@bloglines.com'),(78,94,'379174866','bscurrer25@bravesites.com'),(79,4,'362999033','awilfinger26@marriott.com'),(80,12,'355921705','ifatscher27@eventbrite.com'),(81,57,'499217987','ggreathead28@stanford.edu'),(82,12,'797458357','cguillou29@uol.com.br'),(83,78,'277821332','estamper2a@twitpic.com'),(84,11,'302385254','gclacson2b@ihg.com'),(85,57,'499384449','raprahamian2c@un.org'),(86,9,'425041572','cdominici2d@noaa.gov'),(87,15,'7198322','dbevens2e@trellian.com'),(88,44,'209036009','cpavis2f@macromedia.com'),(89,68,'96192861','clilie2g@paginegialle.it'),(90,69,'76595445','tblumsom2h@odnoklassniki.ru'),(91,81,'979106586','gpybus2i@hubpages.com'),(92,85,'822739031','ktwizell2j@sciencedirect.com'),(93,35,'822005144','bneal2k@jigsy.com'),(94,53,'776601765','slerigo2l@census.gov'),(95,35,'296076153','wbaswall2m@ucoz.ru'),(96,34,'377996392','cvannuccinii2n@cdbaby.com'),(97,7,'742589792','csouthcoat2o@latimes.com'),(98,57,'748530162','zatherton2p@state.gov'),(99,25,'28372664','tsmellie2q@mozilla.com'),(100,68,'715638165','wmourant2r@addtoany.com'),(101,23,'583037721','bmarty2s@bing.com'),(102,25,'505657177','cferrelli2t@163.com'),(103,91,'385186471','freye2u@wikimedia.org'),(104,62,'979294835','mrothon2v@ibm.com'),(105,46,'58772734','acarwithan2w@dmoz.org'),(106,17,'855027009','ospires2x@google.co.uk'),(107,91,'548400746','elilly2y@accuweather.com'),(108,64,'112767245','ecurness2z@nba.com'),(109,78,'194344870','ggilbody30@fastcompany.com'),(110,46,'144400841','mhaines31@altervista.org'),(111,87,'913163823','msplevings32@blogger.com'),(112,21,'915602673','bholworth33@dmoz.org'),(113,48,'286934497','jclemensen34@fotki.com'),(114,32,'558298653','tluetchford35@thetimes.co.uk'),(115,31,'537487016','homara36@about.me'),(116,40,'177984037','bfeenan37@devhub.com'),(117,18,'206333281','shedingham38@google.com.br'),(118,58,'639251806','alocker39@vimeo.com'),(119,24,'682464280','mberrow3a@pagesperso-orange.fr'),(120,24,'473038083','tmebes3b@jimdo.com'),(121,96,'58051364','lbuttery3c@live.com'),(122,28,'375257710','cbramley3d@youtu.be'),(123,52,'142078669','jscryne3e@goodreads.com'),(124,29,'35109788','lockland3f@smh.com.au'),(125,78,'327423349','esalla3g@weather.com'),(126,69,'99619106','crains3h@naver.com'),(127,12,'874856321','asellick3i@who.int'),(128,79,'4283311','minglese3j@uiuc.edu'),(129,85,'589600799','stimoney3k@taobao.com'),(130,16,'697563528','aflowith3l@army.mil'),(131,91,'957355950','dcloney3m@parallels.com'),(132,97,'351681874','ehassent3n@nifty.com'),(133,36,'177048835','kclarage3o@prweb.com'),(134,67,'236030691','sleban3p@usgs.gov'),(135,37,'452055117','tcouth3q@imdb.com'),(136,71,'696937829','ldavidovich3r@illinois.edu'),(137,68,'68073857','gamps3s@abc.net.au'),(138,41,'893997450','jcushworth3t@ow.ly'),(139,78,'565578540','oblenkensop3u@creativecommons.org'),(140,85,'599390548','dgiannini3v@woothemes.com'),(141,87,'962822661','hchitty3w@ftc.gov'),(142,3,'939713696','pjakubovitch3x@slideshare.net'),(143,92,'965392679','ccornilli3y@google.ru'),(144,33,'873243567','nsare3z@moonfruit.com'),(145,20,'244410630','rhamsson40@ocn.ne.jp'),(146,74,'338923958','eoaten41@phpbb.com'),(147,34,'259633109','lcathery42@craigslist.org'),(148,59,'983482454','cmeadway43@facebook.com'),(149,25,'552418062','drosgen44@deliciousdays.com'),(150,63,'131645475','jcomerford45@aol.com'),(151,44,'726100614','larndell46@thetimes.co.uk'),(152,56,'562114358','tthying47@artisteer.com'),(153,16,'969718311','werni48@furl.net'),(154,86,'719862554','fmancktelow49@wikipedia.org'),(155,21,'108327053','jscrammage4a@xrea.com'),(156,3,'579860264','ckingsworth4b@xinhuanet.com'),(157,17,'777979737','amazin4c@privacy.gov.au'),(158,96,'395804860','krosenkranc4d@google.co.jp'),(159,39,'622698637','tgrinin4e@ihg.com'),(160,99,'471714959','nmacritchie4f@ehow.com'),(161,32,'351759416','dfullman4g@i2i.jp'),(162,5,'856533561','lbarkas4h@loc.gov'),(163,92,'26491805','jbemand4i@yale.edu'),(164,51,'331122708','nerricker4j@unesco.org'),(165,100,'135310708','gfishbourn4k@google.co.uk'),(166,90,'683862867','rgreatbanks4l@scientificamerican.com'),(167,100,'27072377','zgoodison4m@foxnews.com'),(168,75,'607210915','kamey4n@gizmodo.com'),(169,35,'253800453','clinnard4o@ycombinator.com'),(170,98,'73316974','tbraunfeld4p@sfgate.com'),(171,88,'514774337','dinns4q@typepad.com'),(172,18,'474311752','msabati4r@blogtalkradio.com'),(173,2,'248065521','jhendron4s@yellowpages.com'),(174,8,'296267395','cdelabarre4t@toplist.cz'),(175,22,'431711343','shubbart4u@cmu.edu'),(176,28,'135507673','fwisson4v@printfriendly.com'),(177,26,'557732951','mgiacomuzzi4w@mysql.com'),(178,38,'54547421','jdrejer4x@hatena.ne.jp'),(179,15,'707571399','tklessmann4y@mlb.com'),(180,20,'43796369','vjuares4z@earthlink.net'),(181,45,'694727136','lgino50@instagram.com'),(182,9,'424859521','tlindblom51@pbs.org'),(183,17,'384653638','croo52@japanpost.jp'),(184,65,'587147885','nmcbrier53@live.com'),(185,83,'311420311','esheddan54@nsw.gov.au'),(186,29,'677691243','bmachans55@cargocollective.com'),(187,34,'39911193','thazlegrove56@yahoo.com'),(188,59,'979065520','jpenquet57@altervista.org'),(189,91,'266163313','bbester58@ustream.tv'),(190,37,'793523298','ljencey59@istockphoto.com'),(191,69,'938712719','lpimm5a@sun.com'),(192,93,'229148867','ctheodoris5b@goo.gl'),(193,44,'881170521','joldford5c@nsw.gov.au'),(194,78,'575096767','aworviell5d@webnode.com'),(195,66,'11253807','bdummer5e@disqus.com'),(196,13,'578232758','dsherwood5f@arstechnica.com'),(197,58,'738745600','hdickenson5g@oaic.gov.au'),(198,25,'702426082','cdauber5h@mozilla.org'),(199,50,'175649956','ycarillo5i@state.gov'),(200,57,'819580351','bbiaggi5j@wisc.edu'),(201,39,'861628232','lnavan5k@bing.com'),(202,56,'931285875','aparades5l@shinystat.com'),(203,33,'496516371','kgrogan5m@google.cn'),(204,91,'468806824','lmaccook5n@t-online.de'),(205,90,'387405648','cfilipson5o@slashdot.org'),(206,34,'251297773','cisakovitch5p@slideshare.net'),(207,12,'938611597','gseabrooke5q@webeden.co.uk'),(208,18,'336488379','lpendrid5r@nydailynews.com'),(209,53,'626193656','omegainey5s@mozilla.com'),(210,26,'598441246','wsagg5t@guardian.co.uk'),(211,39,'632916543','ghadkins5u@gnu.org'),(212,67,'653285278','bkorb5v@storify.com'),(213,68,'813088188','sspini5w@rediff.com'),(214,21,'883415420','btorrecilla5x@51.la'),(215,30,'246864560','tlomasny5y@hud.gov'),(216,74,'83831720','mridesdale5z@people.com.cn'),(217,21,'401184603','hmelanaphy60@chicagotribune.com'),(218,83,'674183041','pgooddie61@foxnews.com'),(219,33,'198217400','olong62@java.com'),(220,76,'851588422','mpatrone63@cnbc.com'),(221,78,'197337687','fshillinglaw64@icq.com'),(222,3,'627799176','jachrameev65@newyorker.com'),(223,24,'105061219','cdudson66@ebay.co.uk'),(224,29,'796586208','ntoller67@oaic.gov.au'),(225,88,'342083868','rpoolton68@cbslocal.com'),(226,26,'985658784','efishwick69@exblog.jp'),(227,44,'414997304','bgheeorghie6a@tuttocitta.it'),(228,73,'424873156','fkingswell6b@latimes.com'),(229,26,'627147579','asimononsky6c@dailymotion.com'),(230,8,'939748842','cauthers6d@linkedin.com'),(231,9,'45463390','aacome6e@nifty.com'),(232,29,'37036194','abinfield6f@sfgate.com'),(233,38,'802010868','mbeagan6g@sohu.com'),(234,77,'573666883','emathen6h@walmart.com'),(235,92,'796580517','otelezhkin6i@google.fr'),(236,79,'792848735','vhindmoor6j@flickr.com'),(237,26,'959839825','eolenane6k@indiegogo.com'),(238,96,'243978821','phembery6l@reuters.com'),(239,90,'526042149','arose6m@xinhuanet.com'),(240,42,'938523363','mingham6n@naver.com'),(241,100,'262955054','cgilbanks6o@bloomberg.com'),(242,89,'808161805','efeveryear6p@jiathis.com'),(243,52,'196756976','acorzon6q@time.com'),(244,50,'616690235','gstarling6r@furl.net'),(245,76,'317091525','rcorkhill6s@google.es'),(246,7,'433272542','mlye6t@patch.com'),(247,77,'537581103','aweitzel6u@1und1.de'),(248,43,'797501593','shaldin6v@kickstarter.com'),(249,23,'638706631','rarnoud6w@dyndns.org'),(250,26,'278520479','aketchell6x@soup.io'),(251,3,'594945575','ajacquemot6y@devhub.com'),(252,76,'532172303','kdarcy6z@goo.ne.jp'),(253,17,'519576565','odudgeon70@fda.gov'),(254,47,'964620219','jdursley71@sciencedaily.com'),(255,62,'15083389','ngurery72@samsung.com'),(256,52,'107147683','mdesantis73@google.ca'),(257,43,'709272026','gbottoner74@slate.com'),(258,46,'433506168','dbiaggioli75@cnet.com'),(259,14,'572786052','ctimmermann76@gov.uk'),(260,44,'61743142','cbeeble77@columbia.edu'),(261,2,'311029996','sbigley78@wsj.com'),(262,16,'75216367','kbaccas79@liveinternet.ru'),(263,29,'307106003','mhopfner7a@1688.com'),(264,34,'554847162','csabine7b@cargocollective.com'),(265,62,'386178587','dhopkins7c@cam.ac.uk'),(266,12,'713296349','sdaft7d@about.me'),(267,46,'577630693','vkerne7e@china.com.cn'),(268,59,'897255493','kdavidof7f@woothemes.com'),(269,100,'879078213','mallum7g@bigcartel.com'),(270,64,'747154229','kwolledge7h@soundcloud.com'),(271,46,'38905645','wcarine7i@bandcamp.com'),(272,72,'713295910','cdodds7j@ehow.com'),(273,42,'717735211','mgrishkov7k@twitter.com'),(274,61,'419156310','jetchell7l@discuz.net'),(275,22,'384538869','dmandrake7m@globo.com'),(276,61,'771143758','dphelps7n@un.org'),(277,38,'205623960','wdudney7o@1und1.de'),(278,29,'561823126','tspottswood7p@exblog.jp'),(279,24,'683068034','awanderschek7q@nih.gov'),(280,73,'178459809','comulderrig7r@newsvine.com'),(281,43,'204726678','mlodge7s@forbes.com'),(282,68,'293586271','lchattey7t@yahoo.co.jp'),(283,37,'429560516','tbrazelton7u@pagesperso-orange.fr'),(284,62,'27816333','nabramzon7v@friendfeed.com'),(285,60,'596335170','sdezuani7w@hibu.com'),(286,60,'389008342','hrugieri7x@tuttocitta.it'),(287,64,'179193048','sdumsday7y@ebay.com'),(288,22,'99655256','smolesworth7z@dropbox.com'),(289,30,'859362957','mspare80@patch.com'),(290,57,'135982018','krogister81@nhs.uk'),(291,31,'201733120','sfrossell82@artisteer.com'),(292,62,'972088792','lduinkerk83@nsw.gov.au'),(293,98,'56623502','mtinham84@youtu.be'),(294,92,'924020340','ayu85@nydailynews.com'),(295,60,'522140500','mmalacrida86@usgs.gov'),(296,92,'306514923','ckemball87@umn.edu'),(297,8,'767996424','gmcculley88@ezinearticles.com'),(298,47,'178786435','brubke89@prweb.com'),(299,72,'496138183','jflounders8a@twitpic.com'),(300,50,'985481283','nmulvaney8b@pbs.org'),(301,57,'684204524','ccanacott8c@privacy.gov.au'),(302,36,'327933925','agianulli8d@t-online.de'),(303,63,'118205861','ibricksey8e@trellian.com'),(304,3,'745521730','ltowey8f@dailymotion.com'),(305,16,'76634775','mrooksby8g@free.fr'),(306,68,'168295629','ffurst8h@slashdot.org'),(307,37,'485065229','sdelacroix8i@yellowpages.com'),(308,98,'723963154','aflinders8j@miibeian.gov.cn'),(309,22,'957699851','bwaliszewski8k@mayoclinic.com'),(310,6,'2804722','crolston8l@free.fr'),(311,99,'211282983','krippon8m@bizjournals.com'),(312,78,'833231568','ehaslum8n@freewebs.com'),(313,28,'267122568','tducham8o@sfgate.com'),(314,69,'433442754','dbleyman8p@webeden.co.uk'),(315,134,'417494019','bschoffel8q@telegraph.co.uk'),(316,36,'12142397','aneno8r@netvibes.com'),(317,62,'872170154','riczokvitz8s@vkontakte.ru'),(318,1,'327384120','hbroader8t@people.com.cn'),(319,28,'896972299','gizkovitch8u@deviantart.com'),(320,12,'675524585','mbeaton8v@desdev.cn'),(321,94,'672439169','nmbarron8w@indiegogo.com'),(322,25,'146996222','mianson8x@stumbleupon.com'),(323,2,'412574403','aesp8y@e-recht24.de'),(324,10,'438285548','berat8z@cbsnews.com'),(325,77,'431460727','lvalentine90@typepad.com'),(326,29,'778322862','hdyka91@oaic.gov.au'),(327,8,'501559604','jguerra92@who.int'),(328,36,'346646945','pgeorgeson93@technorati.com'),(329,95,'372344231','mgommowe94@forbes.com'),(330,74,'994963076','fmagnay95@deliciousdays.com'),(331,49,'762985975','astidston96@google.fr'),(332,1,'215357925','kwingeatt97@omniture.com'),(333,25,'563547628','gjennison98@state.tx.us'),(334,22,'617004673','ohaynes99@ehow.com'),(335,1,'283094319','cethridge9a@surveymonkey.com'),(336,76,'706564223','psearchwell9b@cafepress.com'),(337,91,'213349292','aduffield9c@epa.gov'),(338,29,'62452277','nmcnelly9d@china.com.cn'),(339,19,'675634407','aoflaverty9e@nih.gov'),(340,100,'885682969','ddanniell9f@paginegialle.it'),(341,32,'397170434','dthormwell9g@npr.org'),(342,42,'446451277','kmckinstry9h@zimbio.com'),(343,61,'112108503','gmcguckin9i@nasa.gov'),(344,4,'98154504','cjonas9j@goo.ne.jp'),(345,13,'522502518','ebuckingham9k@ucla.edu'),(346,54,'951588416','bkelledy9l@webs.com'),(347,9,'719942268','tbentley9m@nasa.gov'),(348,24,'845012237','dmcclymont9n@usgs.gov'),(349,77,'479371460','ufiddian9o@nba.com'),(350,76,'785108887','ataylo9p@aol.com'),(351,66,'523661242','kwaadenburg9q@amazonaws.com'),(352,81,'294381204','pbackler9r@bloglines.com'),(353,93,'89499847','loleksiak9s@google.co.uk'),(354,66,'373307674','clighten9t@umn.edu'),(355,60,'46055881','llindroos9u@google.cn'),(356,30,'67010476','lkalinsky9v@webs.com'),(357,7,'472941946','rtremontana9w@hatena.ne.jp'),(358,54,'632269782','sunwins9x@hatena.ne.jp'),(359,19,'434064662','rpracy9y@arstechnica.com'),(360,47,'254972179','breynoldson9z@yandex.ru'),(361,66,'596137696','bmarrisa0@smh.com.au'),(362,9,'637849551','gburnupa1@addtoany.com'),(363,94,'823024226','whowshipa2@addthis.com'),(364,29,'831551802','kdonovina3@seattletimes.com'),(365,11,'33515819','gcarnewa4@java.com'),(366,99,'251595184','asnodinga5@usda.gov'),(367,23,'659259370','lgilyatta6@a8.net'),(368,25,'722255632','ktedorenkoa7@gov.uk'),(369,40,'655493922','estrahana8@a8.net'),(370,95,'321588574','kkordovania9@51.la'),(371,44,'647167403','ldomangeaa@ask.com'),(372,81,'477258155','bstopfordab@stanford.edu'),(373,85,'484569393','acomizzoliac@instagram.com'),(374,67,'661899155','ocollymoread@dailymotion.com'),(375,61,'838335942','cvenneurae@miibeian.gov.cn'),(376,18,'693273374','lrobensaf@de.vu'),(377,83,'191187217','eshearstonag@trellian.com'),(378,44,'33328015','climprechtah@t.co'),(379,95,'27127155','clilloai@mysql.com'),(380,36,'384018377','ldictaj@godaddy.com'),(381,50,'937477568','ereveningak@de.vu'),(382,22,'961187493','agaultal@illinois.edu'),(383,38,'551328518','ihingam@deviantart.com'),(384,29,'167380794','nmillinsan@delicious.com'),(385,15,'728604231','ccornewallao@usda.gov'),(386,17,'444281042','cmizenap@mtv.com'),(387,5,'857285999','rhagstonaq@amazon.co.jp'),(388,5,'818561615','kboxear@blogtalkradio.com'),(389,65,'423586433','sruffas@dagondesign.com'),(390,29,'476763216','rweatherdonat@miibeian.gov.cn'),(391,56,'172270542','ejeanonau@list-manage.com'),(392,85,'267660511','cgrayav@unesco.org'),(393,58,'506501485','jstockhillaw@miibeian.gov.cn'),(394,47,'214290884','smedforthax@com.com'),(395,32,'855660643','rpeceyay@hubpages.com'),(396,32,'322208740','tvailaz@naver.com'),(397,7,'645767887','cbornb0@wsj.com'),(398,23,'464393903','ctallowb1@discuz.net'),(399,79,'623898864','ypaulerb2@google.pl'),(400,1,'36126200','rmathanb3@edublogs.org'),(401,5,'299253932','hfairesb4@goo.ne.jp'),(402,42,'707458984','fdenesb5@npr.org'),(403,16,'83886150','dbaidenb6@patch.com'),(404,64,'551325844','cwhitemanb7@fema.gov'),(405,13,'886327853','peskriettb8@tripadvisor.com'),(406,40,'815486741','imicheaub9@si.edu'),(407,7,'531826010','pyuranovevba@biblegateway.com'),(408,87,'611100131','sfyrthbb@washingtonpost.com'),(409,96,'566759801','cgoodaylebc@webmd.com'),(410,34,'916968393','adellortobd@unblog.fr'),(411,32,'7761817','mohanveybe@cocolog-nifty.com'),(412,26,'998280046','fmecozzibf@google.it'),(413,6,'841361056','wbimsbg@cnbc.com'),(414,24,'131241292','sclappbh@theglobeandmail.com'),(415,534,'614061511','lcarlensbi@woothemes.com'),(416,79,'643116720','ebaumertbj@bizjournals.com'),(417,334,'336864678','umcilmoriebk@usa.gov'),(418,59,'558065228','dmerrimentbl@joomla.org'),(419,60,'745346171','nmcnirlinbm@economist.com'),(420,1,'422134301','hshotboltbn@google.ru'),(421,58,'887491566','chairsinebo@weather.com'),(422,81,'787039520','mheisterbp@irs.gov'),(423,7,'966111732','mbehrensbq@google.nl'),(424,58,'515271377','abrydsonbr@technorati.com'),(425,71,'361050471','mgreatlandbs@dmoz.org'),(426,76,'685323315','kgrandhambt@lycos.com'),(427,95,'702400562','chubbockbu@gmpg.org'),(428,74,'733526688','gcunniambv@slashdot.org'),(429,61,'616466114','lrobezbw@reference.com'),(430,45,'879722575','wstruttmanbx@naver.com'),(431,95,'751654596','cmorandoby@paginegialle.it'),(432,95,'945771834','jwherrettbz@noaa.gov'),(433,3,'472073699','lbrambellc0@comsenz.com'),(434,59,'923917946','efayec1@odnoklassniki.ru'),(435,10,'199276137','hhynesc2@columbia.edu'),(436,60,'311392398','nmattissonc3@exblog.jp'),(437,98,'988978935','hfetherbyc4@narod.ru'),(438,97,'127984950','pdominecc5@quantcast.com'),(439,91,'395577506','tferminc6@paginegialle.it'),(440,77,'732626709','rrintoulc7@cdbaby.com'),(441,41,'146380523','dschimonekc8@noaa.gov'),(442,62,'238684093','gmcramseyc9@businessweek.com'),(443,66,'346709966','ltimsonca@google.co.uk'),(444,72,'183862070','wdyzartcb@xinhuanet.com'),(445,84,'346118818','abrandrickcc@cbslocal.com'),(446,65,'635547458','xmccrawcd@yandex.ru'),(447,26,'413197780','fsantryce@disqus.com'),(448,52,'136404015','istrephancf@guardian.co.uk'),(449,44,'734101653','zbullantcg@usda.gov'),(450,19,'7818182','lhaackerch@economist.com'),(451,69,'199021403','mbenjafieldci@cafepress.com'),(452,49,'183575419','jifillcj@ocn.ne.jp'),(453,7,'642939625','lspurnierck@opera.com'),(454,84,'914164451','chasseycl@hexun.com'),(455,35,'709446363','kgillbeecm@t-online.de'),(456,91,'867406917','ltrippcn@fastcompany.com'),(457,17,'73897879','fdorrinsco@bravesites.com'),(458,80,'782726901','msneddoncp@altervista.org'),(459,28,'973147873','jlaxtonnecq@house.gov'),(460,44,'194626246','kgellcr@blinklist.com'),(461,20,'627897409','battenboroughcs@nhs.uk'),(462,2,'882417899','bdallanderct@blogtalkradio.com'),(463,92,'365286945','vperfittcu@npr.org'),(464,12,'59723960','wiacovellicv@lulu.com'),(465,45,'12320802','mpimerickcw@usda.gov'),(466,22,'213433546','fpatershallcx@cdbaby.com'),(467,98,'171596982','jwindascy@bloglines.com'),(468,3,'484238662','aruselincz@hc360.com'),(469,18,'717979813','ofitzsymonsd0@cbsnews.com'),(470,79,'103345041','btutchingsd1@engadget.com'),(471,65,'562741060','jdashkovichd2@goodreads.com'),(472,93,'888571767','epigginsd3@so-net.ne.jp'),(473,6,'347810662','wpotkind4@parallels.com'),(474,89,'537661431','ldekeepd5@miitbeian.gov.cn'),(475,34,'826432991','wbreitlingd6@dmoz.org'),(476,46,'736292383','pangelid7@cnbc.com'),(477,67,'481973628','kkingslyd8@theatlantic.com'),(478,88,'873614035','kmccraed9@com.com'),(479,99,'807171671','rgrenvilleda@amazon.com'),(480,27,'705013120','ejacoxdb@fda.gov'),(481,46,'899061276','jbakesdc@wsj.com'),(482,85,'467428558','risakssondd@ehow.com'),(483,15,'601642887','gbrumblede@virginia.edu'),(484,42,'875796926','rbrosemandf@google.it'),(485,24,'56508671','mdolesdg@google.es'),(486,5,'802369308','bhadwindh@google.co.jp'),(487,87,'274587522','gdavidssondi@sciencedaily.com'),(488,1,'608992093','pnethercliftdj@huffingtonpost.com'),(489,61,'714741579','bpiddlehintondk@ameblo.jp'),(490,1,'33043093','mclydedl@twitter.com'),(491,33,'106118830','msimonassidm@biblegateway.com'),(492,61,'327050992','jbriddockdn@paypal.com'),(493,69,'495117991','llearmouthdo@army.mil'),(494,9,'834672517','dkunzdp@pbs.org'),(495,39,'845828954','jgoodinsondq@rediff.com'),(496,96,'319426090','cmcgaugeydr@networkadvertising.org'),(497,53,'943369706','akeesds@gmpg.org'),(498,49,'278086217','claybourndt@mtv.com'),(499,23,'128328430','etoozedu@forbes.com'),(500,45,'605728556','dfeehamdv@dmoz.org'),(501,94,'729229239','atregidgodw@elpais.com'),(502,21,'14020492','etuftdx@imageshack.us'),(503,22,'29413604','lpheazeydy@springer.com'),(504,50,'949092262','gmalliondz@google.ru'),(505,48,'93929159','ebidnalle0@ow.ly'),(506,46,'17091544','btarbette1@ucoz.com'),(507,3,'417130538','vgraithe2@altervista.org'),(508,54,'837330051','hbaulcombee3@sun.com'),(509,70,'757093499','dsanse4@google.de'),(510,7,'806685872','fslorae5@feedburner.com'),(511,27,'282590276','alinsteade6@ox.ac.uk'),(512,48,'869415301','kkemishe7@soundcloud.com'),(513,9,'457390235','jbeacome8@parallels.com'),(514,92,'144236880','dclimoe9@pagesperso-orange.fr'),(515,76,'619415782','ewilliamsonea@bravesites.com'),(516,20,'869969806','cdeatoneb@yelp.com'),(517,6,'755108141','nbaakeec@wikipedia.org'),(518,13,'616263990','givankoved@youku.com'),(519,14,'101664553','lbrameree@nih.gov'),(520,20,'512011581','tturneauxef@pen.io'),(521,6,'309188621','lbezleyeg@printfriendly.com'),(522,67,'458993217','cwaleworkeeh@sciencedirect.com'),(523,49,'829680600','srisbieei@mayoclinic.com'),(524,23,'121917858','dhussellej@gnu.org'),(525,35,'755859303','tkernarek@symantec.com'),(526,94,'394378890','tcarnockel@tinypic.com'),(527,7,'738297472','gdurbynem@gov.uk'),(528,8,'854756044','ddetheridgeen@wiley.com'),(529,5,'494650575','ephilsoneo@ning.com'),(530,33,'293600071','zcabrerep@hc360.com'),(531,60,'981232541','lmallalleq@tripadvisor.com'),(532,6,'254888763','ncomerforder@amazon.co.jp'),(533,68,'455568229','agunstones@dyndns.org'),(534,80,'441179967','dartzet@over-blog.com'),(535,15,'691617800','awreakeu@gmpg.org'),(536,78,'505375387','tgrayshanev@ucoz.com'),(537,98,'448227960','jwarnerew@delicious.com'),(538,18,'906316177','edenisotex@netscape.com'),(539,52,'298670040','ggrevesey@t.co'),(540,90,'802538790','oeldrittez@bigcartel.com'),(541,52,'335750988','lgrindellf0@earthlink.net'),(542,100,'651568037','cantoniasf1@youku.com'),(543,62,'751750072','vmaultf2@answers.com'),(544,93,'767095348','idannehlf3@google.com.hk'),(545,90,'626471024','cgristonf4@blogspot.com'),(546,79,'72335406','cdraynf5@slate.com'),(547,47,'466999806','fflecknoef6@miitbeian.gov.cn'),(548,93,'327466301','agorvettef7@artisteer.com'),(549,36,'711984806','ineliganf8@hugedomains.com'),(550,89,'98342234','iformiglif9@aol.com'),(551,38,'3690243','apaviafa@wiley.com'),(552,2,'377078649','ahaguefb@ftc.gov'),(553,82,'919458143','abuzzingfc@apple.com'),(554,35,'565249584','celsyfd@pcworld.com'),(555,6,'27885186','tperkinsfe@mlb.com'),(556,99,'549994022','tgatteridgeff@youtube.com'),(557,23,'827990652','mcadwellfg@alibaba.com'),(558,32,'963236742','tlongbottomfh@salon.com'),(559,13,'825157435','ajerredfi@ucoz.com'),(560,84,'677951228','pschubertfj@state.tx.us'),(561,90,'139886216','iidefk@wiley.com'),(562,53,'269804837','aehlerdingfl@aboutads.info'),(563,60,'255637806','gburghfm@shareasale.com'),(564,23,'921765400','eashfullfn@yale.edu'),(565,46,'419785289','swaldingfo@cloudflare.com'),(566,38,'968056304','jmcfaydenfp@hp.com'),(567,11,'116044803','ocurreenfq@behance.net'),(568,82,'464006417','wdunnanfr@reference.com'),(569,14,'179708482','jduesburyfs@example.com'),(570,99,'894966773','dkimblingft@ox.ac.uk'),(571,31,'593910899','klesserfu@ebay.co.uk'),(572,7,'51199535','afassefv@deviantart.com'),(573,39,'301921958','asturleyfw@wix.com'),(574,16,'261447998','ecorrieafx@creativecommons.org'),(575,5,'218689106','sgreenhowefy@netlog.com'),(576,86,'98274154','pboolsfz@pen.io'),(577,79,'309532594','dbenzieg0@free.fr'),(578,56,'297205016','lslowang1@blogspot.com'),(579,6,'831662359','mdurnog2@princeton.edu'),(580,43,'711448013','nextalg3@homestead.com'),(581,554,'55638433','fdeverallg4@zdnet.com'),(582,26,'624438368','lsnowdong5@bizjournals.com'),(583,20,'817369298','lworsnupg6@cbsnews.com'),(584,89,'294973230','mdanielsohng7@soup.io'),(585,34,'448245941','ascanterburyg8@independent.co.uk'),(586,67,'563645097','cradfordg9@sakura.ne.jp'),(587,100,'349729478','csevierga@simplemachines.org'),(588,4,'196857455','wrivilisgb@hatena.ne.jp'),(589,11,'646401201','chughsongc@wunderground.com'),(590,33,'512998758','rfenelowgd@networksolutions.com'),(591,28,'29031470','qmcdellge@artisteer.com'),(592,46,'892012046','ncumberpatchgf@cornell.edu'),(593,11,'518752166','banandgg@yellowbook.com'),(594,75,'292736098','chacongh@cdc.gov'),(595,53,'345666286','cmansfieldgi@a8.net'),(596,61,'998249434','bseabornegj@npr.org'),(597,94,'819894042','tjeavesgk@kickstarter.com'),(598,18,'217808246','adarbishiregl@cocolog-nifty.com'),(599,71,'989701291','asilvermangm@wix.com'),(600,13,'182021882','fcrecygn@squidoo.com'),(601,50,'8096418','etrowsdallgo@cornell.edu'),(602,12,'227109187','odroghangp@icio.us'),(603,75,'932001622','cmoulandgq@squarespace.com'),(604,50,'583901509','bdoswellgr@sitemeter.com'),(605,51,'871555851','acorleygs@gov.uk'),(606,50,'473989868','wrestongt@gnu.org'),(607,79,'24010821','rsommervillegu@issuu.com'),(608,56,'639900914','lbountiffgv@ebay.com'),(609,91,'982339045','rjubertgw@apple.com'),(610,68,'326260352','dgiannazzogx@youtube.com'),(611,60,'705598870','sbeldinggy@cargocollective.com'),(612,7,'121977562','cnorvillegz@msu.edu'),(613,38,'413987698','bdragonh0@latimes.com'),(614,63,'668627869','jcummingsh1@parallels.com'),(615,3,'968861078','rormeh2@businessweek.com'),(616,45,'19057440','agheeraerth3@bloomberg.com'),(617,49,'51104544','tantalffyh4@free.fr'),(618,50,'819774759','ljosilevichh5@360.cn'),(619,64,'695929771','gyakushkinh6@squarespace.com'),(620,20,'725302661','blovieh7@zimbio.com'),(621,3,'476058432','fbolteh8@miitbeian.gov.cn'),(622,60,'766487407','rgiovanazzih9@reddit.com'),(623,27,'581334810','sbielfeldha@bing.com'),(624,85,'41969305','amedlinghb@moonfruit.com'),(625,57,'442736558','tpolkhc@prweb.com'),(626,1,'7866254','bwitulhd@symantec.com'),(627,61,'635895078','jpendridhe@ca.gov'),(628,38,'509063144','fsangrahf@baidu.com'),(629,30,'158667045','gstclairhg@sina.com.cn'),(630,79,'552614470','bricciohh@umn.edu'),(631,79,'687128162','alampbrechthi@umn.edu'),(632,7,'499207368','fperishj@usda.gov'),(633,89,'85868847','adorrellhk@upenn.edu'),(634,82,'618876011','dverohl@ibm.com'),(635,35,'844153848','flakehm@theatlantic.com'),(636,74,'911948136','hmashalhn@cnn.com'),(637,44,'318969104','ttyndallho@wordpress.com'),(638,55,'905370658','mminetthp@shinystat.com'),(639,65,'76946697','jphilcoxhq@senate.gov'),(640,71,'406516339','cstuddardhr@hp.com'),(641,45,'858760410','pricardeths@de.vu'),(642,45,'968508447','rpoyntonht@naver.com'),(643,2,'854508658','froscamphu@vistaprint.com'),(644,93,'579166648','lpotterilhv@jalbum.net'),(645,94,'672020283','pmemmoryhw@gov.uk'),(646,50,'976282876','kmorenahx@ihg.com'),(647,91,'145063663','gsiflethy@ted.com'),(648,48,'238206674','rfaccinihz@histats.com'),(649,12,'8945588','ebriki0@naver.com'),(650,23,'47005543','ldaynteri1@google.com.hk'),(651,13,'563615069','djanzi2@mapquest.com'),(652,100,'281397952','fsimmeni3@europa.eu'),(653,9,'921287008','gblasiusi4@smh.com.au'),(654,18,'866405192','nmarioni5@usda.gov'),(655,71,'531704063','tbateupi6@rambler.ru'),(656,41,'171063489','pbrandrethi7@rakuten.co.jp'),(657,17,'471182606','drouxi8@ted.com'),(658,43,'628625802','havrahmi9@amazonaws.com'),(659,72,'844240937','wflattia@census.gov'),(660,82,'398816387','jmerielib@delicious.com'),(661,82,'344361980','ttoppasic@cnbc.com'),(662,56,'882848062','mferrieriid@exblog.jp'),(663,50,'128024081','swhittyie@edublogs.org'),(664,50,'168723369','tisenorif@harvard.edu'),(665,60,'367241207','bgehrickeig@unesco.org'),(666,98,'128119321','sribaih@cnet.com'),(667,39,'608001305','mhillhouseii@spiegel.de'),(668,33,'31825335','givettij@plala.or.jp'),(669,4,'255296640','dlittleproudik@upenn.edu'),(670,50,'137594956','qberzonil@ca.gov'),(671,88,'959345744','lmillerim@booking.com'),(672,62,'291827574','rballeinein@acquirethisname.com'),(673,35,'208044464','olauridsenio@virginia.edu'),(674,73,'216372030','acolleteip@unicef.org'),(675,6,'924277476','ktrawiniq@google.com'),(676,18,'407647498','tbuddleighir@cargocollective.com'),(677,86,'5505661','gcharnickis@army.mil'),(678,31,'314299917','skilnit@zdnet.com'),(679,83,'293243052','kmatleyiu@columbia.edu'),(680,86,'927376055','imallabundiv@hud.gov'),(681,1,'842124296','dgiacuboiw@state.gov'),(682,74,'437868511','hmeaseyix@admin.ch'),(683,54,'834028563','atrickeriy@examiner.com'),(684,26,'555464921','aburnselliz@geocities.com'),(685,95,'93185274','tgoodiej0@blog.com'),(686,33,'498656280','kcumminsj1@ca.gov'),(687,14,'787758026','ndeverej2@weather.com'),(688,8,'785507276','tlouchj3@smugmug.com'),(689,34,'859280981','wboarerj4@facebook.com'),(690,44,'205715862','ebeaulieuj5@prlog.org'),(691,46,'768032918','tclerkj6@theglobeandmail.com'),(692,45,'442304547','alaidlowj7@mashable.com'),(693,58,'108023017','rmuggj8@xrea.com'),(694,65,'385133750','bcanferj9@privacy.gov.au'),(695,47,'42391299','ifonzoneja@blog.com'),(696,79,'485377536','aallkinsjb@mediafire.com'),(697,83,'585082599','dkarlqvistjc@imdb.com'),(698,91,'309504995','sboarderjd@army.mil'),(699,58,'745182576','bjephsonje@berkeley.edu'),(700,7,'613289615','icrookstonjf@bandcamp.com'),(701,6,'286015110','tbrundrettjg@ovh.net'),(702,75,'756830990','hbernhardijh@nbcnews.com'),(703,66,'352161707','rblossji@unblog.fr'),(704,89,'821231803','tboldryjj@artisteer.com'),(705,81,'541416187','wmaeerjk@mlb.com'),(706,31,'605416204','ejedrasjl@independent.co.uk'),(707,30,'53299565','fvedikhovjm@constantcontact.com'),(708,3,'863379762','cmontesjn@paypal.com'),(709,71,'363922959','lstorriejo@cam.ac.uk'),(710,85,'216944370','sdahlmanjp@github.com'),(711,36,'99171798','mbaignardjq@upenn.edu'),(712,71,'746050139','zfattorinijr@tumblr.com'),(713,85,'519794042','rtanguyjs@nasa.gov'),(714,46,'831210615','gdelphjt@unesco.org'),(715,43,'815839302','lshipseyju@symantec.com'),(716,53,'824966225','mneevejv@answers.com'),(717,73,'601708921','earringtonjw@pen.io'),(718,81,'242881096','llethamjx@amazonaws.com'),(719,97,'16354463','hplakjy@about.me'),(720,94,'495636514','dvolontejz@princeton.edu'),(721,87,'724767298','astirlingk0@clickbank.net'),(722,53,'285392061','klindroosk1@indiegogo.com'),(723,72,'652983154','hharbererk2@list-manage.com'),(724,6,'327233712','nconklingk3@seesaa.net'),(725,3,'806777647','mdetheridgek4@shinystat.com'),(726,71,'932529419','iwestleyk5@flavors.me'),(727,23,'163946392','ekensettk6@xinhuanet.com'),(728,58,'307881242','rreenk7@opera.com'),(729,1,'822349223','awoodfordk8@tumblr.com'),(730,97,'275385252','djoriotk9@msu.edu'),(731,71,'357430147','lgodsafeka@themeforest.net'),(732,49,'209151709','mstazikerkb@cafepress.com'),(733,66,'702912147','msmardonkc@51.la'),(734,62,'157895064','mdesaverykd@simplemachines.org'),(735,81,'493995065','nbrideke@sourceforge.net'),(736,29,'684651232','mdestouchekf@cbsnews.com'),(737,43,'858341500','fhearsonkg@scribd.com'),(738,33,'886640937','daleswellkh@arstechnica.com'),(739,29,'98065889','iverdeyki@last.fm'),(740,14,'828401214','bhargittkj@cbc.ca'),(741,33,'857204678','erizzellikk@unc.edu'),(742,65,'131390346','rduthiekl@altervista.org'),(743,25,'69749493','skiffkm@irs.gov'),(744,53,'283645340','jmathekn@europa.eu'),(745,5,'796483114','fmobiusko@timesonline.co.uk'),(746,23,'921341440','mfeatherstonhaughkp@craigslist.org'),(747,44,'649561322','gmellandkq@google.pl'),(748,69,'856759500','aosmondkr@yelp.com'),(749,12,'38902096','chordellks@yellowbook.com'),(750,22,'784584604','rdemainekt@sohu.com'),(751,86,'999008676','svennardku@so-net.ne.jp'),(752,43,'256745239','bpatmorekv@bizjournals.com'),(753,6,'719519893','usmithieskw@mail.ru'),(754,71,'394640820','etidmankx@google.ca'),(755,70,'91600056','akleineky@utexas.edu'),(756,13,'384835763','ldoidgekz@friendfeed.com'),(757,77,'199995613','collerl0@hostgator.com'),(758,83,'976936026','idablel1@feedburner.com'),(759,15,'162744085','bhowchinl2@altervista.org'),(760,17,'916678667','raldersl3@chron.com'),(761,22,'35135785','lstanlackl4@behance.net'),(762,82,'226344762','hokieltl5@dropbox.com'),(763,42,'407413917','dbenezeitl6@howstuffworks.com'),(764,90,'95696793','gaslaml7@jimdo.com'),(765,34,'358569760','ethrusselll8@trellian.com'),(766,30,'931386942','ebenziel9@mapy.cz'),(767,86,'427706242','akleinhausla@bravesites.com'),(768,98,'614137056','edrakeleylb@comcast.net'),(769,84,'475418498','fdybaldlc@newsvine.com'),(770,49,'235390144','cralestoneld@mac.com'),(771,84,'648154230','candreale@dell.com'),(772,63,'331661986','ffotittlf@odnoklassniki.ru'),(773,1,'119325977','ablazejlg@chronoengine.com'),(774,1,'327254813','ldegregariolh@about.me'),(775,20,'879128332','wbrooksbyli@samsung.com'),(776,79,'304850108','cbarajalj@netvibes.com'),(777,7,'549870841','ccattowlk@skyrock.com'),(778,49,'782024987','tdeakinll@t-online.de'),(779,13,'325187662','shamblylm@fastcompany.com'),(780,11,'44022774','jtolputtln@netscape.com'),(781,96,'35872810','atailllo@macromedia.com'),(782,17,'617108804','afanninlp@vistaprint.com'),(783,91,'172572679','cmeasorlq@dell.com'),(784,15,'506949657','tdalstonlr@cbc.ca'),(785,76,'459657768','ppfaffells@digg.com'),(786,41,'811233353','jtumasianlt@google.com.br'),(787,52,'58546634','dzanottilu@smh.com.au'),(788,39,'182595274','vatacklv@si.edu'),(789,48,'32153908','akleynermanslw@ycombinator.com'),(790,14,'199050759','cdewickelx@netlog.com'),(791,41,'471120510','asahlstromly@sfgate.com'),(792,69,'115175278','kholburylz@com.com'),(793,51,'291994038','baronsonm0@umn.edu'),(794,87,'799882672','rimmerm1@cloudflare.com'),(795,23,'45412040','jmorm2@zdnet.com'),(796,92,'843651760','jgibberdm3@wikia.com'),(797,41,'549434924','dtrokerm4@csmonitor.com'),(798,7,'188899137','ajamesm5@forbes.com'),(799,87,'839689366','bguillotinm6@wikia.com'),(800,33,'161997744','csimanekm7@walmart.com'),(801,63,'731613790','awadhamsm8@guardian.co.uk'),(802,44,'252366409','pgiacomom9@indiegogo.com'),(803,98,'65942463','mabbisma@google.com'),(804,97,'271243444','ppepperellmb@vinaora.com'),(805,59,'876303614','pstqueninmc@loc.gov'),(806,27,'408579330','kiacobinimd@princeton.edu'),(807,94,'361183791','ccarrivickme@furl.net'),(808,3,'451160205','cstonardmf@redcross.org'),(809,1,'585462340','ksedgmanmg@networkadvertising.org'),(810,93,'877960172','tballinghallmh@marriott.com'),(811,243,'228808347','abettammi@creativecommons.org'),(812,28,'613088701','dungermj@rambler.ru'),(813,23,'102144019','mcorringtonmk@ustream.tv'),(814,4,'167933057','elarmettml@whitehouse.gov'),(815,72,'137599362','tkinlochmm@va.gov'),(816,32,'437657918','cayscoughmn@wunderground.com'),(817,3,'245033239','rwhethermo@amazon.co.jp'),(818,32,'124640664','mkeersmp@biglobe.ne.jp'),(819,13,'547573726','broberdsmq@live.com'),(820,96,'99880047','gbindleymr@prnewswire.com'),(821,86,'988409294','jslowleyms@netscape.com'),(822,16,'858246081','ggeorgotmt@buzzfeed.com'),(823,49,'204006683','esemmensmu@tmall.com'),(824,22,'737860234','lstanistretemv@fema.gov'),(825,32,'187470444','lpagittmw@google.it'),(826,231,'9974729','mministermx@ft.com'),(827,2,'318675282','agleadhellmy@desdev.cn'),(828,71,'563007085','icruessmz@flickr.com'),(829,5,'109768436','mburnagen0@fotki.com'),(830,67,'738494677','fjurcan1@csmonitor.com'),(831,13,'116071087','sandrin2@mit.edu'),(832,25,'577973866','mconnoldn3@clickbank.net'),(833,39,'446694814','fspuffardn4@typepad.com'),(834,53,'526881289','pheakn5@cbsnews.com'),(835,34,'761156782','flavarackn6@china.com.cn'),(836,69,'121395888','krumminn7@chron.com'),(837,17,'619526771','ndoleyn8@sogou.com'),(838,62,'641007053','gstummeyern9@zimbio.com'),(839,83,'402153074','hpieterickna@nytimes.com'),(840,12,'632858089','kwyernb@edublogs.org'),(841,29,'544594737','sbrutonnc@uiuc.edu'),(842,61,'324397479','cbernetnd@vk.com'),(843,23,'679595678','hsuddabyne@ted.com'),(844,87,'363640419','rswindinnf@woothemes.com'),(845,52,'626005783','bcalendarng@telegraph.co.uk'),(846,38,'193572279','gwoollardnh@eepurl.com'),(847,96,'914580313','codoughertyni@ox.ac.uk'),(848,15,'794733552','nbladonnj@paypal.com'),(849,91,'777871574','mlafontnk@harvard.edu'),(850,64,'217510468','nveldstranl@apple.com'),(851,95,'236452411','ajohnsnm@ask.com'),(852,46,'627010024','ibussellnn@parallels.com'),(853,63,'479123098','ashakeladeno@phpbb.com'),(854,62,'628830372','skennaghnp@columbia.edu'),(855,31,'615319713','kandreinq@sogou.com'),(856,18,'579363670','rchristoffenr@nih.gov'),(857,94,'625748726','bsapsfordens@shareasale.com'),(858,11,'716697130','sscottnt@themeforest.net'),(859,21,'387100300','mbunneynu@omniture.com'),(860,63,'903759432','jeakinsnv@mac.com'),(861,26,'536272325','lpietericknw@a8.net'),(862,61,'362124109','mnanninininx@harvard.edu'),(863,93,'391431720','esnapny@feedburner.com'),(864,1,'556371063','drumpnz@behance.net'),(865,654,'651781663','kdustingo0@army.mil'),(866,21,'121681256','lheislero1@slashdot.org'),(867,76,'672740241','krobertsono2@pen.io'),(868,76,'82876873','mperaccoo3@umn.edu'),(869,16,'315866045','mscraftono4@google.ca'),(870,55,'579532502','ldorlingo5@163.com'),(871,63,'712443439','gdanicko6@census.gov'),(872,54,'862766610','halchino7@wunderground.com'),(873,86,'62205707','pmacelroyo8@linkedin.com'),(874,12,'159588293','gspoltono9@intel.com'),(875,56,'22832437','asimecekoa@nydailynews.com'),(876,54,'234641819','sgammellob@e-recht24.de'),(877,68,'159843915','dsowthcoteoc@sogou.com'),(878,2,'427955143','okinnearod@last.fm'),(879,74,'866490282','tgillebertoe@bloomberg.com'),(880,53,'161327507','dscriptureof@prnewswire.com'),(881,96,'46929120','jkeningtonog@businessinsider.com'),(882,71,'797349508','bkinghamoh@instagram.com'),(883,27,'27333695','aleppingtonoi@theguardian.com'),(884,69,'169691717','mhayleroj@smh.com.au'),(885,63,'36620343','kgateleyok@creativecommons.org'),(886,29,'108045782','hgubbinsol@g.co'),(887,2,'617709502','dskippenom@cmu.edu'),(888,91,'353445655','tavramovicon@discovery.com'),(889,53,'407107995','crecordoo@scientificamerican.com'),(890,77,'928459643','trichardonop@mlb.com'),(891,80,'774508525','jpackoq@plala.or.jp'),(892,73,'779689536','johalleghaneor@sohu.com'),(893,43,'256693728','ccolchettos@acquirethisname.com'),(894,19,'824470009','mclouterot@home.pl'),(895,8,'409567884','avanneou@usa.gov'),(896,71,'403509046','imottersheadov@csmonitor.com'),(897,13,'87777959','abinnallow@eepurl.com'),(898,94,'86802568','isevittox@liveinternet.ru'),(899,54,'216946059','eozanneoy@blogs.com'),(900,51,'647320222','jhalmsoz@myspace.com'),(901,83,'895576803','abrokenshirep0@yolasite.com'),(902,30,'804707199','ageneryp1@wsj.com'),(903,98,'319488569','abroomfieldp2@wufoo.com'),(904,33,'515153627','llumberp3@nps.gov'),(905,76,'743403251','bmatisp4@ibm.com'),(906,59,'511918586','twhatep5@google.it'),(907,65,'743352556','nvolckerp6@pen.io'),(908,80,'383068253','mbellanyp7@blog.com'),(909,64,'537209825','hkarlikp8@eventbrite.com'),(910,29,'246106529','jbarep9@google.es'),(911,61,'941174551','vsteptopa@wisc.edu'),(912,15,'447251872','cpenrosepb@telegraph.co.uk'),(913,28,'826907425','egarfordpc@unblog.fr'),(914,83,'555114068','mpirniepd@amazonaws.com'),(915,23,'977456268','dandriuzzipe@cnbc.com'),(916,98,'483920295','adorotpf@google.com'),(917,50,'356875254','bentwhistlepg@google.com.au'),(918,19,'16584925','gspadaroph@free.fr'),(919,48,'892942956','skenwortheypi@newsvine.com'),(920,12,'474524107','ccheccipj@squidoo.com'),(921,78,'716190552','jgheorghiepk@w3.org'),(922,10,'693573226','achanderspl@hud.gov'),(923,22,'366213106','achinnickpm@ibm.com'),(924,46,'803926711','mmillershippn@rambler.ru'),(925,50,'521222780','mgilhampo@jigsy.com'),(926,66,'265264370','dharmantpp@sakura.ne.jp'),(927,46,'428550173','tmeaseypq@eepurl.com'),(928,21,'203841861','iaverallpr@symantec.com'),(929,95,'542139125','gmillsonps@mit.edu'),(930,1,'944577879','lcustancept@cocolog-nifty.com'),(931,84,'395086704','kfieldgatepu@businessweek.com'),(932,19,'148251135','sfairningtonpv@pcworld.com'),(933,47,'673722635','dewensonpw@domainmarket.com'),(934,27,'27215574','jmcardpx@amazon.com'),(935,41,'666726390','kgiacomellopy@ed.gov'),(936,99,'361459294','siskowpz@cpanel.net'),(937,64,'731347299','sdahlborgq0@tinyurl.com'),(938,95,'65162187','cwintq1@arizona.edu'),(939,7,'97472166','gmeachenq2@chicagotribune.com'),(940,71,'235089490','avaleriusq3@rambler.ru'),(941,47,'285226458','hpocknellq4@rambler.ru'),(942,77,'383919581','echoltonq5@bloglines.com'),(943,30,'679650037','lpennycookq6@nydailynews.com'),(944,81,'326701071','adessaurq7@privacy.gov.au'),(945,43,'863633732','frosenbloomq8@webnode.com'),(946,48,'223638397','ctyerq9@vkontakte.ru'),(947,253,'287749932','iseifqa@feedburner.com'),(948,50,'257181914','esampsonqb@bloglovin.com'),(949,70,'677168799','kdownsqc@redcross.org'),(950,91,'286001308','linghamqd@cbc.ca'),(951,88,'837114674','jdoncomqe@cnet.com'),(952,56,'929588383','lheadfordqf@histats.com'),(953,60,'593390102','adescoffierqg@amazon.de'),(954,46,'351964810','cghelardoniqh@storify.com'),(955,45,'663943415','rcoltenqi@scribd.com'),(956,27,'296134869','oburdsqj@china.com.cn'),(957,66,'686202379','hsplavenqk@bloomberg.com'),(958,49,'586731541','kugoql@usatoday.com'),(959,76,'29243603','mbrycesonqm@comsenz.com'),(960,22,'285858905','dbautisteqn@yahoo.com'),(961,41,'312628664','deyamqo@omniture.com'),(962,67,'356289230','estintonqp@facebook.com'),(963,22,'847668429','ckobeltqq@g.co'),(964,66,'929046160','cdafyddqr@mysql.com'),(965,2,'8209087','llillowqs@imdb.com'),(966,2,'768869748','velcoateqt@ft.com'),(967,53,'138394534','aviallqu@last.fm'),(968,99,'929749477','mpatekqv@homestead.com'),(969,89,'444908438','jdanielloqw@flickr.com'),(970,21,'229043761','ltommasettiqx@newsvine.com'),(971,60,'213554414','hbrinicombeqy@prlog.org'),(972,23,'222818567','tdelahuntyqz@de.vu'),(973,44,'92674834','okinder0@indiegogo.com'),(974,40,'836623968','ccastelainr1@microsoft.com'),(975,67,'255478134','kwhistlecroftr2@nasa.gov'),(976,47,'235568760','knorthfieldr3@mtv.com'),(977,49,'395581206','jdeinhardtr4@uiuc.edu'),(978,14,'736696527','ebartleyr5@google.nl'),(979,67,'841638762','adensier6@msu.edu'),(980,8,'254755763','mpabelikr7@constantcontact.com'),(981,43,'751144015','nbraniganr8@diigo.com'),(982,74,'379183273','tenokssonr9@wikispaces.com'),(983,23,'416312817','evonderdellra@vistaprint.com'),(984,53,'41660334','dfonzorb@cpanel.net'),(985,38,'585243432','cheasemanrc@uiuc.edu'),(986,65,'639417741','tpearrd@meetup.com'),(987,19,'713331394','ccorkere@deviantart.com'),(988,60,'444753933','arawlencerf@pen.io'),(989,46,'602663409','bgilmanrg@ovh.net'),(990,40,'663924605','msharnockrh@ezinearticles.com'),(991,95,'472643691','csliteri@baidu.com'),(992,65,'174509645','tbeebyrj@addthis.com'),(993,42,'609667622','mbenittirk@pcworld.com'),(994,13,'274957831','gjozefczakrl@army.mil'),(995,8,'749267563','fmacalindenrm@google.com.br'),(996,97,'841123083','pciottoirn@biglobe.ne.jp'),(997,29,'598915945','amccomiskeyro@paginegialle.it'),(998,65,'291424005','dneliganrp@thetimes.co.uk'),(999,85,'726322043','ofaddenrq@liveinternet.ru'),(1000,33,'511263427','hgumeyrr@constantcontact.com');
/*!40000 ALTER TABLE `contact` ENABLE KEYS */;
UNLOCK TABLES;

--
-- Table structure for table `employee`
--

DROP TABLE IF EXISTS `employee`;
/*!40101 SET @saved_cs_client     = @@character_set_client */;
/*!50503 SET character_set_client = utf8mb4 */;
CREATE TABLE `employee` (
  `id_person` int NOT NULL,
  `id_store` int DEFAULT NULL,
  `id_rank` int DEFAULT NULL,
  KEY `fk_person_idx` (`id_person`),
  KEY `fk_shop_idx` (`id_store`),
  KEY `fk_employee_rank_idx` (`id_rank`),
  CONSTRAINT `fk_employee_person` FOREIGN KEY (`id_person`) REFERENCES `person` (`id`),
  CONSTRAINT `fk_employee_rank` FOREIGN KEY (`id_rank`) REFERENCES `rank` (`id`),
  CONSTRAINT `fk_employee_shop` FOREIGN KEY (`id_store`) REFERENCES `shop` (`id`)
) ENGINE=InnoDB DEFAULT CHARSET=utf8;
/*!40101 SET character_set_client = @saved_cs_client */;

--
-- Dumping data for table `employee`
--

LOCK TABLES `employee` WRITE;
/*!40000 ALTER TABLE `employee` DISABLE KEYS */;
INSERT INTO `employee` VALUES (1,1,2),(2,1,1),(3,1,1),(4,1,1),(5,1,1),(6,2,2),(7,2,1),(8,2,1),(9,2,1),(10,2,1),(11,3,2),(12,3,1),(13,3,1),(14,3,1),(15,3,1),(16,NULL,3);
/*!40000 ALTER TABLE `employee` ENABLE KEYS */;
UNLOCK TABLES;

--
-- Table structure for table `ingredient`
--

DROP TABLE IF EXISTS `ingredient`;
/*!40101 SET @saved_cs_client     = @@character_set_client */;
/*!50503 SET character_set_client = utf8mb4 */;
CREATE TABLE `ingredient` (
  `id` int NOT NULL,
  `name` varchar(45) NOT NULL,
  `unit_measure` varchar(45) NOT NULL,
  PRIMARY KEY (`id`,`name`)
) ENGINE=InnoDB DEFAULT CHARSET=utf8;
/*!40101 SET character_set_client = @saved_cs_client */;

--
-- Dumping data for table `ingredient`
--

LOCK TABLES `ingredient` WRITE;
/*!40000 ALTER TABLE `ingredient` DISABLE KEYS */;
INSERT INTO `ingredient` VALUES (1,'pizza dough','g'),(2,'tomato sauce','ml'),(3,'emmenthal cheese','g'),(4,'goat cheese','g'),(5,'olive','g'),(6,'gorgonzola cheese','g'),(7,'pepper','g'),(8,'ham','g'),(9,'single cream','ml'),(10,'barbecue sauce','ml'),(11,'pepperoni','g'),(12,'chorizo','g'),(13,'curry sauce','ml'),(14,'chicken','g'),(15,'merguez','g'),(16,'salmon','g'),(17,'minced meat','g'),(18,'potato','g'),(19,'bacon','g'),(20,'green pepper','g'),(21,'red pepper','g'),(22,'oinion','g');
/*!40000 ALTER TABLE `ingredient` ENABLE KEYS */;
UNLOCK TABLES;

--
-- Table structure for table `payment_status`
--

DROP TABLE IF EXISTS `payment_status`;
/*!40101 SET @saved_cs_client     = @@character_set_client */;
/*!50503 SET character_set_client = utf8mb4 */;
CREATE TABLE `payment_status` (
  `id` int NOT NULL AUTO_INCREMENT,
  `name` varchar(45) NOT NULL,
  PRIMARY KEY (`id`,`name`),
  UNIQUE KEY `name_UNIQUE` (`name`),
  UNIQUE KEY `id_payment_status_UNIQUE` (`id`)
) ENGINE=InnoDB AUTO_INCREMENT=6 DEFAULT CHARSET=utf8;
/*!40101 SET character_set_client = @saved_cs_client */;

--
-- Dumping data for table `payment_status`
--

LOCK TABLES `payment_status` WRITE;
/*!40000 ALTER TABLE `payment_status` DISABLE KEYS */;
INSERT INTO `payment_status` VALUES (1,'paid'),(2,'refused'),(3,'waiting'),(4,'refund'),(5,'cancelled');
/*!40000 ALTER TABLE `payment_status` ENABLE KEYS */;
UNLOCK TABLES;

--
-- Table structure for table `payment_type`
--

DROP TABLE IF EXISTS `payment_type`;
/*!40101 SET @saved_cs_client     = @@character_set_client */;
/*!50503 SET character_set_client = utf8mb4 */;
CREATE TABLE `payment_type` (
  `id` int NOT NULL AUTO_INCREMENT,
  `name` varchar(45) NOT NULL,
  PRIMARY KEY (`id`,`name`),
  UNIQUE KEY `name_UNIQUE` (`name`),
  UNIQUE KEY `id_payment_type_UNIQUE` (`id`)
) ENGINE=InnoDB AUTO_INCREMENT=5 DEFAULT CHARSET=utf8;
/*!40101 SET character_set_client = @saved_cs_client */;

--
-- Dumping data for table `payment_type`
--

LOCK TABLES `payment_type` WRITE;
/*!40000 ALTER TABLE `payment_type` DISABLE KEYS */;
INSERT INTO `payment_type` VALUES (1,'credit_card'),(2,'cash'),(3,'cheque'),(4,'lunch_voucher');
/*!40000 ALTER TABLE `payment_type` ENABLE KEYS */;
UNLOCK TABLES;

--
-- Table structure for table `person`
--

DROP TABLE IF EXISTS `person`;
/*!40101 SET @saved_cs_client     = @@character_set_client */;
/*!50503 SET character_set_client = utf8mb4 */;
CREATE TABLE `person` (
  `id` int NOT NULL AUTO_INCREMENT,
  `first_name` varchar(45) DEFAULT NULL,
  `last_name` varchar(45) DEFAULT NULL,
  `account_id` int DEFAULT NULL,
  `contact_id` int DEFAULT NULL,
  PRIMARY KEY (`id`),
  KEY `fk_person_account_idx` (`account_id`),
  KEY `fk_person_contact_idx` (`contact_id`),
  CONSTRAINT `fk_person_account` FOREIGN KEY (`account_id`) REFERENCES `account` (`id`),
  CONSTRAINT `fk_person_contact` FOREIGN KEY (`contact_id`) REFERENCES `contact` (`id`)
) ENGINE=InnoDB AUTO_INCREMENT=1001 DEFAULT CHARSET=utf8;
/*!40101 SET character_set_client = @saved_cs_client */;

--
-- Dumping data for table `person`
--

LOCK TABLES `person` WRITE;
/*!40000 ALTER TABLE `person` DISABLE KEYS */;
INSERT INTO `person` VALUES (1,'Rose','Ballister',605,785),(2,'Jard','Duncklee',430,668),(3,'Jory','Helsby',774,687),(4,'Gail','Pellitt',171,239),(5,'Jere','Champe',102,93),(6,'Kinna','Durkin',672,944),(7,'Adelice','Orhrt',253,791),(8,'Shaughn','Heyworth',534,187),(9,'Romola','Pechacek',102,209),(10,'Deb','Kimber',930,487),(11,'Gail','Kenrick',766,931),(12,'Claudie','Posnette',28,622),(13,'Mayne','Waind',693,308),(14,'Eugenie','Alcock',11,905),(15,'Roselle','Brabham',643,561),(16,'Farleigh','Budgen',148,252),(17,'Lebbie','Perrelli',566,612),(18,'Bay','Vaughton',814,359),(19,'Norri','Hancock',715,174),(20,'Caron','Caillou',19,415),(21,'Doyle','Clotworthy',150,420),(22,'Shell','O\'Dogherty',125,920),(23,'Lenard','Merill',941,63),(24,'Krispin','Wethered',455,780),(25,'Danyette','Penylton',784,706),(26,'Ardelis','Stott',417,590),(27,'Woody','Fifield',362,188),(28,'Fitzgerald','Brimley',893,19),(29,'Alayne','Wonfar',662,280),(30,'Padraic','Elkins',626,316),(31,'Alfreda','Maunder',229,279),(32,'Jesse','Athersmith',962,154),(33,'Emilia','Peatheyjohns',865,500),(34,'Eberhard','McRobb',132,668),(35,'Alisa','Semour',680,952),(36,'Mile','Plaide',621,260),(37,'Esmeralda','Bury',271,719),(38,'Netta','Langthorn',21,182),(39,'Kristos','O\'Scandall',524,745),(40,'Ketti','Winslade',172,288),(41,'Dodie','Aldhouse',633,582),(42,'Faber','Prescott',79,505),(43,'Regina','Extence',17,36),(44,'Erie','Grzelak',445,985),(45,'Lyndy','Lindblad',36,191),(46,'Jarret','Kopfen',89,753),(47,'Dougy','Kitchaside',923,397),(48,'Beverlee','Mulligan',597,336),(49,'Dory','Maiklem',231,430),(50,'Elvin','Itzakovitz',820,40),(51,'Terrence','Minear',879,57),(52,'Barnabe','Blaze',243,718),(53,'Akim','Reburn',890,419),(54,'Dolly','Noell',670,73),(55,'Worthington','Langworthy',251,630),(56,'Vernice','L\'oiseau',756,282),(57,'Rozanna','Kirdsch',908,772),(58,'Mathew','McGuiney',126,381),(59,'Steward','Bastock',894,943),(60,'Cayla','Otterwell',326,128),(61,'Dorita','Godfroy',85,330),(62,'Corly','Strelitzer',952,991),(63,'Dix','Birk',376,725),(64,'Gale','Pennuzzi',367,256),(65,'Angeli','Fieldstone',69,25),(66,'Janeva','Rosewall',1,154),(67,'Elston','Shrubsall',780,360),(68,'Reagan','Checcuzzi',388,960),(69,'Thayne','Cannell',862,282),(70,'Shirl','McKane',498,443),(71,'Maryl','Kaesmans',172,475),(72,'Briggs','Twelves',71,776),(73,'Ogdon','Crome',465,642),(74,'Eldredge','McKissack',164,665),(75,'Panchito','Goulston',540,817),(76,'Kelcey','Pauer',996,689),(77,'Dorisa','Boarder',708,987),(78,'Eilis','Dottridge',250,611),(79,'Electra','Willarton',427,494),(80,'Carrie','McNally',871,478),(81,'Zonda','Oxtiby',881,416),(82,'Jane','Penritt',244,825),(83,'Lola','Waddilove',933,383),(84,'Eba','Gerhts',309,674),(85,'Evangelia','Tollit',771,541),(86,'Cobbie','Lapenna',444,325),(87,'Arline','Varndell',254,37),(88,'Leanna','Adolfson',214,975),(89,'Moyna','Chinnery',594,965),(90,'Aloisia','Peagrim',439,587),(91,'Feodora','Benck',174,373),(92,'Bette-ann','Lowell',968,331),(93,'Haleigh','Tregien',188,590),(94,'Dom','Drexel',332,802),(95,'Emmeline','Goodhand',824,503),(96,'Jaquelin','Blaxlande',323,151),(97,'Branden','Yegorkin',50,298),(98,'Daveta','Almak',267,474),(99,'Grady','Hubner',431,956),(100,'Timothy','Readett',994,304),(101,'Walker','Hollibone',527,63),(102,'Teddie','McGibbon',582,642),(103,'Robby','Anscott',207,381),(104,'Karlens','Tapley',651,198),(105,'Kinny','Cuerdall',5,245),(106,'Pat','Karpf',226,405),(107,'Iolande','Leng',819,937),(108,'Cristine','Goaks',555,739),(109,'Emlen','Franschini',168,382),(110,'Gillan','Ratnege',190,490),(111,'Krispin','Mignot',656,710),(112,'Devland','Kiddell',972,185),(113,'Kathie','Gardiner',899,239),(114,'Wenona','Kesley',564,718),(115,'Wilhelm','Catcherside',774,446),(116,'Marguerite','Forgan',64,773),(117,'Gabrila','Vescovo',784,50),(118,'Katerina','Birkmyr',908,317),(119,'Cecil','Lodden',208,53),(120,'Carlye','Garz',903,816),(121,'Gardy','Iohananof',312,564),(122,'Griswold','Hannay',743,905),(123,'Gerri','Garwell',643,506),(124,'Lennard','Mauro',386,502),(125,'Joann','Speerman',228,913),(126,'Raimundo','Metzke',130,281),(127,'Giuditta','Anand',326,426),(128,'Matthus','Burberry',832,109),(129,'Gussie','Bance',619,830),(130,'Corette','Bindon',226,76),(131,'Haven','Di Francesco',872,256),(132,'Nolana','Iorns',250,652),(133,'Deerdre','Malins',898,418),(134,'Gilberte','Bauldry',465,901),(135,'Jenn','Leap',227,340),(136,'Anabel','Bircher',409,602),(137,'Leeanne','Canada',879,880),(138,'Arte','Trundler',885,41),(139,'Adelle','Ralls',347,552),(140,'Aubry','Frude',854,385),(141,'Merle','Elstub',514,200),(142,'Freddie','Ropkes',240,481),(143,'Cliff','Peyto',414,599),(144,'Tore','Doy',102,531),(145,'Cleon','Clardge',652,479),(146,'Rafaellle','Belly',447,49),(147,'Gauthier','Kiddey',640,235),(148,'Ronda','Mazzeo',313,33),(149,'Darda','Harral',674,146),(150,'Victoir','Hew',876,672),(151,'Dael','Churchill',876,78),(152,'Tonie','Lamblin',641,864),(153,'Binny','Wibrew',789,753),(154,'Franciskus','Huggens',935,17),(155,'Julie','Learmont',77,918),(156,'Carena','Sikorsky',357,995),(157,'Nari','Naden',355,867),(158,'Costa','Kewley',920,60),(159,'Rubia','Lowles',509,783),(160,'Robbin','Rate',833,749),(161,'Sidonia','Voase',186,846),(162,'Maren','Kivelhan',962,950),(163,'Teena','Saiens',316,924),(164,'Glenn','Sarle',852,528),(165,'Barbra','Sturges',17,220),(166,'Sandra','Purton',725,577),(167,'Gerri','Giffaut',614,430),(168,'Maxy','Morfell',562,772),(169,'Dorothea','Barnewelle',799,975),(170,'Sella','Thumann',138,78),(171,'Karlene','Raggett',967,414),(172,'Ave','Tuckett',48,474),(173,'Magdalen','Grube',805,279),(174,'Lorain','Trowle',53,647),(175,'Stella','Basson',422,67),(176,'Brittany','Hulett',206,498),(177,'Barry','Studde',248,645),(178,'Elliott','Bontine',252,293),(179,'Dorree','Benaine',466,29),(180,'Beckie','Feronet',694,350),(181,'Galvin','Whewell',795,827),(182,'Atalanta','Powdrill',933,58),(183,'Brady','Kinnin',666,800),(184,'Linell','Ownsworth',319,14),(185,'Raine','Gyngell',486,20),(186,'Linea','Lowthian',870,845),(187,'Christian','Biasioli',416,612),(188,'Leone','Foulgham',33,188),(189,'Jeff','Lyndon',947,555),(190,'Nerti','Antoons',443,79),(191,'Michelina','Knivett',444,430),(192,'Dara','Geindre',311,298),(193,'Edmund','Iwanowicz',329,987),(194,'Tatiania','Bergeau',325,147),(195,'Raynor','De Courtney',472,804),(196,'Anneliese','Toseland',361,392),(197,'Normy','Zanioletti',981,732),(198,'Constantine','Cutajar',208,966),(199,'Deanne','McKirdy',74,841),(200,'Sallee','Inwood',630,422),(201,'Katy','Vondra',296,6),(202,'Julie','Ranshaw',950,651),(203,'Amerigo','Vamplus',903,245),(204,'Mackenzie','Boothebie',759,60),(205,'Jackson','Maplethorp',963,119),(206,'Mic','Teesdale',600,925),(207,'Merralee','Kervin',290,85),(208,'Vitoria','McGeouch',36,553),(209,'Maxie','Ismirnioglou',326,263),(210,'Marsha','Leynagh',61,920),(211,'Cyndia','Bagott',796,671),(212,'Frankie','Getch',662,257),(213,'Briggs','Champney',995,466),(214,'Alejandro','Indruch',940,620),(215,'Nicholle','Dysart',379,614),(216,'Veriee','Mawditt',170,591),(217,'Preston','Heugle',109,736),(218,'Abigail','Kleinplac',120,983),(219,'Cecily','Dobbie',356,494),(220,'Tricia','Olman',961,900),(221,'Clayton','Heinzel',793,156),(222,'Andre','McGeachy',719,435),(223,'Nani','Shooter',976,965),(224,'Alma','Brewitt',280,138),(225,'Caria','Humbee',550,562),(226,'Kordula','Kunisch',715,254),(227,'Harlene','Martinon',744,432),(228,'Addison','Hunnaball',744,874),(229,'Tandie','Wickens',782,246),(230,'Lazar','Dri',767,320),(231,'Celina','Boutellier',929,320),(232,'Nels','Pink',471,826),(233,'Maggee','Pury',967,383),(234,'Barnie','Poll',915,514),(235,'Anthe','Feander',700,506),(236,'Coriss','Clemmen',716,125),(237,'Abramo','Reihm',353,762),(238,'Corissa','Seamer',493,503),(239,'Dennet','Seed',119,128),(240,'Mace','Pfaffel',893,68),(241,'Nelia','Greated',237,850),(242,'Alejandro','Di Ruggero',674,801),(243,'Maritsa','Lukasik',103,960),(244,'Roderick','Slatcher',747,553),(245,'Feliks','Swaffer',17,648),(246,'Meade','Sandom',236,575),(247,'Grete','McRamsey',241,370),(248,'Nikos','McKew',818,62),(249,'Inglis','Renfrew',555,51),(250,'Maribeth','Amiss',239,871),(251,'Jasun','Estabrook',166,600),(252,'Kristoforo','Antyukhin',385,611),(253,'Maurizia','Aglione',377,428),(254,'Cary','Cromett',530,290),(255,'Sarena','Wasylkiewicz',822,619),(256,'Kayle','Glennon',589,476),(257,'Selia','Callway',267,692),(258,'Dee dee','Butler-Bowdon',891,436),(259,'Jacklin','Roome',93,150),(260,'Clair','Matuszynski',734,993),(261,'Austin','Evanson',89,864),(262,'Lambert','Wrigglesworth',30,545),(263,'Carmela','Tranter',142,409),(264,'Micheal','Izhaky',714,278),(265,'Rebekah','Cuckoo',305,318),(266,'Ayn','Rosenau',411,749),(267,'Brittney','Llewellen',219,397),(268,'Louis','Fitchett',690,28),(269,'Hadley','McLugaish',50,321),(270,'Brianne','Paulucci',616,957),(271,'Audry','Pougher',111,458),(272,'Doralynn','Snel',503,557),(273,'Jacquie','Pantlin',743,923),(274,'Julian','Torricella',6,592),(275,'Frasco','Davenall',916,259),(276,'Melba','Antoons',116,683),(277,'Abner','Rouse',192,729),(278,'Cleon','Loos',968,788),(279,'Mar','Plak',51,481),(280,'Bald','Nosworthy',926,623),(281,'Blinni','Elam',NULL,996),(282,'Bertha','Yakubovics',NULL,453),(283,'Patricio','Hinksen',NULL,831),(284,'Rollo','Philipot',NULL,808),(285,'Almira','Frigot',NULL,32),(286,'Gabriele','Durn',NULL,568),(287,'Dominick','Davitashvili',NULL,955),(288,'Roderigo','Tilio',NULL,43),(289,'Waylen','Sinnie',NULL,757),(290,'Karrah','Luten',NULL,443),(291,'Gladys','Pauleau',NULL,233),(292,'Jonathan','Briscam',NULL,982),(293,'Herschel','Serle',NULL,722),(294,'Bernadene','Dionis',NULL,176),(295,'Deane','Plet',NULL,788),(296,'Minta','Tratton',NULL,946),(297,'Kristi','Giacovetti',NULL,686),(298,'Allx','Lammerding',NULL,948),(299,'Sammy','Andres',NULL,115),(300,'Geno','Sallarie',NULL,51),(301,'Jorey','Pounder',NULL,87),(302,'Cos','Piotr',NULL,17),(303,'Jazmin','Bruna',NULL,954),(304,'Ruttger','MacElharge',NULL,223),(305,'Elsworth','Arlt',NULL,436),(306,'Franni','Nottram',NULL,125),(307,'Nonah','Berendsen',NULL,292),(308,'Barclay','Muckart',NULL,212),(309,'Cherida','Opdenorth',NULL,228),(310,'Sianna','Bog',NULL,983),(311,'Dave','Canton',NULL,760),(312,'Carly','Sparwell',NULL,621),(313,'Marco','Albrook',NULL,214),(314,'Bea','Pagram',NULL,353),(315,'Lolita','Lambot',NULL,814),(316,'Garrott','Haselwood',NULL,71),(317,'Maureen','Forrestill',NULL,964),(318,'Alastair','Hebard',NULL,699),(319,'Vivian','Feldklein',NULL,746),(320,'Celisse','Lanceter',NULL,460),(321,'Siffre','Cartin',NULL,781),(322,'Marena','McGeady',NULL,596),(323,'Glyn','Eneas',NULL,339),(324,'Robert','Hardingham',NULL,949),(325,'Zebedee','Steely',NULL,862),(326,'Dorree','Wearden',NULL,918),(327,'Regan','Maulden',NULL,426),(328,'Eleanor','Shevell',NULL,203),(329,'Lorrin','Sawtell',NULL,701),(330,'Merwin','Buggs',NULL,19),(331,'Kipp','Wellings',NULL,641),(332,'Pietrek','Russam',NULL,657),(333,'Prudi','O\'Griffin',NULL,330),(334,'Ulrike','Paradyce',NULL,936),(335,'Brandise','Connechy',NULL,407),(336,'Tansy','Haquard',NULL,96),(337,'Dani','Antonazzi',NULL,168),(338,'Rubina','Cawt',NULL,154),(339,'Ariadne','Rammell',NULL,234),(340,'Christean','MacCrackan',NULL,862),(341,'Haslett','Ericssen',NULL,364),(342,'Francois','Philip',NULL,420),(343,'Eli','Stolze',NULL,986),(344,'Deerdre','Howcroft',NULL,445),(345,'Denys','Kemitt',NULL,448),(346,'Karlee','Gerrelt',NULL,86),(347,'Vally','Gentery',NULL,909),(348,'Justen','Gawne',NULL,168),(349,'Ailene','Dargie',NULL,92),(350,'Rolph','Wilcot',NULL,16),(351,'Erin','Sweet',NULL,614),(352,'Wat','Slatcher',NULL,342),(353,'Richmound','O\'Crigan',NULL,83),(354,'Berk','Vedyashkin',NULL,348),(355,'Mallory','Dakers',NULL,763),(356,'Weider','Camp',NULL,495),(357,'Idalia','Deval',NULL,761),(358,'Salim','Jedrzejczyk',NULL,446),(359,'Alisha','Goodread',NULL,466),(360,'Randolf','Goodie',NULL,821),(361,'Morse','Lovelace',NULL,225),(362,'Nissie','Longmead',NULL,154),(363,'Desi','Langlands',NULL,956),(364,'Cristabel','Grigor',NULL,897),(365,'Teena','Slowcock',NULL,816),(366,'Jessie','Schirok',NULL,476),(367,'Teador','Hawley',NULL,217),(368,'Hyacinthe','Hulle',NULL,131),(369,'Dorree','Karczinski',NULL,333),(370,'Tulley','Strotone',NULL,119),(371,'Mace','Keyser',NULL,498),(372,'Auria','Buffery',NULL,793),(373,'Ailina','Gatus',NULL,469),(374,'Margery','Skillington',NULL,407),(375,'Bunnie','Kemme',NULL,632),(376,'Alexandros','Hillock',NULL,299),(377,'Dael','Dutson',NULL,326),(378,'Inge','McDowell',NULL,296),(379,'Thor','Proffitt',NULL,512),(380,'Shana','Whitehorne',NULL,727),(381,'Korella','Feehery',NULL,291),(382,'Rozalin','Maccrae',NULL,273),(383,'Letisha','Drought',NULL,496),(384,'Elise','Langtree',NULL,374),(385,'Susanne','Ridgeway',NULL,863),(386,'Annamaria','Dumbare',NULL,901),(387,'Sauveur','Humblestone',NULL,900),(388,'Emmie','Cowtherd',NULL,767),(389,'Lanae','Metts',NULL,53),(390,'Marja','Wakerley',NULL,632),(391,'Margo','Maccree',NULL,542),(392,'Rois','Schimpke',NULL,43),(393,'Keslie','Thal',NULL,179),(394,'Rabi','Cotte',NULL,811),(395,'Vitoria','Perree',NULL,421),(396,'Munroe','Egdal',NULL,547),(397,'Cece','Unwins',NULL,153),(398,'Othelia','Ateggart',NULL,742),(399,'Kalila','Walthew',NULL,575),(400,'Celisse','Cobbledick',NULL,467),(401,'Kennith','Baudain',NULL,884),(402,'Christoph','Arkin',NULL,430),(403,'Julie','Tolworth',NULL,746),(404,'Ruy','Grushin',NULL,584),(405,'Ibby','Wisson',NULL,197),(406,'Sullivan','Rigmond',NULL,47),(407,'Cheslie','Tilling',NULL,625),(408,'Holly-anne','Ricci',NULL,448),(409,'Alvinia','Benoix',NULL,28),(410,'Sheridan','Collins',NULL,586),(411,'Rog','Riddiford',NULL,506),(412,'Ilyse','Ripsher',NULL,463),(413,'Staffard','Allday',NULL,383),(414,'Neille','Kerford',NULL,422),(415,'Athena','Onraet',NULL,793),(416,'Yale','Orcott',NULL,49),(417,'Melitta','Parkyns',NULL,100),(418,'Dorry','Kitteman',NULL,506),(419,'Elvis','Aguilar',NULL,164),(420,'Clea','Campaigne',NULL,340),(421,'Fredia','Conrard',NULL,387),(422,'Eben','Bickerstaff',NULL,457),(423,'Eloise','Anersen',NULL,423),(424,'Bealle','Rosie',NULL,103),(425,'Darb','Itchingham',NULL,61),(426,'Abraham','St. Pierre',NULL,942),(427,'Klaus','Arzu',NULL,815),(428,'Gordie','Bramhill',NULL,372),(429,'Ase','Matteo',NULL,343),(430,'Anastassia','McHenry',NULL,572),(431,'Dorey','Marner',NULL,743),(432,'Cleve','Wybern',NULL,421),(433,'Arnie','Wringe',NULL,759),(434,'Halie','Strickett',NULL,652),(435,'Harley','Pettiford',NULL,78),(436,'Marline','Ianni',NULL,401),(437,'Russell','Tedder',NULL,559),(438,'Sonnie','Beacham',NULL,261),(439,'Brittaney','Matiasek',NULL,260),(440,'Vanni','Heino',NULL,350),(441,'Webster','Begent',NULL,240),(442,'Iseabal','Sally',NULL,742),(443,'Dori','Blaskett',NULL,679),(444,'Davis','Ianniello',NULL,506),(445,'Henryetta','Castagnasso',NULL,741),(446,'Ruthi','Stallion',NULL,215),(447,'Estella','Henstridge',NULL,159),(448,'Kelli','Roe',NULL,328),(449,'Isaac','Andreacci',NULL,14),(450,'Claudetta','Gilliatt',NULL,353),(451,'Angel','Dews',NULL,783),(452,'Janine','Pedican',NULL,731),(453,'Earl','Ledson',NULL,220),(454,'Jayme','Soar',NULL,698),(455,'Augy','Ivell',NULL,963),(456,'Mitchell','Rennolds',NULL,264),(457,'Timothy','Reisen',NULL,791),(458,'Eberto','Ondricek',NULL,919),(459,'Angelina','Bishopp',NULL,349),(460,'Paddie','Bevar',NULL,827),(461,'Carlie','Dorkin',NULL,764),(462,'Sal','Dickons',NULL,672),(463,'Hoyt','Tunnicliffe',NULL,152),(464,'Kelly','Labrom',NULL,43),(465,'Heall','Kidgell',NULL,882),(466,'Lennie','Corsar',NULL,27),(467,'Josey','Askew',NULL,38),(468,'Riordan','Molan',NULL,465),(469,'Clarence','de Mendoza',NULL,665),(470,'Kirby','Aloshechkin',NULL,80),(471,'Chlo','Diggin',NULL,18),(472,'Douglas','Dairton',NULL,295),(473,'Samuele','Martyntsev',NULL,886),(474,'Jolyn','Eustes',NULL,743),(475,'Andi','Paddell',NULL,400),(476,'Katee','Capaldi',NULL,801),(477,'Britta','Broadbury',NULL,91),(478,'Andria','Reeve',NULL,988),(479,'Harwilll','Laste',NULL,50),(480,'Will','Enric',NULL,169),(481,'Sherrie','Pentony',NULL,315),(482,'Brandice','Joseland',NULL,226),(483,'Breanne','Ronaghan',NULL,650),(484,'Quinlan','Espinet',NULL,24),(485,'Matthaeus','Statter',NULL,626),(486,'Ofelia','Carlone',NULL,935),(487,'Rustin','McOwan',NULL,955),(488,'Catlaina','St Angel',NULL,983),(489,'Flss','Powdrill',NULL,899),(490,'Shurlock','Gennings',NULL,573),(491,'Daffie','McClaurie',NULL,85),(492,'Barbara-anne','Louden',NULL,848),(493,'Penelopa','Prestige',NULL,620),(494,'Roosevelt','Hunt',NULL,255),(495,'Jessamyn','Kench',NULL,760),(496,'Hernando','Jeannaud',NULL,132),(497,'Uta','Stallebrass',NULL,983),(498,'Marylou','Wyley',NULL,484),(499,'Muire','Riteley',NULL,609),(500,'Cori','Seel',NULL,NULL),(501,'Ede','Antonikov',NULL,NULL),(502,'Urbain','McDuffy',NULL,NULL),(503,'Ephrem','McNamara',NULL,NULL),(504,'Dre','Kinnoch',NULL,NULL),(505,'Althea','Hollow',NULL,NULL),(506,'Buiron','Hollingby',NULL,NULL),(507,'Kamillah','Zelland',NULL,NULL),(508,'Patsy','Matas',NULL,NULL),(509,'Terrence','Argo',NULL,NULL),(510,'Joete','Pendock',NULL,NULL),(511,'Giovanna','Birchill',NULL,NULL),(512,'Melva','Sotheron',NULL,NULL),(513,'Humbert','Richin',NULL,NULL),(514,'Meggy','Gillan',NULL,NULL),(515,'Axel','Bourne',NULL,NULL),(516,'Emlyn','Coye',NULL,NULL),(517,'Brittan','Stockbridge',NULL,NULL),(518,'Robinett','Pallatina',NULL,NULL),(519,'Darb','Ollin',NULL,NULL),(520,'Emeline','Ludl',NULL,NULL),(521,'Luce','Dailey',NULL,NULL),(522,'Easter','Thying',NULL,NULL),(523,'Ninnetta','Garroch',NULL,NULL),(524,'Raimondo','Pallas',NULL,NULL),(525,'Magnum','Francis',NULL,NULL),(526,'Yuri','Harral',NULL,NULL),(527,'Toma','Lintot',NULL,NULL),(528,'Herb','Balke',NULL,NULL),(529,'Irvine','Eastman',NULL,NULL),(530,'Lorry','Matthewes',NULL,NULL),(531,'Temp','Canadine',NULL,NULL),(532,'Pace','Heber',NULL,NULL),(533,'Fernanda','Soigne',NULL,NULL),(534,'Kaitlynn','Paszak',NULL,NULL),(535,'Florencia','Winks',NULL,NULL),(536,'Rubetta','Dye',NULL,NULL),(537,'Jamaal','Connolly',NULL,NULL),(538,'Jeralee','Coldman',NULL,NULL),(539,'Loydie','Danielian',NULL,NULL),(540,'Jacquetta','Twopenny',NULL,NULL),(541,'Cathie','McMechan',NULL,NULL),(542,'Celinka','Dahill',NULL,NULL),(543,'Aguste','Golledge',NULL,NULL),(544,'Caprice','Carrick',NULL,NULL),(545,'Freddie','Sibthorp',NULL,NULL),(546,'Glen','Gorey',NULL,NULL),(547,'Dominique','Rowes',NULL,NULL),(548,'Sigismond','Wiggins',NULL,NULL),(549,'Hunter','Heddon',NULL,NULL),(550,'Cecile','Manjin',NULL,NULL),(551,'Willabella','Fryett',NULL,NULL),(552,'Alma','Rentcome',NULL,NULL),(553,'Massimo','Winsome',NULL,NULL),(554,'Tiphani','Prewett',NULL,NULL),(555,'Mari','Duffill',NULL,NULL),(556,'Gwenette','Sivior',NULL,NULL),(557,'Patrizius','Rofe',NULL,NULL),(558,'Ileane','Washtell',NULL,NULL),(559,'Ban','O\'Leary',NULL,NULL),(560,'Quent','Redrup',NULL,NULL),(561,'Roxana','Balas',NULL,NULL),(562,'Brennen','Brixey',NULL,NULL),(563,'Carlye','Tuxsell',NULL,NULL),(564,'Ezechiel','Nell',NULL,NULL),(565,'Dawna','Bardill',NULL,NULL),(566,'Arden','Bruin',NULL,NULL),(567,'Carie','Wones',NULL,NULL),(568,'Boyce','Hayth',NULL,NULL),(569,'Johannah','Whacket',NULL,NULL),(570,'Aviva','Stit',NULL,NULL),(571,'Byron','Catenot',NULL,NULL),(572,'Tammy','Corneil',NULL,NULL),(573,'Arabela','Rangeley',NULL,NULL),(574,'Monty','Itzhaki',NULL,NULL),(575,'Fifine','Petren',NULL,NULL),(576,'Rey','Nutbeem',NULL,NULL),(577,'Nappy','Shilstone',NULL,NULL),(578,'Vikki','MacCahee',NULL,NULL),(579,'Sanson','Montes',NULL,NULL),(580,'Christoforo','Innwood',NULL,NULL),(581,'Salvatore','Joron',NULL,NULL),(582,'Lesya','Macconachy',NULL,NULL),(583,'Karol','Feak',NULL,NULL),(584,'Broddy','Duran',NULL,NULL),(585,'Marlyn','Rennolds',NULL,NULL),(586,'Madeline','Hitscher',NULL,NULL),(587,'Madge','Runge',NULL,NULL),(588,'Christyna','Debill',NULL,NULL),(589,'Flossy','Robroe',NULL,NULL),(590,'Gustavus','Saw',NULL,NULL),(591,'Griswold','Hinkens',NULL,NULL),(592,'Ivan','Peret',NULL,NULL),(593,'Baxy','Le Jean',NULL,NULL),(594,'Latisha','Mustoo',NULL,NULL),(595,'Trescha','Giottini',NULL,NULL),(596,'Selby','McSweeney',NULL,NULL),(597,'Benito','Ausello',NULL,NULL),(598,'Jaclin','Chessil',NULL,NULL),(599,'Carr','Prandini',NULL,NULL),(600,'Chicky','Bisco',NULL,NULL),(601,'Wallie','Simnett',NULL,NULL),(602,'Dewitt','Izhaky',NULL,NULL),(603,'Oralla','Doorbar',NULL,NULL),(604,'Nathan','Trematick',NULL,NULL),(605,'Mira','Ride',NULL,NULL),(606,'Elladine','Landor',NULL,NULL),(607,'Malinda','Gerhold',NULL,NULL),(608,'Manfred','Kinnear',NULL,NULL),(609,'Bernice','Laird-Craig',NULL,NULL),(610,'Dawna','McVeighty',NULL,NULL),(611,'Monique','Ellwand',NULL,NULL),(612,'Rikki','Goudie',NULL,NULL),(613,'Hew','Umney',NULL,NULL),(614,'Aila','Caddies',NULL,NULL),(615,'Jessamine','Shopcott',NULL,NULL),(616,'Brennen','Geertsen',NULL,NULL),(617,'Mitchael','Purdy',NULL,NULL),(618,'Charity','Fidoe',NULL,NULL),(619,'Malachi','Leel',NULL,NULL),(620,'Adaline','Mabson',NULL,NULL),(621,'Traver','Harberer',NULL,NULL),(622,'Corri','Allnutt',NULL,NULL),(623,'Mickie','Colten',NULL,NULL),(624,'Tally','Kynastone',NULL,NULL),(625,'Moore','Petzold',NULL,NULL),(626,'Saw','Jaqueme',NULL,NULL),(627,'Sherilyn','Lindell',NULL,NULL),(628,'Delly','Deas',NULL,NULL),(629,'Randie','Littell',NULL,NULL),(630,'Sebastian','O\' Scallan',NULL,NULL),(631,'Pip','Cunnah',NULL,NULL),(632,'Eloisa','Tollet',NULL,NULL),(633,'Abdel','Colbourn',NULL,NULL),(634,'Bradley','Cree',NULL,NULL),(635,'Julietta','Tolworth',NULL,NULL),(636,'Mel','Philcox',NULL,NULL),(637,'Barbara','Cutill',NULL,NULL),(638,'Merwin','Crossley',NULL,NULL),(639,'Teodora','Mostyn',NULL,NULL),(640,'Maryl','Woodard',NULL,NULL),(641,'Bettina','Mc Kellen',NULL,NULL),(642,'Syd','Trineman',NULL,NULL),(643,'Dyan','Fasham',NULL,NULL),(644,'Nancy','Osgordby',NULL,NULL),(645,'Adelaide','Whyborn',NULL,NULL),(646,'Ody','Monkleigh',NULL,NULL),(647,'Siouxie','Wickins',NULL,NULL),(648,'Didi','Latan',NULL,NULL),(649,'Tiena','Treadaway',NULL,NULL),(650,'Gilli','Jeaycock',NULL,NULL),(651,'Mandi','Rigglesford',NULL,NULL),(652,'Ricca','Beckham',NULL,NULL),(653,'Ainslie','Dyball',NULL,NULL),(654,'Angie','Fost',NULL,NULL),(655,'Adriane','Bolliver',NULL,NULL),(656,'Ferris','Toope',NULL,NULL),(657,'Elene','Broxap',NULL,NULL),(658,'Osmond','Wilcot',NULL,NULL),(659,'Jacquenette','Deniske',NULL,NULL),(660,'Barney','Cornillot',NULL,NULL),(661,'Abram','Stonner',NULL,NULL),(662,'Evangelia','Pither',NULL,NULL),(663,'Stephana','Dearle',NULL,NULL),(664,'Kirsten','Fricke',NULL,NULL),(665,'Reeva','Cafferty',NULL,NULL),(666,'Melly','Mulleary',NULL,NULL),(667,'Yves','Rosellini',NULL,NULL),(668,'Leanna','Minghella',NULL,NULL),(669,'Gustav','Coop',NULL,NULL),(670,'Eldredge','Rivelon',NULL,NULL),(671,'Marylou','Edgworth',NULL,NULL),(672,'Clari','Humes',NULL,NULL),(673,'Abner','Bourke',NULL,NULL),(674,'Wain','Eadon',NULL,NULL),(675,'Katerina','Houndson',NULL,NULL),(676,'Janna','Laxston',NULL,NULL),(677,'Renaud','Matlock',NULL,NULL),(678,'Yettie','Hedworth',NULL,NULL),(679,'Olenolin','Lampen',NULL,NULL),(680,'Hyacinthe','Mahony',NULL,NULL),(681,'Husain','Shovelbottom',NULL,NULL),(682,'Tyrus','Jull',NULL,NULL),(683,'Janie','Darwen',NULL,NULL),(684,'Francine','Cirlos',NULL,NULL),(685,'Tyrone','Ashingden',NULL,NULL),(686,'Melonie','Madgin',NULL,NULL),(687,'Gussy','Morforth',NULL,NULL),(688,'Christopher','Shirt',NULL,NULL),(689,'Wesley','Hemphrey',NULL,NULL),(690,'Nichole','Tombleson',NULL,NULL),(691,'Ulrikaumeko','Rayer',NULL,NULL),(692,'Myron','Costley',NULL,NULL),(693,'Nert','Leteurtre',NULL,NULL),(694,'Olive','Rohloff',NULL,NULL),(695,'Walden','Bortolazzi',NULL,NULL),(696,'Mercy','Brine',NULL,NULL),(697,'Pierson','Atwater',NULL,NULL),(698,'Luis','Deverille',NULL,NULL),(699,'Waldon','Stockoe',NULL,NULL),(700,'Annalise','Hacon',NULL,NULL),(701,'Hallsy','Cearley',NULL,NULL),(702,'Nathanial','Kyncl',NULL,NULL),(703,'Baird','Gare',NULL,NULL),(704,'Kirby','Scrafton',NULL,NULL),(705,'Bianka','Collyer',NULL,NULL),(706,'Vlad','Jedrzejczak',NULL,NULL),(707,'Gertrud','Pablo',NULL,NULL),(708,'Ker','Menci',NULL,NULL),(709,'Adrianna','Braznell',NULL,NULL),(710,'Wilma','Barfield',NULL,NULL),(711,'Janey','Biffen',NULL,NULL),(712,'Nickolaus','Challis',NULL,NULL),(713,'Sharia','Judron',NULL,NULL),(714,'Janenna','Koubu',NULL,NULL),(715,'Duane','Castagne',NULL,NULL),(716,'Dael','Breakwell',NULL,NULL),(717,'Luise','Birdseye',NULL,NULL),(718,'Huntley','Milburn',NULL,NULL),(719,'Paulina','Cornell',NULL,NULL),(720,'Claudelle','MacCome',NULL,NULL),(721,'Red','Foggarty',NULL,NULL),(722,'Waly','Milbourne',NULL,NULL),(723,'Nikita','Eyam',NULL,NULL),(724,'Ebba','Lackie',NULL,NULL),(725,'Barnett','Jeromson',NULL,NULL),(726,'Delbert','Menchenton',NULL,NULL),(727,'Aila','Upcraft',NULL,NULL),(728,'Baxy','Briddle',NULL,NULL),(729,'Rania','Josskowitz',NULL,NULL),(730,'Sheffy','Brooksbie',NULL,NULL),(731,'Cindi','Dobel',NULL,NULL),(732,'Eduino','Pancoust',NULL,NULL),(733,'Andy','McLarens',NULL,NULL),(734,'Tobe','Bosson',NULL,NULL),(735,'Vick','Regorz',NULL,NULL),(736,'Gorden','Kenworthey',NULL,NULL),(737,'Lodovico','Kalberer',NULL,NULL),(738,'Derril','Daborn',NULL,NULL),(739,'Miner','Abercromby',NULL,NULL),(740,'Herculie','Dooher',NULL,NULL),(741,'Kalvin','Pickervance',NULL,NULL),(742,'Augustine','Szymon',NULL,NULL),(743,'Axe','Knibbs',NULL,NULL),(744,'Reinhard','Veare',NULL,NULL),(745,'Faun','Skillanders',NULL,NULL),(746,'Linette','Woolley',NULL,NULL),(747,'Jeni','Meere',NULL,NULL),(748,'Dun','Graybeal',NULL,NULL),(749,'Berny','Decayette',NULL,NULL),(750,'Ruthe','Fernez',NULL,NULL),(751,'Terese','McCrann',NULL,NULL),(752,'Darrelle','Blasik',NULL,NULL),(753,'Guillemette','Jopp',NULL,NULL),(754,'Babita','Ilott',NULL,NULL),(755,'Mureil','Crepin',NULL,NULL),(756,'Francoise','Brunel',NULL,NULL),(757,'Wilden','Grimble',NULL,NULL),(758,'Orelle','Hulett',NULL,NULL),(759,'Doro','Schultz',NULL,NULL),(760,'Darrick','McCrone',NULL,NULL),(761,'Mona','McAuslene',NULL,NULL),(762,'Aldo','Bollen',NULL,NULL),(763,'Leonie','Berg',NULL,NULL),(764,'Danette','Dolder',NULL,NULL),(765,'Eada','Pinfold',NULL,NULL),(766,'Major','Vigus',NULL,NULL),(767,'Burty','Isted',NULL,NULL),(768,'Hailee','Huckstepp',NULL,NULL),(769,'Dena','Woolford',NULL,NULL),(770,'Karlene','Martinez',NULL,NULL),(771,'Jewelle','Ricks',NULL,NULL),(772,'Hephzibah','Mates',NULL,NULL),(773,'Shalom','Bane',NULL,NULL),(774,'Jacobo','Joll',NULL,NULL),(775,'Stirling','Pinhorn',NULL,NULL),(776,'Mame','Legging',NULL,NULL),(777,'Rianon','Brockest',NULL,NULL),(778,'Damaris','Densham',NULL,NULL),(779,'Paddie','Sperry',NULL,NULL),(780,'Balduin','Templman',NULL,NULL),(781,'Sim','Folan',NULL,NULL),(782,'Adelaida','Meaton',NULL,NULL),(783,'Nickolai','McMurty',NULL,NULL),(784,'Heida','Izzett',NULL,NULL),(785,'Wainwright','Blakemore',NULL,NULL),(786,'Halsey','Kardos',NULL,NULL),(787,'Daryl','Chaves',NULL,NULL),(788,'Tammie','Stitt',NULL,NULL),(789,'Vinnie','Barthelmes',NULL,NULL),(790,'Selby','Bernardinelli',NULL,NULL),(791,'Aimee','Gail',NULL,NULL),(792,'Amil','Ardley',NULL,NULL),(793,'Clement','Trasler',NULL,NULL),(794,'Laurence','Agglio',NULL,NULL),(795,'Rozanna','Oughtright',NULL,NULL),(796,'Helyn','Ateggart',NULL,NULL),(797,'Perry','Shorey',NULL,NULL),(798,'Cornell','Kamen',NULL,NULL),(799,'Patsy','Dullaghan',NULL,NULL),(800,'Eldin','Kalf',NULL,NULL),(801,'Nessy','Ksandra',NULL,NULL),(802,'Adam','Thraves',NULL,NULL),(803,'Jewelle','Redler',NULL,NULL),(804,'Jenica','Worters',NULL,NULL),(805,'Stevena','Paramor',NULL,NULL),(806,'Nalani','Burcombe',NULL,NULL),(807,'Carrissa','Solesbury',NULL,NULL),(808,'Papagena','Mitchall',NULL,NULL),(809,'Trip','Gook',NULL,NULL),(810,'Fredra','Atrill',NULL,NULL),(811,'Jody','Skala',NULL,NULL),(812,'Artemis','Bindley',NULL,NULL),(813,'Wyn','Ierland',NULL,NULL),(814,'Taryn','Arnott',NULL,NULL),(815,'Davine','Goldney',NULL,NULL),(816,'Hermia','Peddowe',NULL,NULL),(817,'Celie','Caffery',NULL,NULL),(818,'Mateo','Pedlingham',NULL,NULL),(819,'King','Scare',NULL,NULL),(820,'Pam','Le Breton De La Vieuville',NULL,NULL),(821,'Sherline','Bratt',NULL,NULL),(822,'Andres','Jopp',NULL,NULL),(823,'Janessa','Hopfner',NULL,NULL),(824,'Keary','Ebbutt',NULL,NULL),(825,'Cindee','Guterson',NULL,NULL),(826,'Reena','Dolley',NULL,NULL),(827,'Josie','Jurek',NULL,NULL),(828,'Herminia','Golborn',NULL,NULL),(829,'Daile','Brunning',NULL,NULL),(830,'Geno','Shawcroft',NULL,NULL),(831,'Holli','Boij',NULL,NULL),(832,'Trent','Tomik',NULL,NULL),(833,'Maurita','Whitten',NULL,NULL),(834,'Pansy','Wastling',NULL,NULL),(835,'Brandy','Springtorpe',NULL,NULL),(836,'Eachelle','Jurisch',NULL,NULL),(837,'Englebert','Beric',NULL,NULL),(838,'Anselm','Shore',NULL,NULL),(839,'Thorny','Maypowder',NULL,NULL),(840,'Claudius','Endon',NULL,NULL),(841,'Cristal','Chislett',NULL,NULL),(842,'Lou','Eltun',NULL,NULL),(843,'Hendrick','Moxstead',NULL,NULL),(844,'Caitrin','Paullin',NULL,NULL),(845,'Wendeline','Coppledike',NULL,NULL),(846,'Whit','Hatchman',NULL,NULL),(847,'Haleigh','Kenneway',NULL,NULL),(848,'Ransell','Trembath',NULL,NULL),(849,'Marie-ann','Twinborough',NULL,NULL),(850,'Isidro','Conaboy',NULL,NULL),(851,'Dougy','Cran',NULL,NULL),(852,'Ricardo','Leijs',NULL,NULL),(853,'Quill','Churm',NULL,NULL),(854,'Igor','Blowfelde',NULL,NULL),(855,'Marlane','Hegel',NULL,NULL),(856,'Corella','Thowless',NULL,NULL),(857,'Brade','Arnoud',NULL,NULL),(858,'Natka','Brundill',NULL,NULL),(859,'Wallache','Frenzel',NULL,NULL),(860,'Coleen','Escofier',NULL,NULL),(861,'Sig','Droghan',NULL,NULL),(862,'Alon','Sleney',NULL,NULL),(863,'Morlee','Govett',NULL,NULL),(864,'Melicent','Gibling',NULL,NULL),(865,'Francois','Talboy',NULL,NULL),(866,'Pepe','Crosetti',NULL,NULL),(867,'Prissie','Newstead',NULL,NULL),(868,'Sigismondo','Christophersen',NULL,NULL),(869,'Bella','Keohane',NULL,NULL),(870,'Bili','Goch',NULL,NULL),(871,'Karina','Burger',NULL,NULL),(872,'Kessiah','Manie',NULL,NULL),(873,'Archibaldo','Muscat',NULL,NULL),(874,'Gilemette','Masseo',NULL,NULL),(875,'Jewel','Tryhorn',NULL,NULL),(876,'Scott','Pirdue',NULL,NULL),(877,'Kyle','Stirrip',NULL,NULL),(878,'Daphne','Cunah',NULL,NULL),(879,'Yolanthe','Winslow',NULL,NULL),(880,'Leona','Petrushanko',NULL,NULL),(881,'Sebastiano','Martygin',NULL,NULL),(882,'Janetta','Molen',NULL,NULL),(883,'Rebbecca','Kepling',NULL,NULL),(884,'Waring','O\' Mahony',NULL,NULL),(885,'Gordon','De Lacey',NULL,NULL),(886,'Madison','Seaborne',NULL,NULL),(887,'Pansy','Ferrieri',NULL,NULL),(888,'Guendolen','Alkin',NULL,NULL),(889,'Ewan','Fairholme',NULL,NULL),(890,'Fredra','Yokley',NULL,NULL),(891,'Lotte','Vinecombe',NULL,NULL),(892,'Tremain','Giorgio',NULL,NULL),(893,'Bunni','Drewery',NULL,NULL),(894,'Gracia','Leys',NULL,NULL),(895,'Rani','Pinner',NULL,NULL),(896,'Klemens','Steventon',NULL,NULL),(897,'Griffith','Lassell',NULL,NULL),(898,'Lucretia','Critch',NULL,NULL),(899,'Kin','Kibbee',NULL,NULL),(900,'Dev','Thynne',NULL,NULL),(901,'Berni','Dady',NULL,NULL),(902,'Saul','Mansfield',NULL,NULL),(903,'Carson','Cleevely',NULL,NULL),(904,'Alla','Holby',NULL,NULL),(905,'Alyson','Mitchiner',NULL,NULL),(906,'Mitchael','Pindred',NULL,NULL),(907,'Ainslie','Canellas',NULL,NULL),(908,'Evyn','Janous',NULL,NULL),(909,'Reeta','Cathel',NULL,NULL),(910,'Bertrand','Robard',NULL,NULL),(911,'Annabal','Rouby',NULL,NULL),(912,'Grethel','Hamsher',NULL,NULL),(913,'Gallagher','Doogue',NULL,NULL),(914,'Ric','Towe',NULL,NULL),(915,'Tracie','Huitson',NULL,NULL),(916,'Jackie','Jeff',NULL,NULL),(917,'Tish','Bunch',NULL,NULL),(918,'Reena','Dunrige',NULL,NULL),(919,'Mikey','Monteath',NULL,NULL),(920,'Katharine','Paolazzi',NULL,NULL),(921,'Andreana','Peckett',NULL,NULL),(922,'Rafaello','Klimontovich',NULL,NULL),(923,'Holly','Barkas',NULL,NULL),(924,'Donetta','Vidloc',NULL,NULL),(925,'Marty','Gerauld',NULL,NULL),(926,'Geneva','Hake',NULL,NULL),(927,'Phillie','Newgrosh',NULL,NULL),(928,'Athena','Gorton',NULL,NULL),(929,'Jamison','Spick',NULL,NULL),(930,'Brennan','Yuryichev',NULL,NULL),(931,'Edmund','Skinner',NULL,NULL),(932,'Miguela','Brunning',NULL,NULL),(933,'Nomi','McWilliams',NULL,NULL),(934,'Carlie','Lashmore',NULL,NULL),(935,'Ced','Farady',NULL,NULL),(936,'Sybilla','Brummitt',NULL,NULL),(937,'Myles','Ethridge',NULL,NULL),(938,'Whitman','McNae',NULL,NULL),(939,'Julietta','Rosenblath',NULL,NULL),(940,'Mariska','Branchflower',NULL,NULL),(941,'Briant','Ellen',NULL,NULL),(942,'Flor','Veltman',NULL,NULL),(943,'Braden','Paullin',NULL,NULL),(944,'Chrysler','Maddaford',NULL,NULL),(945,'Dionne','Beert',NULL,NULL),(946,'Tierney','Mortell',NULL,NULL),(947,'Glenden','Kenninghan',NULL,NULL),(948,'Morrie','De Filippis',NULL,NULL),(949,'Juline','Choffin',NULL,NULL),(950,'Guillaume','Canet',NULL,NULL),(951,'Cos','McRitchie',NULL,NULL),(952,'Rollo','Greenless',NULL,NULL),(953,'Jodi','Soar',NULL,NULL),(954,'Fern','Antalffy',NULL,NULL),(955,'Rodrick','Blaze',NULL,NULL),(956,'Ruperto','Talton',NULL,NULL),(957,'Bab','Tezure',NULL,NULL),(958,'Roxanna','Vouls',NULL,NULL),(959,'Carolyn','Sparkwill',NULL,NULL),(960,'Ario','Laden',NULL,NULL),(961,'Dyan','Toffalo',NULL,NULL),(962,'Callida','Palfreyman',NULL,NULL),(963,'Florrie','Kinnard',NULL,NULL),(964,'Antonetta','Paling',NULL,NULL),(965,'Lesly','Vannini',NULL,NULL),(966,'Ephrem','Egle of Germany',NULL,NULL),(967,'Doria','Kenworthey',NULL,NULL),(968,'Lucia','Schurig',NULL,NULL),(969,'Anastasie','Bradborne',NULL,NULL),(970,'Peri','Savaage',NULL,NULL),(971,'Lorrin','MacTeggart',NULL,NULL),(972,'Lani','Van der Daal',NULL,NULL),(973,'Athene','Crayton',NULL,NULL),(974,'Kerby','Jahnig',NULL,NULL),(975,'Rachael','Deverock',NULL,NULL),(976,'Georgeanna','Ivimey',NULL,NULL),(977,'Philip','Peagram',NULL,NULL),(978,'Maryann','Bugge',NULL,NULL),(979,'Tandie','Breston',NULL,NULL),(980,'Janessa','Margiotta',NULL,NULL),(981,'Yolande','Knowles',NULL,NULL),(982,'Thaine','McInulty',NULL,NULL),(983,'Lanni','Sanbrook',NULL,NULL),(984,'Mike','Gyngyll',NULL,NULL),(985,'Nerte','Broomhall',NULL,NULL),(986,'Marybeth','Tabary',NULL,NULL),(987,'Guntar','Port',NULL,NULL),(988,'Amerigo','Brenton',NULL,NULL),(989,'Nadya','Ramme',NULL,NULL),(990,'Elena','Loakes',NULL,NULL),(991,'Lazar','Bancroft',NULL,NULL),(992,'Mela','Georgievski',NULL,NULL),(993,'Jemimah','Heijnen',NULL,NULL),(994,'Armstrong','Masserel',NULL,NULL),(995,'Culley','Ferschke',NULL,NULL),(996,'Hebert','Cusworth',NULL,NULL),(997,'Solomon','McQuarter',NULL,NULL),(998,'Shelley','Cancellor',NULL,NULL),(999,'Birgit','Etienne',NULL,NULL),(1000,'Orly','Ditzel',NULL,NULL);
/*!40000 ALTER TABLE `person` ENABLE KEYS */;
UNLOCK TABLES;

--
-- Temporary view structure for view `pizza_by_shop`
--

DROP TABLE IF EXISTS `pizza_by_shop`;
/*!50001 DROP VIEW IF EXISTS `pizza_by_shop`*/;
SET @saved_cs_client     = @@character_set_client;
/*!50503 SET character_set_client = utf8mb4 */;
/*!50001 CREATE VIEW `pizza_by_shop` AS SELECT 
 1 AS `pizza`,
 1 AS `max`,
 1 AS `shop`*/;
SET character_set_client = @saved_cs_client;

--
-- Table structure for table `product`
--

DROP TABLE IF EXISTS `product`;
/*!40101 SET @saved_cs_client     = @@character_set_client */;
/*!50503 SET character_set_client = utf8mb4 */;
CREATE TABLE `product` (
  `id` int NOT NULL,
  `name` varchar(45) NOT NULL,
  `price` decimal(4,2) DEFAULT NULL,
  PRIMARY KEY (`id`,`name`)
) ENGINE=InnoDB DEFAULT CHARSET=utf8;
/*!40101 SET character_set_client = @saved_cs_client */;

--
-- Dumping data for table `product`
--

LOCK TABLES `product` WRITE;
/*!40000 ALTER TABLE `product` DISABLE KEYS */;
INSERT INTO `product` VALUES (1,'coca',2.00),(2,'coca zero',2.00),(3,'water',1.00),(4,'orange juice',1.50),(5,'lemonade',2.00),(6,'wings',1.00),(7,'onion ring',0.50),(8,'pizza marguerita',10.00),(9,'pizza 3 cheese',12.00),(10,'pizza goat cheese',12.00),(11,'pizza barbecue',15.00),(12,'pizza indian',12.00),(13,'pizza salmon',15.00),(14,'pizza supreme meat',15.00);
/*!40000 ALTER TABLE `product` ENABLE KEYS */;
UNLOCK TABLES;

--
-- Table structure for table `rank`
--

DROP TABLE IF EXISTS `rank`;
/*!40101 SET @saved_cs_client     = @@character_set_client */;
/*!50503 SET character_set_client = utf8mb4 */;
CREATE TABLE `rank` (
  `id` int NOT NULL AUTO_INCREMENT,
  `name` varchar(45) NOT NULL,
  PRIMARY KEY (`id`,`name`),
  UNIQUE KEY `id_rank_UNIQUE` (`id`),
  UNIQUE KEY `name_UNIQUE` (`name`)
) ENGINE=InnoDB AUTO_INCREMENT=4 DEFAULT CHARSET=utf8;
/*!40101 SET character_set_client = @saved_cs_client */;

--
-- Dumping data for table `rank`
--

LOCK TABLES `rank` WRITE;
/*!40000 ALTER TABLE `rank` DISABLE KEYS */;
INSERT INTO `rank` VALUES (1,'employee'),(2,'manager'),(3,'director');
/*!40000 ALTER TABLE `rank` ENABLE KEYS */;
UNLOCK TABLES;

--
-- Table structure for table `recipe`
--

DROP TABLE IF EXISTS `recipe`;
/*!40101 SET @saved_cs_client     = @@character_set_client */;
/*!50503 SET character_set_client = utf8mb4 */;
CREATE TABLE `recipe` (
  `id_product` int NOT NULL,
  `id_ingredient` int NOT NULL,
  `number` int NOT NULL,
  PRIMARY KEY (`id_product`,`id_ingredient`),
  KEY `product_id_idx` (`id_product`),
  KEY `fk_ingredient_id_idx` (`id_ingredient`),
  CONSTRAINT `fk_recipe_ingredient` FOREIGN KEY (`id_ingredient`) REFERENCES `ingredient` (`id`),
  CONSTRAINT `fk_recipe_product` FOREIGN KEY (`id_product`) REFERENCES `product` (`id`)
) ENGINE=InnoDB DEFAULT CHARSET=utf8;
/*!40101 SET character_set_client = @saved_cs_client */;

--
-- Dumping data for table `recipe`
--

LOCK TABLES `recipe` WRITE;
/*!40000 ALTER TABLE `recipe` DISABLE KEYS */;
INSERT INTO `recipe` VALUES (8,1,220),(8,2,200),(8,3,200),(8,5,20),(8,8,100),(9,1,220),(9,3,50),(9,4,50),(9,6,50),(9,9,200),(10,1,220),(10,2,200),(10,4,200),(10,5,20),(11,1,220),(11,3,200),(11,10,200),(11,11,50),(11,12,50),(11,14,50),(11,15,50),(12,1,220),(12,3,200),(12,7,5),(12,13,200),(12,14,150),(12,20,10),(12,21,10),(13,1,220),(13,3,200),(13,9,200),(13,16,100),(13,18,50),(14,1,220),(14,2,200),(14,3,200),(14,8,50),(14,11,50),(14,12,50),(14,14,50),(14,15,50),(14,17,50),(14,19,50);
/*!40000 ALTER TABLE `recipe` ENABLE KEYS */;
UNLOCK TABLES;

--
-- Temporary view structure for view `recipe_by_pizza`
--

DROP TABLE IF EXISTS `recipe_by_pizza`;
/*!50001 DROP VIEW IF EXISTS `recipe_by_pizza`*/;
SET @saved_cs_client     = @@character_set_client;
/*!50503 SET character_set_client = utf8mb4 */;
/*!50001 CREATE VIEW `recipe_by_pizza` AS SELECT 
 1 AS `pizza`,
 1 AS `ingredient`,
 1 AS `quantity`*/;
SET character_set_client = @saved_cs_client;

--
-- Table structure for table `retrievement_type`
--

DROP TABLE IF EXISTS `retrievement_type`;
/*!40101 SET @saved_cs_client     = @@character_set_client */;
/*!50503 SET character_set_client = utf8mb4 */;
CREATE TABLE `retrievement_type` (
  `id` int NOT NULL AUTO_INCREMENT,
  `name` varchar(45) NOT NULL,
  PRIMARY KEY (`id`,`name`),
  UNIQUE KEY `name_UNIQUE` (`name`),
  UNIQUE KEY `id_retrievement_type_UNIQUE` (`id`)
) ENGINE=InnoDB AUTO_INCREMENT=4 DEFAULT CHARSET=utf8;
/*!40101 SET character_set_client = @saved_cs_client */;

--
-- Dumping data for table `retrievement_type`
--

LOCK TABLES `retrievement_type` WRITE;
/*!40000 ALTER TABLE `retrievement_type` DISABLE KEYS */;
INSERT INTO `retrievement_type` VALUES (1,'take_away'),(2,'delivery'),(3,'on_spot');
/*!40000 ALTER TABLE `retrievement_type` ENABLE KEYS */;
UNLOCK TABLES;

--
-- Temporary view structure for view `sales_by_shop`
--

DROP TABLE IF EXISTS `sales_by_shop`;
/*!50001 DROP VIEW IF EXISTS `sales_by_shop`*/;
SET @saved_cs_client     = @@character_set_client;
/*!50503 SET character_set_client = utf8mb4 */;
/*!50001 CREATE VIEW `sales_by_shop` AS SELECT 
 1 AS `name`,
 1 AS `SUM(price)`*/;
SET character_set_client = @saved_cs_client;

--
-- Table structure for table `shop`
--

DROP TABLE IF EXISTS `shop`;
/*!40101 SET @saved_cs_client     = @@character_set_client */;
/*!50503 SET character_set_client = utf8mb4 */;
CREATE TABLE `shop` (
  `id` int NOT NULL AUTO_INCREMENT,
  `name` varchar(45) NOT NULL,
  `contact_id` int DEFAULT NULL,
  PRIMARY KEY (`id`,`name`),
  UNIQUE KEY `id_shop_UNIQUE` (`id`),
  KEY `fk_shop_contact_idx` (`contact_id`),
  CONSTRAINT `fk_shop_contact` FOREIGN KEY (`contact_id`) REFERENCES `contact` (`id`)
) ENGINE=InnoDB AUTO_INCREMENT=4 DEFAULT CHARSET=utf8;
/*!40101 SET character_set_client = @saved_cs_client */;

--
-- Dumping data for table `shop`
--

LOCK TABLES `shop` WRITE;
/*!40000 ALTER TABLE `shop` DISABLE KEYS */;
INSERT INTO `shop` VALUES (1,'Maraba',1),(2,'Berezniki',2),(3,'Pradera',3);
/*!40000 ALTER TABLE `shop` ENABLE KEYS */;
UNLOCK TABLES;

--
-- Table structure for table `stock`
--

DROP TABLE IF EXISTS `stock`;
/*!40101 SET @saved_cs_client     = @@character_set_client */;
/*!50503 SET character_set_client = utf8mb4 */;
CREATE TABLE `stock` (
  `id` int NOT NULL,
  `id_shop` int NOT NULL,
  `type` varchar(45) NOT NULL,
  `stock` int NOT NULL,
  KEY `fk_stock_shop_idx` (`id_shop`),
  CONSTRAINT `fk_stock_shop` FOREIGN KEY (`id_shop`) REFERENCES `shop` (`id`)
) ENGINE=InnoDB DEFAULT CHARSET=utf8;
/*!40101 SET character_set_client = @saved_cs_client */;

--
-- Dumping data for table `stock`
--

LOCK TABLES `stock` WRITE;
/*!40000 ALTER TABLE `stock` DISABLE KEYS */;
INSERT INTO `stock` VALUES (1,1,'ingredient',46017),(2,1,'ingredient',56798),(3,1,'ingredient',66995),(4,1,'ingredient',62589),(5,1,'ingredient',75348),(6,1,'ingredient',84807),(7,1,'ingredient',45405),(8,1,'ingredient',17711),(9,1,'ingredient',83486),(10,1,'ingredient',20377),(11,1,'ingredient',43458),(12,1,'ingredient',96157),(13,1,'ingredient',57613),(14,1,'ingredient',66589),(15,1,'ingredient',26506),(16,1,'ingredient',53356),(17,1,'ingredient',91987),(18,1,'ingredient',29035),(19,1,'ingredient',17403),(20,1,'ingredient',99712),(21,1,'ingredient',88918),(22,1,'ingredient',75228),(1,2,'ingredient',23569),(2,2,'ingredient',64424),(3,2,'ingredient',84852),(4,2,'ingredient',81377),(5,2,'ingredient',10911),(6,2,'ingredient',34508),(7,2,'ingredient',46538),(8,2,'ingredient',81997),(9,2,'ingredient',66869),(10,2,'ingredient',5015),(11,2,'ingredient',56358),(12,2,'ingredient',16768),(13,2,'ingredient',14862),(14,2,'ingredient',35987),(15,2,'ingredient',37590),(16,2,'ingredient',45957),(17,2,'ingredient',37251),(18,2,'ingredient',96734),(19,2,'ingredient',78459),(20,2,'ingredient',79604),(21,2,'ingredient',10387),(22,2,'ingredient',8315),(1,3,'ingredient',73490),(2,3,'ingredient',29769),(3,3,'ingredient',41778),(4,3,'ingredient',18467),(5,3,'ingredient',37698),(6,3,'ingredient',81972),(7,3,'ingredient',52060),(8,3,'ingredient',46016),(9,3,'ingredient',720),(10,3,'ingredient',69710),(11,3,'ingredient',1212),(12,3,'ingredient',66308),(13,3,'ingredient',25244),(14,3,'ingredient',84471),(15,3,'ingredient',45469),(16,3,'ingredient',37369),(17,3,'ingredient',11092),(18,3,'ingredient',20503),(19,3,'ingredient',74866),(20,3,'ingredient',28303),(21,3,'ingredient',66885),(22,3,'ingredient',704),(1,1,'product',98475),(2,1,'product',69588),(3,1,'product',27699),(4,1,'product',747),(5,1,'product',3336),(6,1,'product',38660),(7,1,'product',73912),(1,2,'product',53104),(2,2,'product',67806),(3,2,'product',75184),(4,2,'product',27165),(5,2,'product',53444),(6,2,'product',56037),(7,2,'product',19178),(1,3,'product',899),(2,3,'product',42265),(3,3,'product',9310),(4,3,'product',24233),(5,3,'product',55113),(6,3,'product',38877),(7,3,'product',53707);
/*!40000 ALTER TABLE `stock` ENABLE KEYS */;
UNLOCK TABLES;

--
-- Temporary view structure for view `stock_by_shop`
--

DROP TABLE IF EXISTS `stock_by_shop`;
/*!50001 DROP VIEW IF EXISTS `stock_by_shop`*/;
SET @saved_cs_client     = @@character_set_client;
/*!50503 SET character_set_client = utf8mb4 */;
/*!50001 CREATE VIEW `stock_by_shop` AS SELECT 
 1 AS `shop`,
 1 AS `name`,
 1 AS `stock`*/;
SET character_set_client = @saved_cs_client;

--
-- Final view structure for view `command_by_shop`
--

/*!50001 DROP VIEW IF EXISTS `command_by_shop`*/;
/*!50001 SET @saved_cs_client          = @@character_set_client */;
/*!50001 SET @saved_cs_results         = @@character_set_results */;
/*!50001 SET @saved_col_connection     = @@collation_connection */;
/*!50001 SET character_set_client      = utf8mb4 */;
/*!50001 SET character_set_results     = utf8mb4 */;
/*!50001 SET collation_connection      = utf8mb4_0900_ai_ci */;
/*!50001 CREATE ALGORITHM=UNDEFINED */
/*!50013 DEFINER=`root`@`localhost` SQL SECURITY DEFINER */
/*!50001 VIEW `command_by_shop` AS select `c`.`id` AS `command_id`,`sh`.`name` AS `shop`,`cs`.`name` AS `name`,`c`.`date` AS `date` from ((`command` `c` join `shop` `sh` on((`c`.`id_shop` = `sh`.`id`))) join `command_status` `cs` on((`c`.`id_status` = `cs`.`id`))) order by `sh`.`name`,`c`.`date` */;
/*!50001 SET character_set_client      = @saved_cs_client */;
/*!50001 SET character_set_results     = @saved_cs_results */;
/*!50001 SET collation_connection      = @saved_col_connection */;

--
-- Final view structure for view `command_by_status`
--

/*!50001 DROP VIEW IF EXISTS `command_by_status`*/;
/*!50001 SET @saved_cs_client          = @@character_set_client */;
/*!50001 SET @saved_cs_results         = @@character_set_results */;
/*!50001 SET @saved_col_connection     = @@collation_connection */;
/*!50001 SET character_set_client      = utf8mb4 */;
/*!50001 SET character_set_results     = utf8mb4 */;
/*!50001 SET collation_connection      = utf8mb4_0900_ai_ci */;
/*!50001 CREATE ALGORITHM=UNDEFINED */
/*!50013 DEFINER=`root`@`localhost` SQL SECURITY DEFINER */
/*!50001 VIEW `command_by_status` AS select `c`.`id` AS `id`,`cs`.`name` AS `name`,`c`.`date` AS `date` from (`command` `c` join `command_status` `cs` on((`c`.`id_status` = `cs`.`id`))) */;
/*!50001 SET character_set_client      = @saved_cs_client */;
/*!50001 SET character_set_results     = @saved_cs_results */;
/*!50001 SET collation_connection      = @saved_col_connection */;

--
-- Final view structure for view `pizza_by_shop`
--

/*!50001 DROP VIEW IF EXISTS `pizza_by_shop`*/;
/*!50001 SET @saved_cs_client          = @@character_set_client */;
/*!50001 SET @saved_cs_results         = @@character_set_results */;
/*!50001 SET @saved_col_connection     = @@collation_connection */;
/*!50001 SET character_set_client      = utf8mb4 */;
/*!50001 SET character_set_results     = utf8mb4 */;
/*!50001 SET collation_connection      = utf8mb4_0900_ai_ci */;
/*!50001 CREATE ALGORITHM=UNDEFINED */
/*!50013 DEFINER=`root`@`localhost` SQL SECURITY DEFINER */
/*!50001 VIEW `pizza_by_shop` AS select `p`.`name` AS `pizza`,min((`s`.`stock` DIV `r`.`number`)) AS `max`,`sh`.`name` AS `shop` from ((((`product` `p` join `recipe` `r` on((`p`.`id` = `r`.`id_product`))) join `ingredient` `i` on((`r`.`id_ingredient` = `i`.`id`))) join `stock` `s` on((`i`.`id` = `s`.`id`))) join `shop` `sh` on((`s`.`id_shop` = `sh`.`id`))) group by `p`.`name`,`sh`.`name` */;
/*!50001 SET character_set_client      = @saved_cs_client */;
/*!50001 SET character_set_results     = @saved_cs_results */;
/*!50001 SET collation_connection      = @saved_col_connection */;

--
-- Final view structure for view `recipe_by_pizza`
--

/*!50001 DROP VIEW IF EXISTS `recipe_by_pizza`*/;
/*!50001 SET @saved_cs_client          = @@character_set_client */;
/*!50001 SET @saved_cs_results         = @@character_set_results */;
/*!50001 SET @saved_col_connection     = @@collation_connection */;
/*!50001 SET character_set_client      = utf8mb4 */;
/*!50001 SET character_set_results     = utf8mb4 */;
/*!50001 SET collation_connection      = utf8mb4_0900_ai_ci */;
/*!50001 CREATE ALGORITHM=UNDEFINED */
/*!50013 DEFINER=`root`@`localhost` SQL SECURITY DEFINER */
/*!50001 VIEW `recipe_by_pizza` AS select `p`.`name` AS `pizza`,`i`.`name` AS `ingredient`,concat(`r`.`number`,`i`.`unit_measure`) AS `quantity` from ((`product` `p` join `recipe` `r` on((`p`.`id` = `r`.`id_product`))) join `ingredient` `i` on((`r`.`id_ingredient` = `i`.`id`))) order by `p`.`name` */;
/*!50001 SET character_set_client      = @saved_cs_client */;
/*!50001 SET character_set_results     = @saved_cs_results */;
/*!50001 SET collation_connection      = @saved_col_connection */;

--
-- Final view structure for view `sales_by_shop`
--

/*!50001 DROP VIEW IF EXISTS `sales_by_shop`*/;
/*!50001 SET @saved_cs_client          = @@character_set_client */;
/*!50001 SET @saved_cs_results         = @@character_set_results */;
/*!50001 SET @saved_col_connection     = @@collation_connection */;
/*!50001 SET character_set_client      = utf8mb4 */;
/*!50001 SET character_set_results     = utf8mb4 */;
/*!50001 SET collation_connection      = utf8mb4_0900_ai_ci */;
/*!50001 CREATE ALGORITHM=UNDEFINED */
/*!50013 DEFINER=`root`@`localhost` SQL SECURITY DEFINER */
/*!50001 VIEW `sales_by_shop` AS select `sh`.`name` AS `name`,sum(`cc`.`price`) AS `SUM(price)` from ((`shop` `sh` join `command` `c` on((`sh`.`id` = `c`.`id_shop`))) join `command_composition` `cc` on((`c`.`id` = `cc`.`id_command`))) group by `sh`.`name` */;
/*!50001 SET character_set_client      = @saved_cs_client */;
/*!50001 SET character_set_results     = @saved_cs_results */;
/*!50001 SET collation_connection      = @saved_col_connection */;

--
-- Final view structure for view `stock_by_shop`
--

/*!50001 DROP VIEW IF EXISTS `stock_by_shop`*/;
/*!50001 SET @saved_cs_client          = @@character_set_client */;
/*!50001 SET @saved_cs_results         = @@character_set_results */;
/*!50001 SET @saved_col_connection     = @@collation_connection */;
/*!50001 SET character_set_client      = utf8mb4 */;
/*!50001 SET character_set_results     = utf8mb4 */;
/*!50001 SET collation_connection      = utf8mb4_0900_ai_ci */;
/*!50001 CREATE ALGORITHM=UNDEFINED */
/*!50013 DEFINER=`root`@`localhost` SQL SECURITY DEFINER */
/*!50001 VIEW `stock_by_shop` AS select `sh`.`name` AS `shop`,(case `st`.`type` when 'ingredient' then (select `i`.`name` from `ingredient` `i` where (`i`.`id` = `st`.`id`)) when 'product' then (select `i`.`name` from `product` `i` where (`i`.`id` = `st`.`id`)) end) AS `name`,`st`.`stock` AS `stock` from (`shop` `sh` join `stock` `st` on((`sh`.`id` = `st`.`id_shop`))) order by `sh`.`name` */;
/*!50001 SET character_set_client      = @saved_cs_client */;
/*!50001 SET character_set_results     = @saved_cs_results */;
/*!50001 SET collation_connection      = @saved_col_connection */;
/*!40103 SET TIME_ZONE=@OLD_TIME_ZONE */;

/*!40101 SET SQL_MODE=@OLD_SQL_MODE */;
/*!40014 SET FOREIGN_KEY_CHECKS=@OLD_FOREIGN_KEY_CHECKS */;
/*!40014 SET UNIQUE_CHECKS=@OLD_UNIQUE_CHECKS */;
/*!40101 SET CHARACTER_SET_CLIENT=@OLD_CHARACTER_SET_CLIENT */;
/*!40101 SET CHARACTER_SET_RESULTS=@OLD_CHARACTER_SET_RESULTS */;
/*!40101 SET COLLATION_CONNECTION=@OLD_COLLATION_CONNECTION */;
/*!40111 SET SQL_NOTES=@OLD_SQL_NOTES */;

-- Dump completed on 2020-05-21 18:28:05
