
-- -----------------------------------------------------
-- Data for table `ocpizza`.`product`
-- -----------------------------------------------------
START TRANSACTION;
USE `ocpizza`;
INSERT INTO `ocpizza`.`product` (`id`, `name`, `price`) VALUES (1, 'coca', 2.00);
INSERT INTO `ocpizza`.`product` (`id`, `name`, `price`) VALUES (2, 'coca zero', 2.00);
INSERT INTO `ocpizza`.`product` (`id`, `name`, `price`) VALUES (3, 'water', 1.00);
INSERT INTO `ocpizza`.`product` (`id`, `name`, `price`) VALUES (4, 'orange juice', 1.50);
INSERT INTO `ocpizza`.`product` (`id`, `name`, `price`) VALUES (5, 'lemonade', 2.00);
INSERT INTO `ocpizza`.`product` (`id`, `name`, `price`) VALUES (6, 'wings', 1.00);
INSERT INTO `ocpizza`.`product` (`id`, `name`, `price`) VALUES (7, 'onion ring', 0.50);
INSERT INTO `ocpizza`.`product` (`id`, `name`, `price`) VALUES (8, 'pizza marguerita', 10.00);
INSERT INTO `ocpizza`.`product` (`id`, `name`, `price`) VALUES (9, 'pizza 3 cheese', 12.00);
INSERT INTO `ocpizza`.`product` (`id`, `name`, `price`) VALUES (10, 'pizza goat cheese', 12.00);
INSERT INTO `ocpizza`.`product` (`id`, `name`, `price`) VALUES (11, 'pizza barbecue', 15.00);
INSERT INTO `ocpizza`.`product` (`id`, `name`, `price`) VALUES (12, 'pizza indian', 12.00);
INSERT INTO `ocpizza`.`product` (`id`, `name`, `price`) VALUES (13, 'pizza salmon', 15.00);
INSERT INTO `ocpizza`.`product` (`id`, `name`, `price`) VALUES (14, 'pizza supreme meat', 15.00);

COMMIT;


-- -----------------------------------------------------
-- Data for table `ocpizza`.`ingredient`
-- -----------------------------------------------------
START TRANSACTION;
USE `ocpizza`;
INSERT INTO `ocpizza`.`ingredient` (`id`, `name`, `unit_measure`) VALUES (1, 'pizza dough', 'g');
INSERT INTO `ocpizza`.`ingredient` (`id`, `name`, `unit_measure`) VALUES (2, 'tomato sauce', 'ml');
INSERT INTO `ocpizza`.`ingredient` (`id`, `name`, `unit_measure`) VALUES (3, 'emmenthal cheese', 'g');
INSERT INTO `ocpizza`.`ingredient` (`id`, `name`, `unit_measure`) VALUES (4, 'goat cheese', 'g');
INSERT INTO `ocpizza`.`ingredient` (`id`, `name`, `unit_measure`) VALUES (5, 'olive', 'g');
INSERT INTO `ocpizza`.`ingredient` (`id`, `name`, `unit_measure`) VALUES (6, 'gorgonzola cheese', 'g');
INSERT INTO `ocpizza`.`ingredient` (`id`, `name`, `unit_measure`) VALUES (7, 'pepper', 'g');
INSERT INTO `ocpizza`.`ingredient` (`id`, `name`, `unit_measure`) VALUES (8, 'ham', 'g');
INSERT INTO `ocpizza`.`ingredient` (`id`, `name`, `unit_measure`) VALUES (9, 'single cream', 'ml');
INSERT INTO `ocpizza`.`ingredient` (`id`, `name`, `unit_measure`) VALUES (10, 'barbecue sauce', 'ml');
INSERT INTO `ocpizza`.`ingredient` (`id`, `name`, `unit_measure`) VALUES (11, 'pepperoni', 'g');
INSERT INTO `ocpizza`.`ingredient` (`id`, `name`, `unit_measure`) VALUES (12, 'chorizo', 'g');
INSERT INTO `ocpizza`.`ingredient` (`id`, `name`, `unit_measure`) VALUES (13, 'curry sauce', 'ml');
INSERT INTO `ocpizza`.`ingredient` (`id`, `name`, `unit_measure`) VALUES (14, 'chicken', 'g');
INSERT INTO `ocpizza`.`ingredient` (`id`, `name`, `unit_measure`) VALUES (15, 'merguez', 'g');
INSERT INTO `ocpizza`.`ingredient` (`id`, `name`, `unit_measure`) VALUES (16, 'salmon', 'g');
INSERT INTO `ocpizza`.`ingredient` (`id`, `name`, `unit_measure`) VALUES (17, 'minced meat', 'g');
INSERT INTO `ocpizza`.`ingredient` (`id`, `name`, `unit_measure`) VALUES (18, 'potato', 'g');
INSERT INTO `ocpizza`.`ingredient` (`id`, `name`, `unit_measure`) VALUES (19, 'bacon', 'g');
INSERT INTO `ocpizza`.`ingredient` (`id`, `name`, `unit_measure`) VALUES (20, 'green pepper', 'g');
INSERT INTO `ocpizza`.`ingredient` (`id`, `name`, `unit_measure`) VALUES (21, 'red pepper', 'g');
INSERT INTO `ocpizza`.`ingredient` (`id`, `name`, `unit_measure`) VALUES (22, 'oinion', 'g');

COMMIT;


-- -----------------------------------------------------
-- Data for table `ocpizza`.`recipe`
-- -----------------------------------------------------
START TRANSACTION;
USE `ocpizza`;
INSERT INTO `ocpizza`.`recipe` (`id_product`, `id_ingredient`, `number`) VALUES (8, 1, 220);
INSERT INTO `ocpizza`.`recipe` (`id_product`, `id_ingredient`, `number`) VALUES (8, 2, 200);
INSERT INTO `ocpizza`.`recipe` (`id_product`, `id_ingredient`, `number`) VALUES (8, 3, 200);
INSERT INTO `ocpizza`.`recipe` (`id_product`, `id_ingredient`, `number`) VALUES (8, 8, 100);
INSERT INTO `ocpizza`.`recipe` (`id_product`, `id_ingredient`, `number`) VALUES (8, 5, 20);
INSERT INTO `ocpizza`.`recipe` (`id_product`, `id_ingredient`, `number`) VALUES (9, 1, 220);
INSERT INTO `ocpizza`.`recipe` (`id_product`, `id_ingredient`, `number`) VALUES (9, 9, 200);
INSERT INTO `ocpizza`.`recipe` (`id_product`, `id_ingredient`, `number`) VALUES (9, 3, 50);
INSERT INTO `ocpizza`.`recipe` (`id_product`, `id_ingredient`, `number`) VALUES (9, 6, 50);
INSERT INTO `ocpizza`.`recipe` (`id_product`, `id_ingredient`, `number`) VALUES (9, 4, 50);
INSERT INTO `ocpizza`.`recipe` (`id_product`, `id_ingredient`, `number`) VALUES (10, 1, 220);
INSERT INTO `ocpizza`.`recipe` (`id_product`, `id_ingredient`, `number`) VALUES (10, 2, 200);
INSERT INTO `ocpizza`.`recipe` (`id_product`, `id_ingredient`, `number`) VALUES (10, 4, 200);
INSERT INTO `ocpizza`.`recipe` (`id_product`, `id_ingredient`, `number`) VALUES (10, 5, 20);
INSERT INTO `ocpizza`.`recipe` (`id_product`, `id_ingredient`, `number`) VALUES (11, 1, 220);
INSERT INTO `ocpizza`.`recipe` (`id_product`, `id_ingredient`, `number`) VALUES (11, 10, 200);
INSERT INTO `ocpizza`.`recipe` (`id_product`, `id_ingredient`, `number`) VALUES (11, 14, 50);
INSERT INTO `ocpizza`.`recipe` (`id_product`, `id_ingredient`, `number`) VALUES (11, 15, 50);
INSERT INTO `ocpizza`.`recipe` (`id_product`, `id_ingredient`, `number`) VALUES (11, 3, 200);
INSERT INTO `ocpizza`.`recipe` (`id_product`, `id_ingredient`, `number`) VALUES (11, 11, 50);
INSERT INTO `ocpizza`.`recipe` (`id_product`, `id_ingredient`, `number`) VALUES (11, 12, 50);
INSERT INTO `ocpizza`.`recipe` (`id_product`, `id_ingredient`, `number`) VALUES (12, 1, 220);
INSERT INTO `ocpizza`.`recipe` (`id_product`, `id_ingredient`, `number`) VALUES (12, 13, 200);
INSERT INTO `ocpizza`.`recipe` (`id_product`, `id_ingredient`, `number`) VALUES (12, 3, 200);
INSERT INTO `ocpizza`.`recipe` (`id_product`, `id_ingredient`, `number`) VALUES (12, 14, 150);
INSERT INTO `ocpizza`.`recipe` (`id_product`, `id_ingredient`, `number`) VALUES (12, 20, 10);
INSERT INTO `ocpizza`.`recipe` (`id_product`, `id_ingredient`, `number`) VALUES (12, 21, 10);
INSERT INTO `ocpizza`.`recipe` (`id_product`, `id_ingredient`, `number`) VALUES (12, 7, 5);
INSERT INTO `ocpizza`.`recipe` (`id_product`, `id_ingredient`, `number`) VALUES (13, 1, 220);
INSERT INTO `ocpizza`.`recipe` (`id_product`, `id_ingredient`, `number`) VALUES (13, 9, 200);
INSERT INTO `ocpizza`.`recipe` (`id_product`, `id_ingredient`, `number`) VALUES (13, 3, 200);
INSERT INTO `ocpizza`.`recipe` (`id_product`, `id_ingredient`, `number`) VALUES (13, 16, 100);
INSERT INTO `ocpizza`.`recipe` (`id_product`, `id_ingredient`, `number`) VALUES (13, 18, 50);
INSERT INTO `ocpizza`.`recipe` (`id_product`, `id_ingredient`, `number`) VALUES (14, 1, 220);
INSERT INTO `ocpizza`.`recipe` (`id_product`, `id_ingredient`, `number`) VALUES (14, 2, 200);
INSERT INTO `ocpizza`.`recipe` (`id_product`, `id_ingredient`, `number`) VALUES (14, 3, 200);
INSERT INTO `ocpizza`.`recipe` (`id_product`, `id_ingredient`, `number`) VALUES (14, 8, 50);
INSERT INTO `ocpizza`.`recipe` (`id_product`, `id_ingredient`, `number`) VALUES (14, 11, 50);
INSERT INTO `ocpizza`.`recipe` (`id_product`, `id_ingredient`, `number`) VALUES (14, 12, 50);
INSERT INTO `ocpizza`.`recipe` (`id_product`, `id_ingredient`, `number`) VALUES (14, 14, 50);
INSERT INTO `ocpizza`.`recipe` (`id_product`, `id_ingredient`, `number`) VALUES (14, 15, 50);
INSERT INTO `ocpizza`.`recipe` (`id_product`, `id_ingredient`, `number`) VALUES (14, 19, 50);
INSERT INTO `ocpizza`.`recipe` (`id_product`, `id_ingredient`, `number`) VALUES (14, 17, 50);

COMMIT;


-- -----------------------------------------------------
-- Data for table `ocpizza`.`address`
-- -----------------------------------------------------
START TRANSACTION;
USE `ocpizza`;
INSERT INTO `ocpizza`.`address` (`id`, `number`, `address`, `address2`, `postal_code`, `city`) VALUES (1, 24, 'Duke', '', '4595-075', 'Eiriz');
INSERT INTO `ocpizza`.`address` (`id`, `number`, `address`, `address2`, `postal_code`, `city`) VALUES (2, 6, 'Orin', '', '', 'Uromi');
INSERT INTO `ocpizza`.`address` (`id`, `number`, `address`, `address2`, `postal_code`, `city`) VALUES (3, 8547, 'Susan', '', '', 'Wenchang');
INSERT INTO `ocpizza`.`address` (`id`, `number`, `address`, `address2`, `postal_code`, `city`) VALUES (4, 396, 'Forest', '', '', 'Tanjungsari Barat');
INSERT INTO `ocpizza`.`address` (`id`, `number`, `address`, `address2`, `postal_code`, `city`) VALUES (5, 03, 'Weeping Birch', '', '3378', 'Puerto Esperanza');
INSERT INTO `ocpizza`.`address` (`id`, `number`, `address`, `address2`, `postal_code`, `city`) VALUES (6, 4, 'Loftsgordon', '', '457 81', 'Tanumshede');
INSERT INTO `ocpizza`.`address` (`id`, `number`, `address`, `address2`, `postal_code`, `city`) VALUES (7, 50086, 'Kropf', '', '442780', 'Bessonovka');
INSERT INTO `ocpizza`.`address` (`id`, `number`, `address`, `address2`, `postal_code`, `city`) VALUES (8, 953, 'Golf Course', '', '', 'Jiaqiao');
INSERT INTO `ocpizza`.`address` (`id`, `number`, `address`, `address2`, `postal_code`, `city`) VALUES (9, 7, 'Claremont', '', '', 'Gaplokan');
INSERT INTO `ocpizza`.`address` (`id`, `number`, `address`, `address2`, `postal_code`, `city`) VALUES (10, 7, 'Kedzie', '', '', 'Nagrog');
INSERT INTO `ocpizza`.`address` (`id`, `number`, `address`, `address2`, `postal_code`, `city`) VALUES (11, 400, 'Oxford', '', '', 'Síkinos');
INSERT INTO `ocpizza`.`address` (`id`, `number`, `address`, `address2`, `postal_code`, `city`) VALUES (12, 8, 'Artisan', '', '', 'Jianling');
INSERT INTO `ocpizza`.`address` (`id`, `number`, `address`, `address2`, `postal_code`, `city`) VALUES (13, 45, 'Shoshone', '', '68500-000', 'Marabá');
INSERT INTO `ocpizza`.`address` (`id`, `number`, `address`, `address2`, `postal_code`, `city`) VALUES (14, 789, 'Bartelt', '', '', 'Qarāwul');
INSERT INTO `ocpizza`.`address` (`id`, `number`, `address`, `address2`, `postal_code`, `city`) VALUES (15, 32658, 'Donald', '', '', 'Nkayi');
INSERT INTO `ocpizza`.`address` (`id`, `number`, `address`, `address2`, `postal_code`, `city`) VALUES (16, 3, 'Charing Cross', '', '', 'Gaotang');
INSERT INTO `ocpizza`.`address` (`id`, `number`, `address`, `address2`, `postal_code`, `city`) VALUES (17, 5, 'Shoshone', '', '', 'Kwangju');
INSERT INTO `ocpizza`.`address` (`id`, `number`, `address`, `address2`, `postal_code`, `city`) VALUES (18, 06573, 'Linden', '', '5297', 'Rožna Dolina');
INSERT INTO `ocpizza`.`address` (`id`, `number`, `address`, `address2`, `postal_code`, `city`) VALUES (19, 04, 'Melby', '', '', 'Jāsk');
INSERT INTO `ocpizza`.`address` (`id`, `number`, `address`, `address2`, `postal_code`, `city`) VALUES (20, 3, 'Killdeer', '', '', 'Pesisir');
INSERT INTO `ocpizza`.`address` (`id`, `number`, `address`, `address2`, `postal_code`, `city`) VALUES (21, 144, 'Sunbrook', '', '', 'Dorūd');
INSERT INTO `ocpizza`.`address` (`id`, `number`, `address`, `address2`, `postal_code`, `city`) VALUES (22, 76582, 'Crescent Oaks', '', '', 'Darvi');
INSERT INTO `ocpizza`.`address` (`id`, `number`, `address`, `address2`, `postal_code`, `city`) VALUES (23, 85791, 'Mayfield', '', '', 'Montor Timur');
INSERT INTO `ocpizza`.`address` (`id`, `number`, `address`, `address2`, `postal_code`, `city`) VALUES (24, 716, 'Ridgeview', '', '4500', 'Bascaron');
INSERT INTO `ocpizza`.`address` (`id`, `number`, `address`, `address2`, `postal_code`, `city`) VALUES (25, 7302, 'Anzinger', '', '', 'Požarevac');
INSERT INTO `ocpizza`.`address` (`id`, `number`, `address`, `address2`, `postal_code`, `city`) VALUES (26, 3, 'Tennyson', '', '10600', 'Kotikawatta');
INSERT INTO `ocpizza`.`address` (`id`, `number`, `address`, `address2`, `postal_code`, `city`) VALUES (27, 34, 'Calypso', '', '5098', 'Bergen');
INSERT INTO `ocpizza`.`address` (`id`, `number`, `address`, `address2`, `postal_code`, `city`) VALUES (28, 60220, 'Cherokee', '', '', 'Sala');
INSERT INTO `ocpizza`.`address` (`id`, `number`, `address`, `address2`, `postal_code`, `city`) VALUES (29, 98, 'Ridgeway', '', '', 'Santa Bárbara');
INSERT INTO `ocpizza`.`address` (`id`, `number`, `address`, `address2`, `postal_code`, `city`) VALUES (30, 521, 'Sheridan', '', '94107', 'Miguel Aleman');
INSERT INTO `ocpizza`.`address` (`id`, `number`, `address`, `address2`, `postal_code`, `city`) VALUES (31, 09671, 'Fulton', '', '', 'Kembé');
INSERT INTO `ocpizza`.`address` (`id`, `number`, `address`, `address2`, `postal_code`, `city`) VALUES (32, 48, 'Ronald Regan', '', '', 'San Felipe');
INSERT INTO `ocpizza`.`address` (`id`, `number`, `address`, `address2`, `postal_code`, `city`) VALUES (33, 5, 'Reindahl', '', '71404 CEDEX', 'Autun');
INSERT INTO `ocpizza`.`address` (`id`, `number`, `address`, `address2`, `postal_code`, `city`) VALUES (34, 9, 'Russell', '', '', 'Bakadagy');
INSERT INTO `ocpizza`.`address` (`id`, `number`, `address`, `address2`, `postal_code`, `city`) VALUES (35, 8, 'Granby', '', '7201', 'Panaytayon');
INSERT INTO `ocpizza`.`address` (`id`, `number`, `address`, `address2`, `postal_code`, `city`) VALUES (36, 53, 'Meadow Vale', '', '', 'Wuxi');
INSERT INTO `ocpizza`.`address` (`id`, `number`, `address`, `address2`, `postal_code`, `city`) VALUES (37, 38766, 'Crownhardt', '', '87505', 'Santa Fe');
INSERT INTO `ocpizza`.`address` (`id`, `number`, `address`, `address2`, `postal_code`, `city`) VALUES (38, 1224, 'Hagan', '', '5949', 'La Tigra');
INSERT INTO `ocpizza`.`address` (`id`, `number`, `address`, `address2`, `postal_code`, `city`) VALUES (39, 09, 'Del Sol', '', '', 'Yangdian');
INSERT INTO `ocpizza`.`address` (`id`, `number`, `address`, `address2`, `postal_code`, `city`) VALUES (40, 7722, 'Waxwing', '', '2440-153', 'Cela');
INSERT INTO `ocpizza`.`address` (`id`, `number`, `address`, `address2`, `postal_code`, `city`) VALUES (41, 22, 'Gerald', '', '05001', 'Escuintla');
INSERT INTO `ocpizza`.`address` (`id`, `number`, `address`, `address2`, `postal_code`, `city`) VALUES (42, 9413, 'Red Cloud', '', '', 'Sonder');
INSERT INTO `ocpizza`.`address` (`id`, `number`, `address`, `address2`, `postal_code`, `city`) VALUES (43, 76, 'Menomonie', '', '16135', 'Genova');
INSERT INTO `ocpizza`.`address` (`id`, `number`, `address`, `address2`, `postal_code`, `city`) VALUES (44, 50, 'Prairieview', '', '999-3776', 'Higashine');
INSERT INTO `ocpizza`.`address` (`id`, `number`, `address`, `address2`, `postal_code`, `city`) VALUES (45, 31, 'David', '', '48206', 'Detroit');
INSERT INTO `ocpizza`.`address` (`id`, `number`, `address`, `address2`, `postal_code`, `city`) VALUES (46, 45252, 'Dorton', '', '17110', 'Harrisburg');
INSERT INTO `ocpizza`.`address` (`id`, `number`, `address`, `address2`, `postal_code`, `city`) VALUES (47, 0, '5th', '', '5607', 'Ondoy');
INSERT INTO `ocpizza`.`address` (`id`, `number`, `address`, `address2`, `postal_code`, `city`) VALUES (48, 854, 'Service', '', '6712', 'Binulasan');
INSERT INTO `ocpizza`.`address` (`id`, `number`, `address`, `address2`, `postal_code`, `city`) VALUES (49, 96791, 'Sage', '', '', 'Lianjiangkou');
INSERT INTO `ocpizza`.`address` (`id`, `number`, `address`, `address2`, `postal_code`, `city`) VALUES (50, 33, 'Anniversary', '', '', 'Ilām');
INSERT INTO `ocpizza`.`address` (`id`, `number`, `address`, `address2`, `postal_code`, `city`) VALUES (51, 3, 'Truax', '', '4107', 'Kanluran');
INSERT INTO `ocpizza`.`address` (`id`, `number`, `address`, `address2`, `postal_code`, `city`) VALUES (52, 6, 'Lighthouse Bay', '', '', 'Kivsharivka');
INSERT INTO `ocpizza`.`address` (`id`, `number`, `address`, `address2`, `postal_code`, `city`) VALUES (53, 28940, 'Homewood', '', '32249', 'Tovarnik');
INSERT INTO `ocpizza`.`address` (`id`, `number`, `address`, `address2`, `postal_code`, `city`) VALUES (54, 7, 'Knutson', '', '', 'Rakai');
INSERT INTO `ocpizza`.`address` (`id`, `number`, `address`, `address2`, `postal_code`, `city`) VALUES (55, 9330, 'Monterey', '', '', 'Lypnyazhka');
INSERT INTO `ocpizza`.`address` (`id`, `number`, `address`, `address2`, `postal_code`, `city`) VALUES (56, 9224, 'Florence', '', '', 'Housuo');
INSERT INTO `ocpizza`.`address` (`id`, `number`, `address`, `address2`, `postal_code`, `city`) VALUES (57, 36, 'Sachs', '', '6315', 'Ubay');
INSERT INTO `ocpizza`.`address` (`id`, `number`, `address`, `address2`, `postal_code`, `city`) VALUES (58, 0, 'Wayridge', '', '', 'Yinyang');
INSERT INTO `ocpizza`.`address` (`id`, `number`, `address`, `address2`, `postal_code`, `city`) VALUES (59, 7, 'Browning', '', '6419', 'San Vicente');
INSERT INTO `ocpizza`.`address` (`id`, `number`, `address`, `address2`, `postal_code`, `city`) VALUES (60, 165, 'Esch', '', '', 'Henglian');
INSERT INTO `ocpizza`.`address` (`id`, `number`, `address`, `address2`, `postal_code`, `city`) VALUES (61, 02043, 'Macpherson', '', '905 92', 'Umeå');
INSERT INTO `ocpizza`.`address` (`id`, `number`, `address`, `address2`, `postal_code`, `city`) VALUES (62, 105, 'Golf', '', '', 'Nanyanchuan');
INSERT INTO `ocpizza`.`address` (`id`, `number`, `address`, `address2`, `postal_code`, `city`) VALUES (63, 49, 'Sage', '', '545 35', 'Töreboda');
INSERT INTO `ocpizza`.`address` (`id`, `number`, `address`, `address2`, `postal_code`, `city`) VALUES (64, 5088, 'Green', '', '', 'Pamakayo');
INSERT INTO `ocpizza`.`address` (`id`, `number`, `address`, `address2`, `postal_code`, `city`) VALUES (65, 36, 'School', '', '', 'Edinburgh of the Seven Seas');
INSERT INTO `ocpizza`.`address` (`id`, `number`, `address`, `address2`, `postal_code`, `city`) VALUES (66, 36, 'Oak Valley', '', '', 'Kalkal Barat');
INSERT INTO `ocpizza`.`address` (`id`, `number`, `address`, `address2`, `postal_code`, `city`) VALUES (67, 5, 'Holmberg', '', '', 'Winong');
INSERT INTO `ocpizza`.`address` (`id`, `number`, `address`, `address2`, `postal_code`, `city`) VALUES (68, 7, 'Lighthouse Bay', '', '31-827', 'Dzików Stary');
INSERT INTO `ocpizza`.`address` (`id`, `number`, `address`, `address2`, `postal_code`, `city`) VALUES (69, 50613, 'Dwight', '', '79550-000', 'Costa Rica');
INSERT INTO `ocpizza`.`address` (`id`, `number`, `address`, `address2`, `postal_code`, `city`) VALUES (70, 7, 'Forest', '', '', 'Mengyin');
INSERT INTO `ocpizza`.`address` (`id`, `number`, `address`, `address2`, `postal_code`, `city`) VALUES (71, 827, 'Lindbergh', '', '', 'Suidong');
INSERT INTO `ocpizza`.`address` (`id`, `number`, `address`, `address2`, `postal_code`, `city`) VALUES (72, 62539, 'Oakridge', '', '301871', 'Yefremov');
INSERT INTO `ocpizza`.`address` (`id`, `number`, `address`, `address2`, `postal_code`, `city`) VALUES (73, 3017, 'Dayton', '', '397229', 'Ternovka');
INSERT INTO `ocpizza`.`address` (`id`, `number`, `address`, `address2`, `postal_code`, `city`) VALUES (74, 7, 'West', '', '771 31', 'Ludvika');
INSERT INTO `ocpizza`.`address` (`id`, `number`, `address`, `address2`, `postal_code`, `city`) VALUES (75, 22, 'Rigney', '', '', 'Huangqi');
INSERT INTO `ocpizza`.`address` (`id`, `number`, `address`, `address2`, `postal_code`, `city`) VALUES (76, 9, '2nd', '', '', 'Leonídio');
INSERT INTO `ocpizza`.`address` (`id`, `number`, `address`, `address2`, `postal_code`, `city`) VALUES (77, 52179, 'Loomis', '', '', 'Xiexiong');
INSERT INTO `ocpizza`.`address` (`id`, `number`, `address`, `address2`, `postal_code`, `city`) VALUES (78, 534, 'Tennyson', '', '34114', 'Naples');
INSERT INTO `ocpizza`.`address` (`id`, `number`, `address`, `address2`, `postal_code`, `city`) VALUES (79, 3, 'Dovetail', '', '', 'Maodao');
INSERT INTO `ocpizza`.`address` (`id`, `number`, `address`, `address2`, `postal_code`, `city`) VALUES (80, 016, 'Caliangt', '', '606363', 'Sovetskiy');
INSERT INTO `ocpizza`.`address` (`id`, `number`, `address`, `address2`, `postal_code`, `city`) VALUES (81, 6192, 'Straubel', '', '', 'Puubheto');
INSERT INTO `ocpizza`.`address` (`id`, `number`, `address`, `address2`, `postal_code`, `city`) VALUES (82, 20433, 'Raven', '', '', 'Tanout');
INSERT INTO `ocpizza`.`address` (`id`, `number`, `address`, `address2`, `postal_code`, `city`) VALUES (83, 0, 'Northfield', '', '', 'Mangxing');
INSERT INTO `ocpizza`.`address` (`id`, `number`, `address`, `address2`, `postal_code`, `city`) VALUES (84, 18303, 'Corry', '', '763558', 'Pradera');
INSERT INTO `ocpizza`.`address` (`id`, `number`, `address`, `address2`, `postal_code`, `city`) VALUES (85, 230, 'Harbort', '', '', 'Surkhet');
INSERT INTO `ocpizza`.`address` (`id`, `number`, `address`, `address2`, `postal_code`, `city`) VALUES (86, 047, 'Leroy', '', '', 'Yunguyo');
INSERT INTO `ocpizza`.`address` (`id`, `number`, `address`, `address2`, `postal_code`, `city`) VALUES (87, 8996, 'Miller', '', '', 'Leye');
INSERT INTO `ocpizza`.`address` (`id`, `number`, `address`, `address2`, `postal_code`, `city`) VALUES (88, 4, 'Straubel', '', '', 'San Nicolás');
INSERT INTO `ocpizza`.`address` (`id`, `number`, `address`, `address2`, `postal_code`, `city`) VALUES (89, 619, 'Kim', '', '675-0068', 'Ichinohe');
INSERT INTO `ocpizza`.`address` (`id`, `number`, `address`, `address2`, `postal_code`, `city`) VALUES (90, 261, 'Gulseth', '', '', 'Kalemie');
INSERT INTO `ocpizza`.`address` (`id`, `number`, `address`, `address2`, `postal_code`, `city`) VALUES (91, 8366, 'Raven', '', '', 'Beishidian');
INSERT INTO `ocpizza`.`address` (`id`, `number`, `address`, `address2`, `postal_code`, `city`) VALUES (92, 24, 'Forest', '', '', 'Mets Parni');
INSERT INTO `ocpizza`.`address` (`id`, `number`, `address`, `address2`, `postal_code`, `city`) VALUES (93, 35, 'Jana', '', '361023', 'Karagach');
INSERT INTO `ocpizza`.`address` (`id`, `number`, `address`, `address2`, `postal_code`, `city`) VALUES (94, 530, 'Declaration', '', '', 'Öldziyt');
INSERT INTO `ocpizza`.`address` (`id`, `number`, `address`, `address2`, `postal_code`, `city`) VALUES (95, 790, 'Mariners Cove', '', '601545', 'Zolotkovo');
INSERT INTO `ocpizza`.`address` (`id`, `number`, `address`, `address2`, `postal_code`, `city`) VALUES (96, 804, 'Buhler', '', '618409', 'Berezniki');
INSERT INTO `ocpizza`.`address` (`id`, `number`, `address`, `address2`, `postal_code`, `city`) VALUES (97, 415, 'Grasskamp', '', '6103', 'Himaya');
INSERT INTO `ocpizza`.`address` (`id`, `number`, `address`, `address2`, `postal_code`, `city`) VALUES (98, 4, 'Mosinee', '', '', 'Al Munīrah');
INSERT INTO `ocpizza`.`address` (`id`, `number`, `address`, `address2`, `postal_code`, `city`) VALUES (99, 5572, 'Village', '', '', 'Guandian');
INSERT INTO `ocpizza`.`address` (`id`, `number`, `address`, `address2`, `postal_code`, `city`) VALUES (100, 3041, 'Esker', '', '25045 CEDEX', 'Besançon');
INSERT INTO `ocpizza`.`address` (`id`, `number`, `address`, `address2`, `postal_code`, `city`) VALUES (101, 0, 'Johnson', 'Randy', '46-024', 'Łubniany');
INSERT INTO `ocpizza`.`address` (`id`, `number`, `address`, `address2`, `postal_code`, `city`) VALUES (102, 93407, 'Mifflin', '', '3297', 'Raglan');
INSERT INTO `ocpizza`.`address` (`id`, `number`, `address`, `address2`, `postal_code`, `city`) VALUES (103, 3, 'Montana', '', '', 'Munggang');
INSERT INTO `ocpizza`.`address` (`id`, `number`, `address`, `address2`, `postal_code`, `city`) VALUES (104, 7, 'Golf', '', '', 'Gudang');
INSERT INTO `ocpizza`.`address` (`id`, `number`, `address`, `address2`, `postal_code`, `city`) VALUES (105, 8, 'Hermina', '', '97435', 'Saint-Paul');
INSERT INTO `ocpizza`.`address` (`id`, `number`, `address`, `address2`, `postal_code`, `city`) VALUES (106, 7466, 'Golf View', '', '78325-000', 'Aripuanã');
INSERT INTO `ocpizza`.`address` (`id`, `number`, `address`, `address2`, `postal_code`, `city`) VALUES (107, 41, 'Schiller', '', '350-1213', 'Takahagi');
INSERT INTO `ocpizza`.`address` (`id`, `number`, `address`, `address2`, `postal_code`, `city`) VALUES (108, 04, 'Messerschmidt', '', '', 'Ozerne');
INSERT INTO `ocpizza`.`address` (`id`, `number`, `address`, `address2`, `postal_code`, `city`) VALUES (109, 29464, 'Brown', '', '', 'Jiquinlaca');
INSERT INTO `ocpizza`.`address` (`id`, `number`, `address`, `address2`, `postal_code`, `city`) VALUES (110, 79792, 'Dottie', '', '3404', 'Pinoma');
INSERT INTO `ocpizza`.`address` (`id`, `number`, `address`, `address2`, `postal_code`, `city`) VALUES (111, 09270, 'Red Cloud', 'Mcguire', '818-0138', 'Ōnojō');
INSERT INTO `ocpizza`.`address` (`id`, `number`, `address`, `address2`, `postal_code`, `city`) VALUES (112, 94, 'Colorado', '', '3116', 'Nampicuan');
INSERT INTO `ocpizza`.`address` (`id`, `number`, `address`, `address2`, `postal_code`, `city`) VALUES (113, 369, 'Roxbury', '', '', 'Ḩalwān');
INSERT INTO `ocpizza`.`address` (`id`, `number`, `address`, `address2`, `postal_code`, `city`) VALUES (114, 5, 'Dovetail', '', '', 'Chosica');
INSERT INTO `ocpizza`.`address` (`id`, `number`, `address`, `address2`, `postal_code`, `city`) VALUES (115, 8704, 'Tony', '', '901-0361', 'Itoman');
INSERT INTO `ocpizza`.`address` (`id`, `number`, `address`, `address2`, `postal_code`, `city`) VALUES (116, 96, 'Union', '', '', 'Qiligang');
INSERT INTO `ocpizza`.`address` (`id`, `number`, `address`, `address2`, `postal_code`, `city`) VALUES (117, 83621, 'Morning', '', '3102', 'Baliton');
INSERT INTO `ocpizza`.`address` (`id`, `number`, `address`, `address2`, `postal_code`, `city`) VALUES (118, 6, 'Prairieview', '', '8316', 'Plottier');
INSERT INTO `ocpizza`.`address` (`id`, `number`, `address`, `address2`, `postal_code`, `city`) VALUES (119, 53281, 'Ohio', '', '14085 CEDEX 9', 'Caen');
INSERT INTO `ocpizza`.`address` (`id`, `number`, `address`, `address2`, `postal_code`, `city`) VALUES (120, 8, 'Muir', '', '89094', 'Viekšniai');
INSERT INTO `ocpizza`.`address` (`id`, `number`, `address`, `address2`, `postal_code`, `city`) VALUES (121, 92355, 'Barby', '', '71110', 'Tha Muang');
INSERT INTO `ocpizza`.`address` (`id`, `number`, `address`, `address2`, `postal_code`, `city`) VALUES (122, 34, 'Warbler', '', '424 10', 'Angered');
INSERT INTO `ocpizza`.`address` (`id`, `number`, `address`, `address2`, `postal_code`, `city`) VALUES (123, 108, 'Burrows', 'Dayton', '142139', 'Ivanteyevka');
INSERT INTO `ocpizza`.`address` (`id`, `number`, `address`, `address2`, `postal_code`, `city`) VALUES (124, 0, 'Glacier Hill', '', '7300', 'Begang');
INSERT INTO `ocpizza`.`address` (`id`, `number`, `address`, `address2`, `postal_code`, `city`) VALUES (125, 8, 'Ruskin', '', '', 'Weton');
INSERT INTO `ocpizza`.`address` (`id`, `number`, `address`, `address2`, `postal_code`, `city`) VALUES (126, 3640, 'Rockefeller', '', '18720-000', 'Paranapanema');
INSERT INTO `ocpizza`.`address` (`id`, `number`, `address`, `address2`, `postal_code`, `city`) VALUES (127, 31, 'Drewry', '', '385321', 'Ust’-Labinsk');
INSERT INTO `ocpizza`.`address` (`id`, `number`, `address`, `address2`, `postal_code`, `city`) VALUES (128, 47594, 'Shoshone', '', '5370-182', 'Mirandela');
INSERT INTO `ocpizza`.`address` (`id`, `number`, `address`, `address2`, `postal_code`, `city`) VALUES (129, 95, 'Waubesa', '', '', 'Gujba');
INSERT INTO `ocpizza`.`address` (`id`, `number`, `address`, `address2`, `postal_code`, `city`) VALUES (130, 56, 'Kim', '', '', 'Machachi');
INSERT INTO `ocpizza`.`address` (`id`, `number`, `address`, `address2`, `postal_code`, `city`) VALUES (131, 201, 'Brown', '', '', 'Gareba');
INSERT INTO `ocpizza`.`address` (`id`, `number`, `address`, `address2`, `postal_code`, `city`) VALUES (132, 8, 'Dahle', '', '', 'Zemio');
INSERT INTO `ocpizza`.`address` (`id`, `number`, `address`, `address2`, `postal_code`, `city`) VALUES (133, 874, 'Truax', '', '5125', 'Malvinas Argentinas');
INSERT INTO `ocpizza`.`address` (`id`, `number`, `address`, `address2`, `postal_code`, `city`) VALUES (134, 5219, 'Mallard', '', '95930-000', 'Cruzeiro do Sul');
INSERT INTO `ocpizza`.`address` (`id`, `number`, `address`, `address2`, `postal_code`, `city`) VALUES (135, 3, 'Westridge', '', '8113', 'Sampao');
INSERT INTO `ocpizza`.`address` (`id`, `number`, `address`, `address2`, `postal_code`, `city`) VALUES (136, 4316, 'Fulton', 'Park Meadow', '503-1305', 'Sobue');
INSERT INTO `ocpizza`.`address` (`id`, `number`, `address`, `address2`, `postal_code`, `city`) VALUES (137, 12, 'Coolidge', '', '', 'Ochakiv');
INSERT INTO `ocpizza`.`address` (`id`, `number`, `address`, `address2`, `postal_code`, `city`) VALUES (138, 4939, 'Michigan', '', '597 96', 'Åtvidaberg');
INSERT INTO `ocpizza`.`address` (`id`, `number`, `address`, `address2`, `postal_code`, `city`) VALUES (139, 389, 'Sloan', '', '423524', 'Zainsk');
INSERT INTO `ocpizza`.`address` (`id`, `number`, `address`, `address2`, `postal_code`, `city`) VALUES (140, 737, 'Montana', '', '33513', 'Zdenci');
INSERT INTO `ocpizza`.`address` (`id`, `number`, `address`, `address2`, `postal_code`, `city`) VALUES (141, 2638, 'Autumn Leaf', '', '40000', 'Mačkovec');
INSERT INTO `ocpizza`.`address` (`id`, `number`, `address`, `address2`, `postal_code`, `city`) VALUES (142, 04, 'American Ash', '', '10310', 'Udon Thani');
INSERT INTO `ocpizza`.`address` (`id`, `number`, `address`, `address2`, `postal_code`, `city`) VALUES (143, 3, 'Bobwhite', '', '', 'Hats’avan');
INSERT INTO `ocpizza`.`address` (`id`, `number`, `address`, `address2`, `postal_code`, `city`) VALUES (144, 56, 'Fisk', '', '', 'Ciekek');
INSERT INTO `ocpizza`.`address` (`id`, `number`, `address`, `address2`, `postal_code`, `city`) VALUES (145, 019, 'Forster', '', '', 'Jiashi');
INSERT INTO `ocpizza`.`address` (`id`, `number`, `address`, `address2`, `postal_code`, `city`) VALUES (146, 7, 'Springview', 'Cambridge', '', 'Longka');
INSERT INTO `ocpizza`.`address` (`id`, `number`, `address`, `address2`, `postal_code`, `city`) VALUES (147, 21971, 'Orin', '', '', 'Changlin');
INSERT INTO `ocpizza`.`address` (`id`, `number`, `address`, `address2`, `postal_code`, `city`) VALUES (148, 5, 'Lillian', '', '68540-000', 'Conceição do Araguaia');
INSERT INTO `ocpizza`.`address` (`id`, `number`, `address`, `address2`, `postal_code`, `city`) VALUES (149, 42363, 'Longview', '', '', 'Jrashen');
INSERT INTO `ocpizza`.`address` (`id`, `number`, `address`, `address2`, `postal_code`, `city`) VALUES (150, 0380, 'Farmco', '', '', 'Kaduela');
INSERT INTO `ocpizza`.`address` (`id`, `number`, `address`, `address2`, `postal_code`, `city`) VALUES (151, 8872, 'Mariners Cove', '', '182460', 'Vybor');
INSERT INTO `ocpizza`.`address` (`id`, `number`, `address`, `address2`, `postal_code`, `city`) VALUES (152, 1147, 'Havey', '', '34-125', 'Rzyki');
INSERT INTO `ocpizza`.`address` (`id`, `number`, `address`, `address2`, `postal_code`, `city`) VALUES (153, 527, 'Mcguire', '', '87066 CEDEX 2', 'Limoges');
INSERT INTO `ocpizza`.`address` (`id`, `number`, `address`, `address2`, `postal_code`, `city`) VALUES (154, 001, 'Schurz', '', '', 'Jiufang');
INSERT INTO `ocpizza`.`address` (`id`, `number`, `address`, `address2`, `postal_code`, `city`) VALUES (155, 682, 'Autumn Leaf', '', '', 'Kanggye-si');
INSERT INTO `ocpizza`.`address` (`id`, `number`, `address`, `address2`, `postal_code`, `city`) VALUES (156, 27, 'Hovde', 'Fair Oaks', '', 'Bendosewu');
INSERT INTO `ocpizza`.`address` (`id`, `number`, `address`, `address2`, `postal_code`, `city`) VALUES (157, 20577, 'Delaware', '', '', 'Sandu');
INSERT INTO `ocpizza`.`address` (`id`, `number`, `address`, `address2`, `postal_code`, `city`) VALUES (158, 1, 'Pierstorff', '', '2971', 'Gotse Delchev');
INSERT INTO `ocpizza`.`address` (`id`, `number`, `address`, `address2`, `postal_code`, `city`) VALUES (159, 5, 'Sunbrook', '', '11250-000', 'Bertioga');
INSERT INTO `ocpizza`.`address` (`id`, `number`, `address`, `address2`, `postal_code`, `city`) VALUES (160, 9115, 'Melody', '', '', 'Darkton');
INSERT INTO `ocpizza`.`address` (`id`, `number`, `address`, `address2`, `postal_code`, `city`) VALUES (161, 32079, 'Sauthoff', '', '', 'Lanjaghbyur');
INSERT INTO `ocpizza`.`address` (`id`, `number`, `address`, `address2`, `postal_code`, `city`) VALUES (162, 479, 'Fieldstone', '', '', 'Pozhang');
INSERT INTO `ocpizza`.`address` (`id`, `number`, `address`, `address2`, `postal_code`, `city`) VALUES (163, 4, 'Westridge', '', '28400-000', 'São Fidélis');
INSERT INTO `ocpizza`.`address` (`id`, `number`, `address`, `address2`, `postal_code`, `city`) VALUES (164, 530, 'Welch', '', '252 45', 'Helsingborg');
INSERT INTO `ocpizza`.`address` (`id`, `number`, `address`, `address2`, `postal_code`, `city`) VALUES (165, 33171, 'Towne', '', '68-343', 'Brody');
INSERT INTO `ocpizza`.`address` (`id`, `number`, `address`, `address2`, `postal_code`, `city`) VALUES (166, 14, 'Carioca', '', '440 01', 'Louny');
INSERT INTO `ocpizza`.`address` (`id`, `number`, `address`, `address2`, `postal_code`, `city`) VALUES (167, 917, 'Toban', '', '', 'Sovetakan');
INSERT INTO `ocpizza`.`address` (`id`, `number`, `address`, `address2`, `postal_code`, `city`) VALUES (168, 468, 'Forest', '', '29551 CEDEX 9', 'Quimper');
INSERT INTO `ocpizza`.`address` (`id`, `number`, `address`, `address2`, `postal_code`, `city`) VALUES (169, 37, 'Pennsylvania', '', '96818', 'Emiliano Zapata');
INSERT INTO `ocpizza`.`address` (`id`, `number`, `address`, `address2`, `postal_code`, `city`) VALUES (170, 6693, 'Judy', 'Hudson', '', 'Jinping');
INSERT INTO `ocpizza`.`address` (`id`, `number`, `address`, `address2`, `postal_code`, `city`) VALUES (171, 8, 'Susan', '', '78050', 'Chak');
INSERT INTO `ocpizza`.`address` (`id`, `number`, `address`, `address2`, `postal_code`, `city`) VALUES (172, 5554, 'Ohio', '', '839-1404', 'Morioka-shi');
INSERT INTO `ocpizza`.`address` (`id`, `number`, `address`, `address2`, `postal_code`, `city`) VALUES (173, 4778, 'American Ash', '', '', 'La Sebala du Mornag');
INSERT INTO `ocpizza`.`address` (`id`, `number`, `address`, `address2`, `postal_code`, `city`) VALUES (174, 4086, 'Marcy', '', '93311', 'Bakersfield');
INSERT INTO `ocpizza`.`address` (`id`, `number`, `address`, `address2`, `postal_code`, `city`) VALUES (175, 263, 'Laurel', '', '', 'Bukbatang');
INSERT INTO `ocpizza`.`address` (`id`, `number`, `address`, `address2`, `postal_code`, `city`) VALUES (176, 07135, 'Moose', '', '142451', 'Bronnitsy');
INSERT INTO `ocpizza`.`address` (`id`, `number`, `address`, `address2`, `postal_code`, `city`) VALUES (177, 380, 'Basil', '', '8501', 'San Francisco');
INSERT INTO `ocpizza`.`address` (`id`, `number`, `address`, `address2`, `postal_code`, `city`) VALUES (178, 11, 'Quincy', '', '', 'Daliuhao');
INSERT INTO `ocpizza`.`address` (`id`, `number`, `address`, `address2`, `postal_code`, `city`) VALUES (179, 88, 'Dorton', '', '', 'Puyo');
INSERT INTO `ocpizza`.`address` (`id`, `number`, `address`, `address2`, `postal_code`, `city`) VALUES (180, 59, 'Pennsylvania', '', '', 'Inčukalns');
INSERT INTO `ocpizza`.`address` (`id`, `number`, `address`, `address2`, `postal_code`, `city`) VALUES (181, 8235, 'Weeping Birch', '', '', 'Jiangcun');
INSERT INTO `ocpizza`.`address` (`id`, `number`, `address`, `address2`, `postal_code`, `city`) VALUES (182, 5, 'Summit', '', '473-0938', 'Anjō');
INSERT INTO `ocpizza`.`address` (`id`, `number`, `address`, `address2`, `postal_code`, `city`) VALUES (183, 0, 'Nova', '', '65975-000', 'Estreito');
INSERT INTO `ocpizza`.`address` (`id`, `number`, `address`, `address2`, `postal_code`, `city`) VALUES (184, 7515, 'Michigan', '', '', 'Paritaman');
INSERT INTO `ocpizza`.`address` (`id`, `number`, `address`, `address2`, `postal_code`, `city`) VALUES (185, 9, 'Kennedy', '', '46406', 'Gary');
INSERT INTO `ocpizza`.`address` (`id`, `number`, `address`, `address2`, `postal_code`, `city`) VALUES (186, 212, 'Sycamore', '', '11130', 'Bang Kruai');
INSERT INTO `ocpizza`.`address` (`id`, `number`, `address`, `address2`, `postal_code`, `city`) VALUES (187, 186, 'Amoth', '', '', 'Gludug');
INSERT INTO `ocpizza`.`address` (`id`, `number`, `address`, `address2`, `postal_code`, `city`) VALUES (188, 660, 'Stang', '', '368758', 'Usukhchay');
INSERT INTO `ocpizza`.`address` (`id`, `number`, `address`, `address2`, `postal_code`, `city`) VALUES (189, 969, 'Russell', '', '63120', 'Ban Tak');
INSERT INTO `ocpizza`.`address` (`id`, `number`, `address`, `address2`, `postal_code`, `city`) VALUES (190, 849, 'Havey', '', '33102', 'Cuauhtemoc');
INSERT INTO `ocpizza`.`address` (`id`, `number`, `address`, `address2`, `postal_code`, `city`) VALUES (191, 758, 'Kings', '', '891 30', 'Örnsköldsvik');
INSERT INTO `ocpizza`.`address` (`id`, `number`, `address`, `address2`, `postal_code`, `city`) VALUES (192, 7, 'Crescent Oaks', '', '', 'Eci');
INSERT INTO `ocpizza`.`address` (`id`, `number`, `address`, `address2`, `postal_code`, `city`) VALUES (193, 25, 'Old Gate', '', '309311', 'Partizansk');
INSERT INTO `ocpizza`.`address` (`id`, `number`, `address`, `address2`, `postal_code`, `city`) VALUES (194, 6, 'Union', '', '353187', 'Korenovsk');
INSERT INTO `ocpizza`.`address` (`id`, `number`, `address`, `address2`, `postal_code`, `city`) VALUES (195, 90, 'Superior', '', '9217', 'Pañgobilian');
INSERT INTO `ocpizza`.`address` (`id`, `number`, `address`, `address2`, `postal_code`, `city`) VALUES (196, 7, 'Helena', '', '', 'Kulun');
INSERT INTO `ocpizza`.`address` (`id`, `number`, `address`, `address2`, `postal_code`, `city`) VALUES (197, 6045, 'Harbort', '', '', 'Mellila');
INSERT INTO `ocpizza`.`address` (`id`, `number`, `address`, `address2`, `postal_code`, `city`) VALUES (198, 6, 'Monument', '', '', 'Zangzhai');
INSERT INTO `ocpizza`.`address` (`id`, `number`, `address`, `address2`, `postal_code`, `city`) VALUES (199, 10, 'Sutteridge', '', '', 'Ngulahan');
INSERT INTO `ocpizza`.`address` (`id`, `number`, `address`, `address2`, `postal_code`, `city`) VALUES (200, 0683, 'Harper', '', '', 'Yingta');
INSERT INTO `ocpizza`.`address` (`id`, `number`, `address`, `address2`, `postal_code`, `city`) VALUES (201, 8747, 'Hayes', '', '', 'Kananga');
INSERT INTO `ocpizza`.`address` (`id`, `number`, `address`, `address2`, `postal_code`, `city`) VALUES (202, 827, 'Bluestem', 'Meadow Valley', '', 'Tegaldowo');
INSERT INTO `ocpizza`.`address` (`id`, `number`, `address`, `address2`, `postal_code`, `city`) VALUES (203, 512, 'Daystar', '', '', 'Laborie');
INSERT INTO `ocpizza`.`address` (`id`, `number`, `address`, `address2`, `postal_code`, `city`) VALUES (204, 7, 'Carey', '', 'S9A', 'North Battleford');
INSERT INTO `ocpizza`.`address` (`id`, `number`, `address`, `address2`, `postal_code`, `city`) VALUES (205, 89, 'Grim', '', '', 'Ya‘bad');
INSERT INTO `ocpizza`.`address` (`id`, `number`, `address`, `address2`, `postal_code`, `city`) VALUES (206, 52544, 'Butternut', '', '', 'Chengfeng');
INSERT INTO `ocpizza`.`address` (`id`, `number`, `address`, `address2`, `postal_code`, `city`) VALUES (207, 7313, 'Farwell', '', '02019 CEDEX', 'Laon');
INSERT INTO `ocpizza`.`address` (`id`, `number`, `address`, `address2`, `postal_code`, `city`) VALUES (208, 392, 'International', '', '', 'Banjarjo');
INSERT INTO `ocpizza`.`address` (`id`, `number`, `address`, `address2`, `postal_code`, `city`) VALUES (209, 9092, 'Graceland', '', '', 'Druju');
INSERT INTO `ocpizza`.`address` (`id`, `number`, `address`, `address2`, `postal_code`, `city`) VALUES (210, 84237, 'Kropf', '', '', 'Rosaspata');
INSERT INTO `ocpizza`.`address` (`id`, `number`, `address`, `address2`, `postal_code`, `city`) VALUES (211, 0839, 'Schiller', '', '949-0544', 'Itoigawa');
INSERT INTO `ocpizza`.`address` (`id`, `number`, `address`, `address2`, `postal_code`, `city`) VALUES (212, 66, 'Buell', '', '820 01', 'Bratislava');
INSERT INTO `ocpizza`.`address` (`id`, `number`, `address`, `address2`, `postal_code`, `city`) VALUES (213, 2415, 'Mccormick', '', '', 'Bihać');
INSERT INTO `ocpizza`.`address` (`id`, `number`, `address`, `address2`, `postal_code`, `city`) VALUES (214, 37, 'Twin Pines', 'Saint Paul', '75648', 'Melaka');
INSERT INTO `ocpizza`.`address` (`id`, `number`, `address`, `address2`, `postal_code`, `city`) VALUES (215, 8420, 'Columbus', '', '', 'Moquegua');
INSERT INTO `ocpizza`.`address` (`id`, `number`, `address`, `address2`, `postal_code`, `city`) VALUES (216, 1, 'Moulton', '', '', 'Montalvo');
INSERT INTO `ocpizza`.`address` (`id`, `number`, `address`, `address2`, `postal_code`, `city`) VALUES (217, 57907, 'Eliot', '', '443096', 'Kedrovyy');
INSERT INTO `ocpizza`.`address` (`id`, `number`, `address`, `address2`, `postal_code`, `city`) VALUES (218, 730, 'Dorton', '', '3017', 'Bulacan');
INSERT INTO `ocpizza`.`address` (`id`, `number`, `address`, `address2`, `postal_code`, `city`) VALUES (219, 7855, 'Artisan', '', '5140-058', 'Carrazeda de Ansiães');
INSERT INTO `ocpizza`.`address` (`id`, `number`, `address`, `address2`, `postal_code`, `city`) VALUES (220, 46996, 'Jana', '', '462781', 'Yasnyy');
INSERT INTO `ocpizza`.`address` (`id`, `number`, `address`, `address2`, `postal_code`, `city`) VALUES (221, 1581, 'Gulseth', '', '5713', 'La Plata');
INSERT INTO `ocpizza`.`address` (`id`, `number`, `address`, `address2`, `postal_code`, `city`) VALUES (222, 843, 'Golf', '', '42-152', 'Opatów');
INSERT INTO `ocpizza`.`address` (`id`, `number`, `address`, `address2`, `postal_code`, `city`) VALUES (223, 1634, 'Portage', '', '59347-000', 'Ouro Branco');
INSERT INTO `ocpizza`.`address` (`id`, `number`, `address`, `address2`, `postal_code`, `city`) VALUES (224, 678, 'Grover', '', '', 'Maji');
INSERT INTO `ocpizza`.`address` (`id`, `number`, `address`, `address2`, `postal_code`, `city`) VALUES (225, 442, 'Atwood', '', '', 'Haoping');
INSERT INTO `ocpizza`.`address` (`id`, `number`, `address`, `address2`, `postal_code`, `city`) VALUES (226, 07113, 'Village', '', '301382', 'Novogurovskiy');
INSERT INTO `ocpizza`.`address` (`id`, `number`, `address`, `address2`, `postal_code`, `city`) VALUES (227, 62976, 'Westridge', '', '', 'Lushikeng');
INSERT INTO `ocpizza`.`address` (`id`, `number`, `address`, `address2`, `postal_code`, `city`) VALUES (228, 50, 'Lindbergh', '', '736 25', 'Kungsör');
INSERT INTO `ocpizza`.`address` (`id`, `number`, `address`, `address2`, `postal_code`, `city`) VALUES (229, 3, 'Doe Crossing', '', '3119', 'Cut-cut Primero');
INSERT INTO `ocpizza`.`address` (`id`, `number`, `address`, `address2`, `postal_code`, `city`) VALUES (230, 92, 'Loomis', '', '6431', 'Mehendiganj');
INSERT INTO `ocpizza`.`address` (`id`, `number`, `address`, `address2`, `postal_code`, `city`) VALUES (231, 378, 'Grasskamp', '', '79176', 'Amarillo');
INSERT INTO `ocpizza`.`address` (`id`, `number`, `address`, `address2`, `postal_code`, `city`) VALUES (232, 66352, 'Di Loreto', '', '', 'Taounate');
INSERT INTO `ocpizza`.`address` (`id`, `number`, `address`, `address2`, `postal_code`, `city`) VALUES (233, 32, 'Fairview', '', '562 24', 'Norrahammar');
INSERT INTO `ocpizza`.`address` (`id`, `number`, `address`, `address2`, `postal_code`, `city`) VALUES (234, 946, 'Gerald', '', '130537', 'Villanueva');
INSERT INTO `ocpizza`.`address` (`id`, `number`, `address`, `address2`, `postal_code`, `city`) VALUES (235, 623, 'Mayfield', '', '38-473', 'Łęki');
INSERT INTO `ocpizza`.`address` (`id`, `number`, `address`, `address2`, `postal_code`, `city`) VALUES (236, 9573, 'Eagle Crest', '', '7031', 'Trondheim');
INSERT INTO `ocpizza`.`address` (`id`, `number`, `address`, `address2`, `postal_code`, `city`) VALUES (237, 096, 'Anniversary', '', '65975-000', 'Estreito');
INSERT INTO `ocpizza`.`address` (`id`, `number`, `address`, `address2`, `postal_code`, `city`) VALUES (238, 12, 'Brentwood', '', '6326', 'Anguil');
INSERT INTO `ocpizza`.`address` (`id`, `number`, `address`, `address2`, `postal_code`, `city`) VALUES (239, 70896, 'Melody', '', '', 'Shaoxing');
INSERT INTO `ocpizza`.`address` (`id`, `number`, `address`, `address2`, `postal_code`, `city`) VALUES (240, 3461, 'Iowa', '', '', 'Makariv');
INSERT INTO `ocpizza`.`address` (`id`, `number`, `address`, `address2`, `postal_code`, `city`) VALUES (241, 5, 'Center', '', '', 'Karawatung');
INSERT INTO `ocpizza`.`address` (`id`, `number`, `address`, `address2`, `postal_code`, `city`) VALUES (242, 920, 'Clove', '', '', 'Pandansari');
INSERT INTO `ocpizza`.`address` (`id`, `number`, `address`, `address2`, `postal_code`, `city`) VALUES (243, 69, 'Morrow', '', '32-859', 'Złota');
INSERT INTO `ocpizza`.`address` (`id`, `number`, `address`, `address2`, `postal_code`, `city`) VALUES (244, 9, 'Oxford', '', '6046', 'Minglanilla');
INSERT INTO `ocpizza`.`address` (`id`, `number`, `address`, `address2`, `postal_code`, `city`) VALUES (245, 9, 'Northfield', '', '', 'Donghai');
INSERT INTO `ocpizza`.`address` (`id`, `number`, `address`, `address2`, `postal_code`, `city`) VALUES (246, 488, 'Haas', '', '6204', 'Maastricht');
INSERT INTO `ocpizza`.`address` (`id`, `number`, `address`, `address2`, `postal_code`, `city`) VALUES (247, 77173, 'Packers', '', '', 'Hongwŏn');
INSERT INTO `ocpizza`.`address` (`id`, `number`, `address`, `address2`, `postal_code`, `city`) VALUES (248, 46341, 'Maryland', '', '', 'Masindi Port');
INSERT INTO `ocpizza`.`address` (`id`, `number`, `address`, `address2`, `postal_code`, `city`) VALUES (249, 17, 'Prairieview', '', '352189', 'Otrado-Kubanskoye');
INSERT INTO `ocpizza`.`address` (`id`, `number`, `address`, `address2`, `postal_code`, `city`) VALUES (250, 8, 'Heath', '', '44720-000', 'Miguel Calmon');
INSERT INTO `ocpizza`.`address` (`id`, `number`, `address`, `address2`, `postal_code`, `city`) VALUES (251, 2311, 'Thierer', '', '', 'Arue');
INSERT INTO `ocpizza`.`address` (`id`, `number`, `address`, `address2`, `postal_code`, `city`) VALUES (252, 9455, 'Colorado', '', '', 'Anka');
INSERT INTO `ocpizza`.`address` (`id`, `number`, `address`, `address2`, `postal_code`, `city`) VALUES (253, 8622, 'Coolidge', '', '', 'Sankeng');
INSERT INTO `ocpizza`.`address` (`id`, `number`, `address`, `address2`, `postal_code`, `city`) VALUES (254, 8102, 'Summerview', '', 'N37', 'Dunleer');
INSERT INTO `ocpizza`.`address` (`id`, `number`, `address`, `address2`, `postal_code`, `city`) VALUES (255, 1125, 'Hoepker', '', '363611', 'Kardzhin');
INSERT INTO `ocpizza`.`address` (`id`, `number`, `address`, `address2`, `postal_code`, `city`) VALUES (256, 2, 'Manitowish', '', '55905', 'Rochester');
INSERT INTO `ocpizza`.`address` (`id`, `number`, `address`, `address2`, `postal_code`, `city`) VALUES (257, 562, 'Golf View', '', '1485', 'Kalbugan');
INSERT INTO `ocpizza`.`address` (`id`, `number`, `address`, `address2`, `postal_code`, `city`) VALUES (258, 3, 'Bunker Hill', '', '421 10', 'Västra Frölunda');
INSERT INTO `ocpizza`.`address` (`id`, `number`, `address`, `address2`, `postal_code`, `city`) VALUES (259, 361, 'Melody', '', '', 'Kumagunnam');
INSERT INTO `ocpizza`.`address` (`id`, `number`, `address`, `address2`, `postal_code`, `city`) VALUES (260, 80, 'Pearson', '', '', 'Ordzhonikidze');
INSERT INTO `ocpizza`.`address` (`id`, `number`, `address`, `address2`, `postal_code`, `city`) VALUES (261, 662, 'Buena Vista', '', '93605', 'Los Pinos');
INSERT INTO `ocpizza`.`address` (`id`, `number`, `address`, `address2`, `postal_code`, `city`) VALUES (262, 7, 'Bartillon', '', '', 'Barmash');
INSERT INTO `ocpizza`.`address` (`id`, `number`, `address`, `address2`, `postal_code`, `city`) VALUES (263, 656, 'Moland', '', '180559', 'Pskov');
INSERT INTO `ocpizza`.`address` (`id`, `number`, `address`, `address2`, `postal_code`, `city`) VALUES (264, 578, 'Jay', '', '', 'Sísion');
INSERT INTO `ocpizza`.`address` (`id`, `number`, `address`, `address2`, `postal_code`, `city`) VALUES (265, 806, 'Melody', '', '', 'Kopong');
INSERT INTO `ocpizza`.`address` (`id`, `number`, `address`, `address2`, `postal_code`, `city`) VALUES (266, 727, 'Lindbergh', '', '', 'Ambato Boeny');
INSERT INTO `ocpizza`.`address` (`id`, `number`, `address`, `address2`, `postal_code`, `city`) VALUES (267, 277, 'Brentwood', '', '', 'Jinta');
INSERT INTO `ocpizza`.`address` (`id`, `number`, `address`, `address2`, `postal_code`, `city`) VALUES (268, 01, 'Sachs', '', '', 'Matsena');
INSERT INTO `ocpizza`.`address` (`id`, `number`, `address`, `address2`, `postal_code`, `city`) VALUES (269, 19786, 'Prairie Rose', '', '', 'Sagua la Grande');
INSERT INTO `ocpizza`.`address` (`id`, `number`, `address`, `address2`, `postal_code`, `city`) VALUES (270, 8, 'Stang', '', '', 'Sukorejo');
INSERT INTO `ocpizza`.`address` (`id`, `number`, `address`, `address2`, `postal_code`, `city`) VALUES (271, 89, 'Northview', '', '671360', 'Bichura');
INSERT INTO `ocpizza`.`address` (`id`, `number`, `address`, `address2`, `postal_code`, `city`) VALUES (272, 0, 'Superior', '', '385228', 'Pashkovskiy');
INSERT INTO `ocpizza`.`address` (`id`, `number`, `address`, `address2`, `postal_code`, `city`) VALUES (273, 370, 'Vernon', '', '', 'Xinshi');
INSERT INTO `ocpizza`.`address` (`id`, `number`, `address`, `address2`, `postal_code`, `city`) VALUES (274, 92, 'Debra', '', '188667', 'Toksovo');
INSERT INTO `ocpizza`.`address` (`id`, `number`, `address`, `address2`, `postal_code`, `city`) VALUES (275, 7147, 'Karstens', '', '352762', 'Pereyaslovskaya');
INSERT INTO `ocpizza`.`address` (`id`, `number`, `address`, `address2`, `postal_code`, `city`) VALUES (276, 26972, 'Petterle', '', 'D11', 'Glasnevin');
INSERT INTO `ocpizza`.`address` (`id`, `number`, `address`, `address2`, `postal_code`, `city`) VALUES (277, 1, 'Maywood', '', '446254', 'Bezenchuk');
INSERT INTO `ocpizza`.`address` (`id`, `number`, `address`, `address2`, `postal_code`, `city`) VALUES (278, 4021, 'Scofield', '', '02005', 'Albacete');
INSERT INTO `ocpizza`.`address` (`id`, `number`, `address`, `address2`, `postal_code`, `city`) VALUES (279, 7, 'Sutherland', '', '', 'Concepción');
INSERT INTO `ocpizza`.`address` (`id`, `number`, `address`, `address2`, `postal_code`, `city`) VALUES (280, 25403, 'Montana', '', '', 'Totora');
INSERT INTO `ocpizza`.`address` (`id`, `number`, `address`, `address2`, `postal_code`, `city`) VALUES (281, 452, '3rd', '', '', 'Semboropasar');
INSERT INTO `ocpizza`.`address` (`id`, `number`, `address`, `address2`, `postal_code`, `city`) VALUES (282, 629, 'Lillian', '', '', 'Gubo');
INSERT INTO `ocpizza`.`address` (`id`, `number`, `address`, `address2`, `postal_code`, `city`) VALUES (283, 71, 'Esch', '', '', 'Salaš Crnobarski');
INSERT INTO `ocpizza`.`address` (`id`, `number`, `address`, `address2`, `postal_code`, `city`) VALUES (284, 18201, 'Rowland', '', '2017', 'Linao');
INSERT INTO `ocpizza`.`address` (`id`, `number`, `address`, `address2`, `postal_code`, `city`) VALUES (285, 70, '5th', '', '9604', 'Parang');
INSERT INTO `ocpizza`.`address` (`id`, `number`, `address`, `address2`, `postal_code`, `city`) VALUES (286, 4, 'Blaine', '', '17380-000', 'Brotas');
INSERT INTO `ocpizza`.`address` (`id`, `number`, `address`, `address2`, `postal_code`, `city`) VALUES (287, 3371, 'Oxford', '', '55-070', 'Smolec');
INSERT INTO `ocpizza`.`address` (`id`, `number`, `address`, `address2`, `postal_code`, `city`) VALUES (288, 8, 'Scoville', '', '', 'Lewolen');
INSERT INTO `ocpizza`.`address` (`id`, `number`, `address`, `address2`, `postal_code`, `city`) VALUES (289, 6, 'Monterey', '', '46-250', 'Wołczyn');
INSERT INTO `ocpizza`.`address` (`id`, `number`, `address`, `address2`, `postal_code`, `city`) VALUES (290, 19, 'Logan', '', '', 'Houjiachuan');
INSERT INTO `ocpizza`.`address` (`id`, `number`, `address`, `address2`, `postal_code`, `city`) VALUES (291, 02628, 'Old Shore', '', '50369', 'Des Moines');
INSERT INTO `ocpizza`.`address` (`id`, `number`, `address`, `address2`, `postal_code`, `city`) VALUES (292, 6, 'Hollow Ridge', '', '', 'Airmadidi');
INSERT INTO `ocpizza`.`address` (`id`, `number`, `address`, `address2`, `postal_code`, `city`) VALUES (293, 972, 'Farmco', '', '', 'Kapiri Mposhi');
INSERT INTO `ocpizza`.`address` (`id`, `number`, `address`, `address2`, `postal_code`, `city`) VALUES (294, 48183, 'Utah', '', '', 'San Juan Bautista');
INSERT INTO `ocpizza`.`address` (`id`, `number`, `address`, `address2`, `postal_code`, `city`) VALUES (295, 8, 'Green Ridge', '', '', 'Kiviõli');
INSERT INTO `ocpizza`.`address` (`id`, `number`, `address`, `address2`, `postal_code`, `city`) VALUES (296, 4322, 'Lyons', '', '89355', 'Magdaleno Aguilar');
INSERT INTO `ocpizza`.`address` (`id`, `number`, `address`, `address2`, `postal_code`, `city`) VALUES (297, 94, 'Oxford', '', '62-310', 'Pyzdry');
INSERT INTO `ocpizza`.`address` (`id`, `number`, `address`, `address2`, `postal_code`, `city`) VALUES (298, 308, 'Hazelcrest', '', '', 'Volodymyr-Volyns’kyy');
INSERT INTO `ocpizza`.`address` (`id`, `number`, `address`, `address2`, `postal_code`, `city`) VALUES (299, 9537, 'Debra', '', '69446 CEDEX 03', 'Lyon');
INSERT INTO `ocpizza`.`address` (`id`, `number`, `address`, `address2`, `postal_code`, `city`) VALUES (300, 89, 'Bultman', '', '', 'Kharagauli');
INSERT INTO `ocpizza`.`address` (`id`, `number`, `address`, `address2`, `postal_code`, `city`) VALUES (301, 1, '1st', '', '', 'Xinyu');
INSERT INTO `ocpizza`.`address` (`id`, `number`, `address`, `address2`, `postal_code`, `city`) VALUES (302, 62, 'Graceland', '', '', 'Vareiá');
INSERT INTO `ocpizza`.`address` (`id`, `number`, `address`, `address2`, `postal_code`, `city`) VALUES (303, 1, 'Fisk', '', '2000-355', 'Alcanhões');
INSERT INTO `ocpizza`.`address` (`id`, `number`, `address`, `address2`, `postal_code`, `city`) VALUES (304, 32133, 'Carpenter', '', '', 'Wuyang');
INSERT INTO `ocpizza`.`address` (`id`, `number`, `address`, `address2`, `postal_code`, `city`) VALUES (305, 39, 'Brown', '', '174450', 'Moshenskoye');
INSERT INTO `ocpizza`.`address` (`id`, `number`, `address`, `address2`, `postal_code`, `city`) VALUES (306, 966, 'Monument', '', '29051', 'Shorko');
INSERT INTO `ocpizza`.`address` (`id`, `number`, `address`, `address2`, `postal_code`, `city`) VALUES (307, 46436, 'North', '', '73-121', 'Marianowo');
INSERT INTO `ocpizza`.`address` (`id`, `number`, `address`, `address2`, `postal_code`, `city`) VALUES (308, 0677, 'Packers', '', '31136', 'Atlanta');
INSERT INTO `ocpizza`.`address` (`id`, `number`, `address`, `address2`, `postal_code`, `city`) VALUES (309, 6834, 'Namekagon', '', '', 'Calceta');
INSERT INTO `ocpizza`.`address` (`id`, `number`, `address`, `address2`, `postal_code`, `city`) VALUES (310, 949, 'Pennsylvania', '', '', 'Zhuanshui');
INSERT INTO `ocpizza`.`address` (`id`, `number`, `address`, `address2`, `postal_code`, `city`) VALUES (311, 295, 'Vernon', '', '', 'Petropavlovsk');
INSERT INTO `ocpizza`.`address` (`id`, `number`, `address`, `address2`, `postal_code`, `city`) VALUES (312, 6, 'Washington', '', '', 'Sambonggede');
INSERT INTO `ocpizza`.`address` (`id`, `number`, `address`, `address2`, `postal_code`, `city`) VALUES (313, 79, 'Warner', '', '243421', 'Mikhaylovsk');
INSERT INTO `ocpizza`.`address` (`id`, `number`, `address`, `address2`, `postal_code`, `city`) VALUES (314, 6033, 'Duke', 'Barnett', '79404 CEDEX', 'Saint-Maixent-l\'École');
INSERT INTO `ocpizza`.`address` (`id`, `number`, `address`, `address2`, `postal_code`, `city`) VALUES (315, 420, '8th', '', '7008', 'Payao');
INSERT INTO `ocpizza`.`address` (`id`, `number`, `address`, `address2`, `postal_code`, `city`) VALUES (316, 60, 'Redwing', '', '6602', 'Pābna');
INSERT INTO `ocpizza`.`address` (`id`, `number`, `address`, `address2`, `postal_code`, `city`) VALUES (317, 05, 'Elgar', '', '66-130', 'Klenica');
INSERT INTO `ocpizza`.`address` (`id`, `number`, `address`, `address2`, `postal_code`, `city`) VALUES (318, 06862, 'Sutherland', '', '9630-145', 'Nordeste');
INSERT INTO `ocpizza`.`address` (`id`, `number`, `address`, `address2`, `postal_code`, `city`) VALUES (319, 114, 'Laurel', '', '', 'Acarigua');
INSERT INTO `ocpizza`.`address` (`id`, `number`, `address`, `address2`, `postal_code`, `city`) VALUES (320, 266, 'Eliot', '', '48242', 'Detroit');
INSERT INTO `ocpizza`.`address` (`id`, `number`, `address`, `address2`, `postal_code`, `city`) VALUES (321, 07, 'Susan', '', '', 'Yucun');
INSERT INTO `ocpizza`.`address` (`id`, `number`, `address`, `address2`, `postal_code`, `city`) VALUES (322, 0172, 'Oxford', '', '', 'Qiqin');
INSERT INTO `ocpizza`.`address` (`id`, `number`, `address`, `address2`, `postal_code`, `city`) VALUES (323, 97012, 'Katie', '', '', 'Xinning');
INSERT INTO `ocpizza`.`address` (`id`, `number`, `address`, `address2`, `postal_code`, `city`) VALUES (324, 9059, 'Garrison', '', '', 'Datian');
INSERT INTO `ocpizza`.`address` (`id`, `number`, `address`, `address2`, `postal_code`, `city`) VALUES (325, 223, 'Pleasure', '', '', 'Somita');
INSERT INTO `ocpizza`.`address` (`id`, `number`, `address`, `address2`, `postal_code`, `city`) VALUES (326, 48525, 'Mosinee', '', '', 'Yoro');
INSERT INTO `ocpizza`.`address` (`id`, `number`, `address`, `address2`, `postal_code`, `city`) VALUES (327, 3815, 'Oneill', '', '13729 CEDEX', 'Marignane');
INSERT INTO `ocpizza`.`address` (`id`, `number`, `address`, `address2`, `postal_code`, `city`) VALUES (328, 1, 'Cordelia', '', '', 'Atar');
INSERT INTO `ocpizza`.`address` (`id`, `number`, `address`, `address2`, `postal_code`, `city`) VALUES (329, 32, 'Melby', '', '141860', 'Dedenëvo');
INSERT INTO `ocpizza`.`address` (`id`, `number`, `address`, `address2`, `postal_code`, `city`) VALUES (330, 41650, 'Granby', '', '', 'Mmaaf');
INSERT INTO `ocpizza`.`address` (`id`, `number`, `address`, `address2`, `postal_code`, `city`) VALUES (331, 1, 'Sugar', '', 'A84', 'Ashbourne');
INSERT INTO `ocpizza`.`address` (`id`, `number`, `address`, `address2`, `postal_code`, `city`) VALUES (332, 8, 'Park Meadow', '', '', 'Xinhuang');
INSERT INTO `ocpizza`.`address` (`id`, `number`, `address`, `address2`, `postal_code`, `city`) VALUES (333, 4496, 'Hintze', '', '', 'Kikinda');
INSERT INTO `ocpizza`.`address` (`id`, `number`, `address`, `address2`, `postal_code`, `city`) VALUES (334, 05, '6th', '', '', 'Padurung');
INSERT INTO `ocpizza`.`address` (`id`, `number`, `address`, `address2`, `postal_code`, `city`) VALUES (335, 8, 'Lien', '', '', 'Shuanghe');
INSERT INTO `ocpizza`.`address` (`id`, `number`, `address`, `address2`, `postal_code`, `city`) VALUES (336, 4, 'Stephen', 'Helena', '', 'Dubravica');
INSERT INTO `ocpizza`.`address` (`id`, `number`, `address`, `address2`, `postal_code`, `city`) VALUES (337, 7088, 'Gulseth', '', '', 'Benniu');
INSERT INTO `ocpizza`.`address` (`id`, `number`, `address`, `address2`, `postal_code`, `city`) VALUES (338, 02, 'Nevada', '', '692425', 'Gornorechenskiy');
INSERT INTO `ocpizza`.`address` (`id`, `number`, `address`, `address2`, `postal_code`, `city`) VALUES (339, 1862, 'Heffernan', '', '', 'Kuniran');
INSERT INTO `ocpizza`.`address` (`id`, `number`, `address`, `address2`, `postal_code`, `city`) VALUES (340, 9166, '6th', '', '', 'Funafuti');
INSERT INTO `ocpizza`.`address` (`id`, `number`, `address`, `address2`, `postal_code`, `city`) VALUES (341, 0107, 'Dryden', '', '', 'Jixian');
INSERT INTO `ocpizza`.`address` (`id`, `number`, `address`, `address2`, `postal_code`, `city`) VALUES (342, 4, 'Doe Crossing', '', '', 'Qingshuitang');
INSERT INTO `ocpizza`.`address` (`id`, `number`, `address`, `address2`, `postal_code`, `city`) VALUES (343, 32281, 'Elgar', '', '', 'Bangbayang');
INSERT INTO `ocpizza`.`address` (`id`, `number`, `address`, `address2`, `postal_code`, `city`) VALUES (344, 10, 'Sherman', '', '', 'Imām Şāḩib');
INSERT INTO `ocpizza`.`address` (`id`, `number`, `address`, `address2`, `postal_code`, `city`) VALUES (345, 2, 'David', '', '', 'Klina');
INSERT INTO `ocpizza`.`address` (`id`, `number`, `address`, `address2`, `postal_code`, `city`) VALUES (346, 99900, 'Brown', '', '2580-306', 'Alenquer');
INSERT INTO `ocpizza`.`address` (`id`, `number`, `address`, `address2`, `postal_code`, `city`) VALUES (347, 61359, 'Thierer', '', '', 'Yagoua');
INSERT INTO `ocpizza`.`address` (`id`, `number`, `address`, `address2`, `postal_code`, `city`) VALUES (348, 130, 'Stuart', '', '', 'Malishka');
INSERT INTO `ocpizza`.`address` (`id`, `number`, `address`, `address2`, `postal_code`, `city`) VALUES (349, 9, 'Larry', '', '444 32', 'Stenungsund');
INSERT INTO `ocpizza`.`address` (`id`, `number`, `address`, `address2`, `postal_code`, `city`) VALUES (350, 3, 'Bellgrove', '', '375-0054', 'Kodamachō-kodamaminami');
INSERT INTO `ocpizza`.`address` (`id`, `number`, `address`, `address2`, `postal_code`, `city`) VALUES (351, 62, 'Dahle', '', '132527', 'Magangué');
INSERT INTO `ocpizza`.`address` (`id`, `number`, `address`, `address2`, `postal_code`, `city`) VALUES (352, 18650, 'Merrick', '', '', 'Zhuyeping');
INSERT INTO `ocpizza`.`address` (`id`, `number`, `address`, `address2`, `postal_code`, `city`) VALUES (353, 80332, 'New Castle', '', '', '‘Afrīn');
INSERT INTO `ocpizza`.`address` (`id`, `number`, `address`, `address2`, `postal_code`, `city`) VALUES (354, 4954, 'Hauk', '', '4890-055', 'Arnoia');
INSERT INTO `ocpizza`.`address` (`id`, `number`, `address`, `address2`, `postal_code`, `city`) VALUES (355, 156, 'Ronald Regan', '', '', 'Jiaotang');
INSERT INTO `ocpizza`.`address` (`id`, `number`, `address`, `address2`, `postal_code`, `city`) VALUES (356, 6101, 'Knutson', '', '', 'Erhaodi');
INSERT INTO `ocpizza`.`address` (`id`, `number`, `address`, `address2`, `postal_code`, `city`) VALUES (357, 02, 'Northwestern', 'Brentwood', '10346', 'Slatina');
INSERT INTO `ocpizza`.`address` (`id`, `number`, `address`, `address2`, `postal_code`, `city`) VALUES (358, 52635, 'Blue Bill Park', '', '44-362', 'Bełsznica');
INSERT INTO `ocpizza`.`address` (`id`, `number`, `address`, `address2`, `postal_code`, `city`) VALUES (359, 49471, 'Lindbergh', '', '128 48', 'Bagarmossen');
INSERT INTO `ocpizza`.`address` (`id`, `number`, `address`, `address2`, `postal_code`, `city`) VALUES (360, 48, 'Erie', '', '', 'Laoliangcang');
INSERT INTO `ocpizza`.`address` (`id`, `number`, `address`, `address2`, `postal_code`, `city`) VALUES (361, 41991, 'Calypso', '', '32-083', 'Balice');
INSERT INTO `ocpizza`.`address` (`id`, `number`, `address`, `address2`, `postal_code`, `city`) VALUES (362, 172, 'Pleasure', '', '', 'Hongor');
INSERT INTO `ocpizza`.`address` (`id`, `number`, `address`, `address2`, `postal_code`, `city`) VALUES (363, 00, '6th', '', '464 01', 'Frýdlant');
INSERT INTO `ocpizza`.`address` (`id`, `number`, `address`, `address2`, `postal_code`, `city`) VALUES (364, 4, 'Killdeer', '', '', 'Rende');
INSERT INTO `ocpizza`.`address` (`id`, `number`, `address`, `address2`, `postal_code`, `city`) VALUES (365, 197, 'Calypso', 'Carioca', '', 'Yanling');
INSERT INTO `ocpizza`.`address` (`id`, `number`, `address`, `address2`, `postal_code`, `city`) VALUES (366, 49035, 'Bayside', '', '4785-231', 'Paradela');
INSERT INTO `ocpizza`.`address` (`id`, `number`, `address`, `address2`, `postal_code`, `city`) VALUES (367, 296, 'Warner', '', '105 52', 'Stockholm');
INSERT INTO `ocpizza`.`address` (`id`, `number`, `address`, `address2`, `postal_code`, `city`) VALUES (368, 607, 'Declaration', '', '5040', 'Ponong');
INSERT INTO `ocpizza`.`address` (`id`, `number`, `address`, `address2`, `postal_code`, `city`) VALUES (369, 419, 'Evergreen', '', '87400-000', 'Cruzeiro do Oeste');
INSERT INTO `ocpizza`.`address` (`id`, `number`, `address`, `address2`, `postal_code`, `city`) VALUES (370, 02810, 'Old Shore', '', '', 'Fukou');
INSERT INTO `ocpizza`.`address` (`id`, `number`, `address`, `address2`, `postal_code`, `city`) VALUES (371, 66814, 'Brickson Park', '', '291 41', 'Kristianstad');
INSERT INTO `ocpizza`.`address` (`id`, `number`, `address`, `address2`, `postal_code`, `city`) VALUES (372, 575, 'Northland', '', '', 'Obiaruku Quarters');
INSERT INTO `ocpizza`.`address` (`id`, `number`, `address`, `address2`, `postal_code`, `city`) VALUES (373, 9140, 'Summerview', '', '135 34', 'Tyresö');
INSERT INTO `ocpizza`.`address` (`id`, `number`, `address`, `address2`, `postal_code`, `city`) VALUES (374, 32, 'Novick', '', '60284', 'San Isidro');
INSERT INTO `ocpizza`.`address` (`id`, `number`, `address`, `address2`, `postal_code`, `city`) VALUES (375, 6, 'Sullivan', '', '639-1156', 'Tawaramoto');
INSERT INTO `ocpizza`.`address` (`id`, `number`, `address`, `address2`, `postal_code`, `city`) VALUES (376, 4367, 'West', '', '444 32', 'Stenungsund');
INSERT INTO `ocpizza`.`address` (`id`, `number`, `address`, `address2`, `postal_code`, `city`) VALUES (377, 06801, 'Hagan', '', '6536', 'Kampokpok');
INSERT INTO `ocpizza`.`address` (`id`, `number`, `address`, `address2`, `postal_code`, `city`) VALUES (378, 48, 'Carioca', '', '44501', 'Viitasaari');
INSERT INTO `ocpizza`.`address` (`id`, `number`, `address`, `address2`, `postal_code`, `city`) VALUES (379, 59693, '5th', '', '', 'Sujji');
INSERT INTO `ocpizza`.`address` (`id`, `number`, `address`, `address2`, `postal_code`, `city`) VALUES (380, 9496, 'Kensington', '', '', 'Bertoua');
INSERT INTO `ocpizza`.`address` (`id`, `number`, `address`, `address2`, `postal_code`, `city`) VALUES (381, 0854, 'Tomscot', '', '999-5313', 'Shinjō');
INSERT INTO `ocpizza`.`address` (`id`, `number`, `address`, `address2`, `postal_code`, `city`) VALUES (382, 6, 'Reinke', '', '', 'Bulgan');
INSERT INTO `ocpizza`.`address` (`id`, `number`, `address`, `address2`, `postal_code`, `city`) VALUES (383, 097, 'Dawn', '', '', 'Chenzui');
INSERT INTO `ocpizza`.`address` (`id`, `number`, `address`, `address2`, `postal_code`, `city`) VALUES (384, 74, 'Banding', '', '', 'Al Mayādīn');
INSERT INTO `ocpizza`.`address` (`id`, `number`, `address`, `address2`, `postal_code`, `city`) VALUES (385, 65179, 'Johnson', '', '5400-339', 'Valongo');
INSERT INTO `ocpizza`.`address` (`id`, `number`, `address`, `address2`, `postal_code`, `city`) VALUES (386, 0422, 'Blaine', '', '', 'Tandou');
INSERT INTO `ocpizza`.`address` (`id`, `number`, `address`, `address2`, `postal_code`, `city`) VALUES (387, 07, 'Transport', '', '', 'Smarhon’');
INSERT INTO `ocpizza`.`address` (`id`, `number`, `address`, `address2`, `postal_code`, `city`) VALUES (388, 6627, 'Morning', '', '', 'Chŏngju');
INSERT INTO `ocpizza`.`address` (`id`, `number`, `address`, `address2`, `postal_code`, `city`) VALUES (389, 6702, 'Heath', '', '', 'Dasi');
INSERT INTO `ocpizza`.`address` (`id`, `number`, `address`, `address2`, `postal_code`, `city`) VALUES (390, 07, 'Red Cloud', '', '', 'Géfyra');
INSERT INTO `ocpizza`.`address` (`id`, `number`, `address`, `address2`, `postal_code`, `city`) VALUES (391, 807, 'Westend', '', '92500-000', 'Guaíba');
INSERT INTO `ocpizza`.`address` (`id`, `number`, `address`, `address2`, `postal_code`, `city`) VALUES (392, 39, 'Golf Course', '', '346763', 'Severnyy');
INSERT INTO `ocpizza`.`address` (`id`, `number`, `address`, `address2`, `postal_code`, `city`) VALUES (393, 60, 'Oxford', '', '981-2501', 'Marumori');
INSERT INTO `ocpizza`.`address` (`id`, `number`, `address`, `address2`, `postal_code`, `city`) VALUES (394, 73, 'Calypso', '', '6346', 'Totolan');
INSERT INTO `ocpizza`.`address` (`id`, `number`, `address`, `address2`, `postal_code`, `city`) VALUES (395, 6523, 'Morrow', '', '', 'Bantu');
INSERT INTO `ocpizza`.`address` (`id`, `number`, `address`, `address2`, `postal_code`, `city`) VALUES (396, 57, 'Tony', '', '74060', 'Alvaro Obregon');
INSERT INTO `ocpizza`.`address` (`id`, `number`, `address`, `address2`, `postal_code`, `city`) VALUES (397, 2, 'Basil', '', '', 'Har-Us');
INSERT INTO `ocpizza`.`address` (`id`, `number`, `address`, `address2`, `postal_code`, `city`) VALUES (398, 83, 'Loftsgordon', '', '', 'Igboho');
INSERT INTO `ocpizza`.`address` (`id`, `number`, `address`, `address2`, `postal_code`, `city`) VALUES (399, 7922, 'Gulseth', '', '4133', 'Taywanak Ilaya');
INSERT INTO `ocpizza`.`address` (`id`, `number`, `address`, `address2`, `postal_code`, `city`) VALUES (400, 65326, 'Truax', '', '54000-000', 'Jaboatão dos Guararapes');
INSERT INTO `ocpizza`.`address` (`id`, `number`, `address`, `address2`, `postal_code`, `city`) VALUES (401, 14271, 'Ruskin', '', '', 'Cireundang');
INSERT INTO `ocpizza`.`address` (`id`, `number`, `address`, `address2`, `postal_code`, `city`) VALUES (402, 7, '1st', '', '999-3776', 'Tendō');
INSERT INTO `ocpizza`.`address` (`id`, `number`, `address`, `address2`, `postal_code`, `city`) VALUES (403, 1, 'Dixon', '', '188992', 'Svetogorsk');
INSERT INTO `ocpizza`.`address` (`id`, `number`, `address`, `address2`, `postal_code`, `city`) VALUES (404, 19, 'Rockefeller', '', '', 'Xianyan');
INSERT INTO `ocpizza`.`address` (`id`, `number`, `address`, `address2`, `postal_code`, `city`) VALUES (405, 1, 'Petterle', '', '', 'Cinyumput');
INSERT INTO `ocpizza`.`address` (`id`, `number`, `address`, `address2`, `postal_code`, `city`) VALUES (406, 153, 'Melvin', '', '', 'El Viejo');
INSERT INTO `ocpizza`.`address` (`id`, `number`, `address`, `address2`, `postal_code`, `city`) VALUES (407, 8250, 'Leroy', '', '', 'Ambohitseheno');
INSERT INTO `ocpizza`.`address` (`id`, `number`, `address`, `address2`, `postal_code`, `city`) VALUES (408, 6375, 'Barnett', '', '', 'Krasni Okny');
INSERT INTO `ocpizza`.`address` (`id`, `number`, `address`, `address2`, `postal_code`, `city`) VALUES (409, 5270, 'Nancy', '', '', 'Xiangshi');
INSERT INTO `ocpizza`.`address` (`id`, `number`, `address`, `address2`, `postal_code`, `city`) VALUES (410, 2, '2nd', '', '', 'Xishanzui');
INSERT INTO `ocpizza`.`address` (`id`, `number`, `address`, `address2`, `postal_code`, `city`) VALUES (411, 671, 'Dakota', '', '', 'Lümeng');
INSERT INTO `ocpizza`.`address` (`id`, `number`, `address`, `address2`, `postal_code`, `city`) VALUES (412, 86976, 'Crowley', '', '', 'Bei');
INSERT INTO `ocpizza`.`address` (`id`, `number`, `address`, `address2`, `postal_code`, `city`) VALUES (413, 423, 'Village Green', 'Barby', '', 'Krajan Bejagung');
INSERT INTO `ocpizza`.`address` (`id`, `number`, `address`, `address2`, `postal_code`, `city`) VALUES (414, 864, 'Veith', '', '', 'Dahua');
INSERT INTO `ocpizza`.`address` (`id`, `number`, `address`, `address2`, `postal_code`, `city`) VALUES (415, 7, 'Leroy', '', '', 'Chitungwiza');
INSERT INTO `ocpizza`.`address` (`id`, `number`, `address`, `address2`, `postal_code`, `city`) VALUES (416, 9, 'Grim', '', '71161', 'La Paz');
INSERT INTO `ocpizza`.`address` (`id`, `number`, `address`, `address2`, `postal_code`, `city`) VALUES (417, 3018, 'Fremont', '', '', 'Dongjiahe');
INSERT INTO `ocpizza`.`address` (`id`, `number`, `address`, `address2`, `postal_code`, `city`) VALUES (418, 3295, 'Huxley', '', '75693 CEDEX 14', 'Paris 14');
INSERT INTO `ocpizza`.`address` (`id`, `number`, `address`, `address2`, `postal_code`, `city`) VALUES (419, 882, 'Saint Paul', '', '8229', 'Lelystad');
INSERT INTO `ocpizza`.`address` (`id`, `number`, `address`, `address2`, `postal_code`, `city`) VALUES (420, 3, 'Sugar', '', '', 'Nangka');
INSERT INTO `ocpizza`.`address` (`id`, `number`, `address`, `address2`, `postal_code`, `city`) VALUES (421, 89650, 'Graedel', '', '', 'Housuo');
INSERT INTO `ocpizza`.`address` (`id`, `number`, `address`, `address2`, `postal_code`, `city`) VALUES (422, 47637, 'Service', '', '', 'Changtan');
INSERT INTO `ocpizza`.`address` (`id`, `number`, `address`, `address2`, `postal_code`, `city`) VALUES (423, 7006, 'Bartillon', '', '7461', 'Bhātpāra Abhaynagar');
INSERT INTO `ocpizza`.`address` (`id`, `number`, `address`, `address2`, `postal_code`, `city`) VALUES (424, 30742, 'Bashford', '', '30370', 'Chaloem Phra Kiat');
INSERT INTO `ocpizza`.`address` (`id`, `number`, `address`, `address2`, `postal_code`, `city`) VALUES (425, 66, 'Vahlen', '', '', 'Yangliu');
INSERT INTO `ocpizza`.`address` (`id`, `number`, `address`, `address2`, `postal_code`, `city`) VALUES (426, 57132, 'Menomonie', '', '', 'Tuba');
INSERT INTO `ocpizza`.`address` (`id`, `number`, `address`, `address2`, `postal_code`, `city`) VALUES (427, 481, 'Pine View', '', '', 'Hejiadong');
INSERT INTO `ocpizza`.`address` (`id`, `number`, `address`, `address2`, `postal_code`, `city`) VALUES (428, 93228, 'Veith', '', '356235', 'Ufa');
INSERT INTO `ocpizza`.`address` (`id`, `number`, `address`, `address2`, `postal_code`, `city`) VALUES (429, 2623, 'Merry', '', '', 'Paraíso');
INSERT INTO `ocpizza`.`address` (`id`, `number`, `address`, `address2`, `postal_code`, `city`) VALUES (430, 358, 'Heffernan', '', '', 'Piggs Peak');
INSERT INTO `ocpizza`.`address` (`id`, `number`, `address`, `address2`, `postal_code`, `city`) VALUES (431, 2800, 'Aberg', '', '', 'Mtimbira');
INSERT INTO `ocpizza`.`address` (`id`, `number`, `address`, `address2`, `postal_code`, `city`) VALUES (432, 0, 'Morning', '', '4805-223', 'Corvite');
INSERT INTO `ocpizza`.`address` (`id`, `number`, `address`, `address2`, `postal_code`, `city`) VALUES (433, 04419, 'Cherokee', '', '4107', 'Prosperidad');
INSERT INTO `ocpizza`.`address` (`id`, `number`, `address`, `address2`, `postal_code`, `city`) VALUES (434, 0009, 'Red Cloud', '', '', 'Rača');
INSERT INTO `ocpizza`.`address` (`id`, `number`, `address`, `address2`, `postal_code`, `city`) VALUES (435, 4365, 'Golf View', '', '', 'Tambawel');
INSERT INTO `ocpizza`.`address` (`id`, `number`, `address`, `address2`, `postal_code`, `city`) VALUES (436, 15, 'Buell', '', '34-222', 'Grzechynia');
INSERT INTO `ocpizza`.`address` (`id`, `number`, `address`, `address2`, `postal_code`, `city`) VALUES (437, 31456, 'Summer Ridge', '', '', 'Yunfeng');
INSERT INTO `ocpizza`.`address` (`id`, `number`, `address`, `address2`, `postal_code`, `city`) VALUES (438, 5350, 'West', '', '', 'Rancabungur');
INSERT INTO `ocpizza`.`address` (`id`, `number`, `address`, `address2`, `postal_code`, `city`) VALUES (439, 9, 'Mockingbird', '', '', 'Dawu');
INSERT INTO `ocpizza`.`address` (`id`, `number`, `address`, `address2`, `postal_code`, `city`) VALUES (440, 8, 'Sunfield', '', '', 'Chiba');
INSERT INTO `ocpizza`.`address` (`id`, `number`, `address`, `address2`, `postal_code`, `city`) VALUES (441, 16485, 'Lillian', '', '42-580', 'Psary');
INSERT INTO `ocpizza`.`address` (`id`, `number`, `address`, `address2`, `postal_code`, `city`) VALUES (442, 06, 'Dixon', '', '76000', 'Jamshoro');
INSERT INTO `ocpizza`.`address` (`id`, `number`, `address`, `address2`, `postal_code`, `city`) VALUES (443, 9125, '5th', '', '', 'Daguo');
INSERT INTO `ocpizza`.`address` (`id`, `number`, `address`, `address2`, `postal_code`, `city`) VALUES (444, 326, 'Nevada', '', '', 'Al ‘Āliyah');
INSERT INTO `ocpizza`.`address` (`id`, `number`, `address`, `address2`, `postal_code`, `city`) VALUES (445, 501, 'Clove', '', '59-501', 'Złotoryja');
INSERT INTO `ocpizza`.`address` (`id`, `number`, `address`, `address2`, `postal_code`, `city`) VALUES (446, 575, 'Mosinee', '', '', 'Xiaoshan');
INSERT INTO `ocpizza`.`address` (`id`, `number`, `address`, `address2`, `postal_code`, `city`) VALUES (447, 44249, 'Homewood', '', '', 'Ilopango');
INSERT INTO `ocpizza`.`address` (`id`, `number`, `address`, `address2`, `postal_code`, `city`) VALUES (448, 03, 'Montana', '', '', 'Novoukrayinka');
INSERT INTO `ocpizza`.`address` (`id`, `number`, `address`, `address2`, `postal_code`, `city`) VALUES (449, 3764, 'Mcbride', '', 'S7K', 'Kensington');
INSERT INTO `ocpizza`.`address` (`id`, `number`, `address`, `address2`, `postal_code`, `city`) VALUES (450, 0, 'Monterey', '', '70603', 'Pocora');
INSERT INTO `ocpizza`.`address` (`id`, `number`, `address`, `address2`, `postal_code`, `city`) VALUES (451, 668, 'Emmet', '', '', 'Khánh Hải');
INSERT INTO `ocpizza`.`address` (`id`, `number`, `address`, `address2`, `postal_code`, `city`) VALUES (452, 1, 'Express', '', '5311', 'Saidpur');
INSERT INTO `ocpizza`.`address` (`id`, `number`, `address`, `address2`, `postal_code`, `city`) VALUES (453, 02, 'Northport', '', '', 'Baturaden');
INSERT INTO `ocpizza`.`address` (`id`, `number`, `address`, `address2`, `postal_code`, `city`) VALUES (454, 46, 'Mitchell', '', '', 'Angochi');
INSERT INTO `ocpizza`.`address` (`id`, `number`, `address`, `address2`, `postal_code`, `city`) VALUES (455, 2458, 'Kensington', '', '', 'Praia');
INSERT INTO `ocpizza`.`address` (`id`, `number`, `address`, `address2`, `postal_code`, `city`) VALUES (456, 3, 'West', '', '5030-304', 'Boavista');
INSERT INTO `ocpizza`.`address` (`id`, `number`, `address`, `address2`, `postal_code`, `city`) VALUES (457, 3162, '7th', '', '34-143', 'Lanckorona');
INSERT INTO `ocpizza`.`address` (`id`, `number`, `address`, `address2`, `postal_code`, `city`) VALUES (458, 217, 'Redwing', '', '', 'Utara');
INSERT INTO `ocpizza`.`address` (`id`, `number`, `address`, `address2`, `postal_code`, `city`) VALUES (459, 227, 'Brentwood', '', '1091', 'Batobato');
INSERT INTO `ocpizza`.`address` (`id`, `number`, `address`, `address2`, `postal_code`, `city`) VALUES (460, 9086, 'North', '', '', 'Dongping');
INSERT INTO `ocpizza`.`address` (`id`, `number`, `address`, `address2`, `postal_code`, `city`) VALUES (461, 01618, 'David', '', '169270', 'Usogorsk');
INSERT INTO `ocpizza`.`address` (`id`, `number`, `address`, `address2`, `postal_code`, `city`) VALUES (462, 7170, 'Pepper Wood', '', '', 'Cibeureum');
INSERT INTO `ocpizza`.`address` (`id`, `number`, `address`, `address2`, `postal_code`, `city`) VALUES (463, 1, 'Washington', '', '', 'Lihu');
INSERT INTO `ocpizza`.`address` (`id`, `number`, `address`, `address2`, `postal_code`, `city`) VALUES (464, 16, 'Del Mar', '', '', 'Linzi');
INSERT INTO `ocpizza`.`address` (`id`, `number`, `address`, `address2`, `postal_code`, `city`) VALUES (465, 8, 'West', 'Harbort', '', 'Velyki Mezhyrichi');
INSERT INTO `ocpizza`.`address` (`id`, `number`, `address`, `address2`, `postal_code`, `city`) VALUES (466, 5450, 'Vidon', '', '82-100', 'Nowy Dwór Gdański');
INSERT INTO `ocpizza`.`address` (`id`, `number`, `address`, `address2`, `postal_code`, `city`) VALUES (467, 44133, 'Springs', '', '42207', 'Vinica');
INSERT INTO `ocpizza`.`address` (`id`, `number`, `address`, `address2`, `postal_code`, `city`) VALUES (468, 21, 'Hooker', '', '', 'Baykonyr');
INSERT INTO `ocpizza`.`address` (`id`, `number`, `address`, `address2`, `postal_code`, `city`) VALUES (469, 840, 'Ridgeway', '', '', 'Xiayang');
INSERT INTO `ocpizza`.`address` (`id`, `number`, `address`, `address2`, `postal_code`, `city`) VALUES (470, 964, 'Helena', '', '249070', 'Kulunda');
INSERT INTO `ocpizza`.`address` (`id`, `number`, `address`, `address2`, `postal_code`, `city`) VALUES (471, 4848, 'Johnson', '', '', 'Youhua');
INSERT INTO `ocpizza`.`address` (`id`, `number`, `address`, `address2`, `postal_code`, `city`) VALUES (472, 0, 'Union', '', '', 'Temara');
INSERT INTO `ocpizza`.`address` (`id`, `number`, `address`, `address2`, `postal_code`, `city`) VALUES (473, 253, 'Dixon', '', '', 'Gansa');
INSERT INTO `ocpizza`.`address` (`id`, `number`, `address`, `address2`, `postal_code`, `city`) VALUES (474, 0771, 'Rockefeller', '', '', 'Hongwei');
INSERT INTO `ocpizza`.`address` (`id`, `number`, `address`, `address2`, `postal_code`, `city`) VALUES (475, 6, 'Kipling', '', '', 'Shagang');
INSERT INTO `ocpizza`.`address` (`id`, `number`, `address`, `address2`, `postal_code`, `city`) VALUES (476, 8, 'Division', '', '3001', 'Paombong');
INSERT INTO `ocpizza`.`address` (`id`, `number`, `address`, `address2`, `postal_code`, `city`) VALUES (477, 531, 'Meadow Ridge', '', '', 'Ulee Gle');
INSERT INTO `ocpizza`.`address` (`id`, `number`, `address`, `address2`, `postal_code`, `city`) VALUES (478, 801, 'Forster', '', '00163', 'Roma');
INSERT INTO `ocpizza`.`address` (`id`, `number`, `address`, `address2`, `postal_code`, `city`) VALUES (479, 894, 'Sherman', '', '574 28', 'Vetlanda');
INSERT INTO `ocpizza`.`address` (`id`, `number`, `address`, `address2`, `postal_code`, `city`) VALUES (480, 42723, 'Messerschmidt', '', '30302', 'San Diego');
INSERT INTO `ocpizza`.`address` (`id`, `number`, `address`, `address2`, `postal_code`, `city`) VALUES (481, 428, 'Victoria', '', '', 'Umuahia');
INSERT INTO `ocpizza`.`address` (`id`, `number`, `address`, `address2`, `postal_code`, `city`) VALUES (482, 49, 'Center', '', '630099', 'Novosibirsk');
INSERT INTO `ocpizza`.`address` (`id`, `number`, `address`, `address2`, `postal_code`, `city`) VALUES (483, 147, 'Lakewood Gardens', '', '188753', 'Michurinskoye');
INSERT INTO `ocpizza`.`address` (`id`, `number`, `address`, `address2`, `postal_code`, `city`) VALUES (484, 3172, 'Petterle', '', '467-0862', 'Mombetsu');
INSERT INTO `ocpizza`.`address` (`id`, `number`, `address`, `address2`, `postal_code`, `city`) VALUES (485, 3, 'Lindbergh', 'Harper', '40170', 'Kranuan');
INSERT INTO `ocpizza`.`address` (`id`, `number`, `address`, `address2`, `postal_code`, `city`) VALUES (486, 5167, 'Hazelcrest', '', '2260-510', 'Cardal');
INSERT INTO `ocpizza`.`address` (`id`, `number`, `address`, `address2`, `postal_code`, `city`) VALUES (487, 8, 'Meadow Vale', '', '2021', 'Mexico');
INSERT INTO `ocpizza`.`address` (`id`, `number`, `address`, `address2`, `postal_code`, `city`) VALUES (488, 20, 'Canary', '', '', 'Chenyangzhai');
INSERT INTO `ocpizza`.`address` (`id`, `number`, `address`, `address2`, `postal_code`, `city`) VALUES (489, 34, 'Westridge', 'Goodland', '', 'Sanhui');
INSERT INTO `ocpizza`.`address` (`id`, `number`, `address`, `address2`, `postal_code`, `city`) VALUES (490, 3, 'Bartillon', '', '', 'Jianmin');
INSERT INTO `ocpizza`.`address` (`id`, `number`, `address`, `address2`, `postal_code`, `city`) VALUES (491, 8, 'Kennedy', '', '3780-204', 'Anadia');
INSERT INTO `ocpizza`.`address` (`id`, `number`, `address`, `address2`, `postal_code`, `city`) VALUES (492, 398, 'Banding', '', '', 'Konongo');
INSERT INTO `ocpizza`.`address` (`id`, `number`, `address`, `address2`, `postal_code`, `city`) VALUES (493, 97801, 'Russell', '', '31120', 'Ban Lam Luk Ka');
INSERT INTO `ocpizza`.`address` (`id`, `number`, `address`, `address2`, `postal_code`, `city`) VALUES (494, 5528, 'Katie', '', '', 'Nkhotakota');
INSERT INTO `ocpizza`.`address` (`id`, `number`, `address`, `address2`, `postal_code`, `city`) VALUES (495, 5, 'Charing Cross', '', '', 'Ar Rumaythah');
INSERT INTO `ocpizza`.`address` (`id`, `number`, `address`, `address2`, `postal_code`, `city`) VALUES (496, 0712, 'Pond', '', '669-5313', 'Tsuruoka');
INSERT INTO `ocpizza`.`address` (`id`, `number`, `address`, `address2`, `postal_code`, `city`) VALUES (497, 7302, 'Lindbergh', '', '', 'Thị Trấn Cao Lộc');
INSERT INTO `ocpizza`.`address` (`id`, `number`, `address`, `address2`, `postal_code`, `city`) VALUES (498, 47165, 'Elgar', '', '8924', 'Leeuwarden');
INSERT INTO `ocpizza`.`address` (`id`, `number`, `address`, `address2`, `postal_code`, `city`) VALUES (499, 30456, 'Hoepker', '', '', 'Clarines');
INSERT INTO `ocpizza`.`address` (`id`, `number`, `address`, `address2`, `postal_code`, `city`) VALUES (500, 3, 'Annamark', '', '5815', 'Tabuc Pontevedra');
INSERT INTO `ocpizza`.`address` (`id`, `number`, `address`, `address2`, `postal_code`, `city`) VALUES (501, 610, 'Straubel', '', '5097', 'Mount Frere');
INSERT INTO `ocpizza`.`address` (`id`, `number`, `address`, `address2`, `postal_code`, `city`) VALUES (502, 9, 'Chive', '', '', 'Fengyang');
INSERT INTO `ocpizza`.`address` (`id`, `number`, `address`, `address2`, `postal_code`, `city`) VALUES (503, 2827, 'Mosinee', '', '439 07', 'Peruc');
INSERT INTO `ocpizza`.`address` (`id`, `number`, `address`, `address2`, `postal_code`, `city`) VALUES (504, 87977, 'Brentwood', '', '', 'Palalang');
INSERT INTO `ocpizza`.`address` (`id`, `number`, `address`, `address2`, `postal_code`, `city`) VALUES (505, 881, 'Glendale', '', '', 'Beidaihehaibin');
INSERT INTO `ocpizza`.`address` (`id`, `number`, `address`, `address2`, `postal_code`, `city`) VALUES (506, 6, 'Thackeray', '', '', 'Su-dong');
INSERT INTO `ocpizza`.`address` (`id`, `number`, `address`, `address2`, `postal_code`, `city`) VALUES (507, 0, 'Susan', '', '', 'Huxingshan');
INSERT INTO `ocpizza`.`address` (`id`, `number`, `address`, `address2`, `postal_code`, `city`) VALUES (508, 78, 'Caliangt', '', '39520-000', 'Porteirinha');
INSERT INTO `ocpizza`.`address` (`id`, `number`, `address`, `address2`, `postal_code`, `city`) VALUES (509, 951, 'Gulseth', '', '8504', 'Maibu');
INSERT INTO `ocpizza`.`address` (`id`, `number`, `address`, `address2`, `postal_code`, `city`) VALUES (510, 812, 'Schmedeman', '', '', 'Azurduy');
INSERT INTO `ocpizza`.`address` (`id`, `number`, `address`, `address2`, `postal_code`, `city`) VALUES (511, 11839, '5th', '', '', 'Sukamenak');
INSERT INTO `ocpizza`.`address` (`id`, `number`, `address`, `address2`, `postal_code`, `city`) VALUES (512, 41, 'Huxley', '', '', 'Nangabulik');
INSERT INTO `ocpizza`.`address` (`id`, `number`, `address`, `address2`, `postal_code`, `city`) VALUES (513, 572, 'Forest Dale', '', '9209', 'Tubod');
INSERT INTO `ocpizza`.`address` (`id`, `number`, `address`, `address2`, `postal_code`, `city`) VALUES (514, 69, 'Kennedy', 'Nelson', '', 'Fusheng');
INSERT INTO `ocpizza`.`address` (`id`, `number`, `address`, `address2`, `postal_code`, `city`) VALUES (515, 48, 'Old Gate', '', '', 'Marte');
INSERT INTO `ocpizza`.`address` (`id`, `number`, `address`, `address2`, `postal_code`, `city`) VALUES (516, 35400, 'Graceland', '', '5222', 'Kobarid');
INSERT INTO `ocpizza`.`address` (`id`, `number`, `address`, `address2`, `postal_code`, `city`) VALUES (517, 47654, 'Sunnyside', 'Northview', '', 'Banjar Tibubiyu Kaja');
INSERT INTO `ocpizza`.`address` (`id`, `number`, `address`, `address2`, `postal_code`, `city`) VALUES (518, 0, 'Luster', '', '43506', 'Dežanovac');
INSERT INTO `ocpizza`.`address` (`id`, `number`, `address`, `address2`, `postal_code`, `city`) VALUES (519, 00, 'Everett', '', '', 'Sixi');
INSERT INTO `ocpizza`.`address` (`id`, `number`, `address`, `address2`, `postal_code`, `city`) VALUES (520, 3176, 'Lotheville', '', '', 'Shaheying');
INSERT INTO `ocpizza`.`address` (`id`, `number`, `address`, `address2`, `postal_code`, `city`) VALUES (521, 3, 'Chive', '', '', 'Huertas');
INSERT INTO `ocpizza`.`address` (`id`, `number`, `address`, `address2`, `postal_code`, `city`) VALUES (522, 9554, 'Summer Ridge', '', '9615', 'Mataya');
INSERT INTO `ocpizza`.`address` (`id`, `number`, `address`, `address2`, `postal_code`, `city`) VALUES (523, 04, 'Havey', '', '', 'Jianshe');
INSERT INTO `ocpizza`.`address` (`id`, `number`, `address`, `address2`, `postal_code`, `city`) VALUES (524, 236, 'Cherokee', '8th', '', 'Tangnan');
INSERT INTO `ocpizza`.`address` (`id`, `number`, `address`, `address2`, `postal_code`, `city`) VALUES (525, 76, 'Linden', '', '366609', 'Katyr-Yurt');
INSERT INTO `ocpizza`.`address` (`id`, `number`, `address`, `address2`, `postal_code`, `city`) VALUES (526, 1, 'Namekagon', '', '', 'Citambal');
INSERT INTO `ocpizza`.`address` (`id`, `number`, `address`, `address2`, `postal_code`, `city`) VALUES (527, 0, 'Sutherland', '', '2360', 'Radlje ob Dravi');
INSERT INTO `ocpizza`.`address` (`id`, `number`, `address`, `address2`, `postal_code`, `city`) VALUES (528, 96, 'Barby', '', '68145', 'Niños Heroes');
INSERT INTO `ocpizza`.`address` (`id`, `number`, `address`, `address2`, `postal_code`, `city`) VALUES (529, 123, 'Nova', '', '', 'Rancabugel');
INSERT INTO `ocpizza`.`address` (`id`, `number`, `address`, `address2`, `postal_code`, `city`) VALUES (530, 111, 'Hollow Ridge', 'Carpenter', '14140-000', 'Cravinhos');
INSERT INTO `ocpizza`.`address` (`id`, `number`, `address`, `address2`, `postal_code`, `city`) VALUES (531, 32, 'Arizona', '', '4336', 'Isugod');
INSERT INTO `ocpizza`.`address` (`id`, `number`, `address`, `address2`, `postal_code`, `city`) VALUES (532, 33955, 'Forest', '', '733517', 'Flandes');
INSERT INTO `ocpizza`.`address` (`id`, `number`, `address`, `address2`, `postal_code`, `city`) VALUES (533, 0, 'Dexter', '', '631 85', 'Eskilstuna');
INSERT INTO `ocpizza`.`address` (`id`, `number`, `address`, `address2`, `postal_code`, `city`) VALUES (534, 0354, 'Lien', '', '7630-305', 'Colos');
INSERT INTO `ocpizza`.`address` (`id`, `number`, `address`, `address2`, `postal_code`, `city`) VALUES (535, 6192, 'Crowley', '', '', 'Palmira');
INSERT INTO `ocpizza`.`address` (`id`, `number`, `address`, `address2`, `postal_code`, `city`) VALUES (536, 460, 'Brown', '', '', 'Zhengmo');
INSERT INTO `ocpizza`.`address` (`id`, `number`, `address`, `address2`, `postal_code`, `city`) VALUES (537, 82, 'Mallard', '', '67321', 'Bhiria');
INSERT INTO `ocpizza`.`address` (`id`, `number`, `address`, `address2`, `postal_code`, `city`) VALUES (538, 96997, 'Springs', '', '3830-268', 'Quintãs');
INSERT INTO `ocpizza`.`address` (`id`, `number`, `address`, `address2`, `postal_code`, `city`) VALUES (539, 532, 'Straubel', '', '', 'Burujul');
INSERT INTO `ocpizza`.`address` (`id`, `number`, `address`, `address2`, `postal_code`, `city`) VALUES (540, 653, 'Dawn', '', '', 'Varazqān');
INSERT INTO `ocpizza`.`address` (`id`, `number`, `address`, `address2`, `postal_code`, `city`) VALUES (541, 8, 'Dottie', '', '8400', 'San Carlos de Bariloche');
INSERT INTO `ocpizza`.`address` (`id`, `number`, `address`, `address2`, `postal_code`, `city`) VALUES (542, 41, 'Birchwood', '', '051457', 'Antioquia');
INSERT INTO `ocpizza`.`address` (`id`, `number`, `address`, `address2`, `postal_code`, `city`) VALUES (543, 6801, 'Everett', '', '2514', 'Loyola');
INSERT INTO `ocpizza`.`address` (`id`, `number`, `address`, `address2`, `postal_code`, `city`) VALUES (544, 93, 'Hagan', '', 'G5R', 'Rivière-du-Loup');
INSERT INTO `ocpizza`.`address` (`id`, `number`, `address`, `address2`, `postal_code`, `city`) VALUES (545, 803, 'Rockefeller', '', '', 'Druzhba');
INSERT INTO `ocpizza`.`address` (`id`, `number`, `address`, `address2`, `postal_code`, `city`) VALUES (546, 71, 'Green', '', '', 'Alarobia');
INSERT INTO `ocpizza`.`address` (`id`, `number`, `address`, `address2`, `postal_code`, `city`) VALUES (547, 667, 'Kennedy', '', '', 'Stanley');
INSERT INTO `ocpizza`.`address` (`id`, `number`, `address`, `address2`, `postal_code`, `city`) VALUES (548, 5, 'Hayes', '', '', 'Huzhuang');
INSERT INTO `ocpizza`.`address` (`id`, `number`, `address`, `address2`, `postal_code`, `city`) VALUES (549, 3026, 'Old Gate', '', '05-270', 'Marki');
INSERT INTO `ocpizza`.`address` (`id`, `number`, `address`, `address2`, `postal_code`, `city`) VALUES (550, 03, 'Sachtjen', '', '55520-000', 'Ribeirão');
INSERT INTO `ocpizza`.`address` (`id`, `number`, `address`, `address2`, `postal_code`, `city`) VALUES (551, 4, 'Dwight', '', '252 45', 'Helsingborg');
INSERT INTO `ocpizza`.`address` (`id`, `number`, `address`, `address2`, `postal_code`, `city`) VALUES (552, 93, 'Westerfield', '', '', 'Qorovulbozor Shahri');
INSERT INTO `ocpizza`.`address` (`id`, `number`, `address`, `address2`, `postal_code`, `city`) VALUES (553, 4729, 'Tony', '', 'T1K', 'Lethbridge');
INSERT INTO `ocpizza`.`address` (`id`, `number`, `address`, `address2`, `postal_code`, `city`) VALUES (554, 2189, 'Northfield', '', '', 'Jiaoyuan');
INSERT INTO `ocpizza`.`address` (`id`, `number`, `address`, `address2`, `postal_code`, `city`) VALUES (555, 217, 'Moulton', '', '', 'Upata');
INSERT INTO `ocpizza`.`address` (`id`, `number`, `address`, `address2`, `postal_code`, `city`) VALUES (556, 39954, 'Kropf', '', '44324 CEDEX 3', 'Nantes');
INSERT INTO `ocpizza`.`address` (`id`, `number`, `address`, `address2`, `postal_code`, `city`) VALUES (557, 1, 'Grim', '', '2304', 'Mayantoc');
INSERT INTO `ocpizza`.`address` (`id`, `number`, `address`, `address2`, `postal_code`, `city`) VALUES (558, 09, 'Forster', '', '', 'Huangcun');
INSERT INTO `ocpizza`.`address` (`id`, `number`, `address`, `address2`, `postal_code`, `city`) VALUES (559, 91, 'Randy', '', '', 'Yijing');
INSERT INTO `ocpizza`.`address` (`id`, `number`, `address`, `address2`, `postal_code`, `city`) VALUES (560, 581, 'Dwight', '', '', 'Huancapallac');
INSERT INTO `ocpizza`.`address` (`id`, `number`, `address`, `address2`, `postal_code`, `city`) VALUES (561, 781, 'Eagle Crest', '', '17280-000', 'Pederneiras');
INSERT INTO `ocpizza`.`address` (`id`, `number`, `address`, `address2`, `postal_code`, `city`) VALUES (562, 65627, 'Fulton', '', '', 'Huxiaoqiao');
INSERT INTO `ocpizza`.`address` (`id`, `number`, `address`, `address2`, `postal_code`, `city`) VALUES (563, 921, 'School', '', '', 'Shuangshipu');
INSERT INTO `ocpizza`.`address` (`id`, `number`, `address`, `address2`, `postal_code`, `city`) VALUES (564, 23, 'Spaight', '', '668134', 'Khandagayty');
INSERT INTO `ocpizza`.`address` (`id`, `number`, `address`, `address2`, `postal_code`, `city`) VALUES (565, 796, 'Banding', '', '', 'Shuidun');
INSERT INTO `ocpizza`.`address` (`id`, `number`, `address`, `address2`, `postal_code`, `city`) VALUES (566, 89216, 'Thackeray', '', '353983', 'Rayevskaya');
INSERT INTO `ocpizza`.`address` (`id`, `number`, `address`, `address2`, `postal_code`, `city`) VALUES (567, 7, 'Pearson', '', '33686', 'Tampa');
INSERT INTO `ocpizza`.`address` (`id`, `number`, `address`, `address2`, `postal_code`, `city`) VALUES (568, 6486, 'Hoard', '', '889-1404', 'Takanabe');
INSERT INTO `ocpizza`.`address` (`id`, `number`, `address`, `address2`, `postal_code`, `city`) VALUES (569, 6, 'Mccormick', '', '', 'Catabola');
INSERT INTO `ocpizza`.`address` (`id`, `number`, `address`, `address2`, `postal_code`, `city`) VALUES (570, 251, 'Stoughton', '', '9560-205', 'Água de Pau');
INSERT INTO `ocpizza`.`address` (`id`, `number`, `address`, `address2`, `postal_code`, `city`) VALUES (571, 2489, 'Ohio', '', '', 'Kulevcha');
INSERT INTO `ocpizza`.`address` (`id`, `number`, `address`, `address2`, `postal_code`, `city`) VALUES (572, 07347, 'Rutledge', '', '5027', 'Tubungan');
INSERT INTO `ocpizza`.`address` (`id`, `number`, `address`, `address2`, `postal_code`, `city`) VALUES (573, 906, 'Green Ridge', '', '6501', 'Pawing');
INSERT INTO `ocpizza`.`address` (`id`, `number`, `address`, `address2`, `postal_code`, `city`) VALUES (574, 40331, 'Memorial', '', '', 'Rahama');
INSERT INTO `ocpizza`.`address` (`id`, `number`, `address`, `address2`, `postal_code`, `city`) VALUES (575, 2, 'Hovde', '', 'T8C', 'Millet');
INSERT INTO `ocpizza`.`address` (`id`, `number`, `address`, `address2`, `postal_code`, `city`) VALUES (576, 14242, 'Shoshone', '', '63455', 'Amado Nervo');
INSERT INTO `ocpizza`.`address` (`id`, `number`, `address`, `address2`, `postal_code`, `city`) VALUES (577, 090, 'Hallows', '', '9009', 'Sebu');
INSERT INTO `ocpizza`.`address` (`id`, `number`, `address`, `address2`, `postal_code`, `city`) VALUES (578, 47547, 'Corry', '', '', 'Mayisyan');
INSERT INTO `ocpizza`.`address` (`id`, `number`, `address`, `address2`, `postal_code`, `city`) VALUES (579, 24, 'Westport', '', '', 'Sŏnbong');
INSERT INTO `ocpizza`.`address` (`id`, `number`, `address`, `address2`, `postal_code`, `city`) VALUES (580, 53962, 'Calypso', 'Boyd', '2432', 'Куклиш');
INSERT INTO `ocpizza`.`address` (`id`, `number`, `address`, `address2`, `postal_code`, `city`) VALUES (581, 0, 'Karstens', 'Superior', '', 'Türkmenabat');
INSERT INTO `ocpizza`.`address` (`id`, `number`, `address`, `address2`, `postal_code`, `city`) VALUES (582, 696, 'Karstens', '', '30404 CEDEX', 'Villeneuve-lès-Avignon');
INSERT INTO `ocpizza`.`address` (`id`, `number`, `address`, `address2`, `postal_code`, `city`) VALUES (583, 04197, 'Westerfield', '', '', 'Tebluru');
INSERT INTO `ocpizza`.`address` (`id`, `number`, `address`, `address2`, `postal_code`, `city`) VALUES (584, 4, 'Canary', '', '', 'Ruangwa');
INSERT INTO `ocpizza`.`address` (`id`, `number`, `address`, `address2`, `postal_code`, `city`) VALUES (585, 188, 'Birchwood', '', '397641', 'Mikhaylovka');
INSERT INTO `ocpizza`.`address` (`id`, `number`, `address`, `address2`, `postal_code`, `city`) VALUES (586, 8834, 'North', '', '', 'Ngluweng Dua');
INSERT INTO `ocpizza`.`address` (`id`, `number`, `address`, `address2`, `postal_code`, `city`) VALUES (587, 2226, 'Almo', '', '', 'Hūn');
INSERT INTO `ocpizza`.`address` (`id`, `number`, `address`, `address2`, `postal_code`, `city`) VALUES (588, 071, 'Riverside', '', '', 'Tabant');
INSERT INTO `ocpizza`.`address` (`id`, `number`, `address`, `address2`, `postal_code`, `city`) VALUES (589, 68930, 'Jay', '', '2000', 'Samokov');
INSERT INTO `ocpizza`.`address` (`id`, `number`, `address`, `address2`, `postal_code`, `city`) VALUES (590, 114, 'Schurz', '', '9211', 'Sumalig');
INSERT INTO `ocpizza`.`address` (`id`, `number`, `address`, `address2`, `postal_code`, `city`) VALUES (591, 49654, '5th', '', '', 'Porlamar');
INSERT INTO `ocpizza`.`address` (`id`, `number`, `address`, `address2`, `postal_code`, `city`) VALUES (592, 51113, 'Grim', '', '', 'Dengfang');
INSERT INTO `ocpizza`.`address` (`id`, `number`, `address`, `address2`, `postal_code`, `city`) VALUES (593, 052, '7th', '', '416357', 'Volgo-Kaspiyskiy');
INSERT INTO `ocpizza`.`address` (`id`, `number`, `address`, `address2`, `postal_code`, `city`) VALUES (594, 762, 'Mitchell', '', '601642', 'Karabanovo');
INSERT INTO `ocpizza`.`address` (`id`, `number`, `address`, `address2`, `postal_code`, `city`) VALUES (595, 2513, 'Cardinal', '', '1681', 'Pangpang');
INSERT INTO `ocpizza`.`address` (`id`, `number`, `address`, `address2`, `postal_code`, `city`) VALUES (596, 23633, 'Brickson Park', '', '7005', 'Kabasalan');
INSERT INTO `ocpizza`.`address` (`id`, `number`, `address`, `address2`, `postal_code`, `city`) VALUES (597, 24, 'Columbus', '', '', 'Quế Sơn');
INSERT INTO `ocpizza`.`address` (`id`, `number`, `address`, `address2`, `postal_code`, `city`) VALUES (598, 8, 'Scoville', '', '13250', 'Bang Ban');
INSERT INTO `ocpizza`.`address` (`id`, `number`, `address`, `address2`, `postal_code`, `city`) VALUES (599, 023, 'Elgar', '', '', 'Kasreman Wetan');
INSERT INTO `ocpizza`.`address` (`id`, `number`, `address`, `address2`, `postal_code`, `city`) VALUES (600, 85, 'Mallory', '', '37240', 'Nashville');
INSERT INTO `ocpizza`.`address` (`id`, `number`, `address`, `address2`, `postal_code`, `city`) VALUES (601, 8, 'Homewood', '', '', 'Baizhang');
INSERT INTO `ocpizza`.`address` (`id`, `number`, `address`, `address2`, `postal_code`, `city`) VALUES (602, 4, 'Maryland', '', '302025', 'Yaroslavl');
INSERT INTO `ocpizza`.`address` (`id`, `number`, `address`, `address2`, `postal_code`, `city`) VALUES (603, 46, 'Kedzie', '', '', 'Quinuabamba');
INSERT INTO `ocpizza`.`address` (`id`, `number`, `address`, `address2`, `postal_code`, `city`) VALUES (604, 0328, 'Fremont', '', '', 'Telengsari');
INSERT INTO `ocpizza`.`address` (`id`, `number`, `address`, `address2`, `postal_code`, `city`) VALUES (605, 7, 'Lotheville', '', '21-065', 'Rybczewice');
INSERT INTO `ocpizza`.`address` (`id`, `number`, `address`, `address2`, `postal_code`, `city`) VALUES (606, 0294, 'Memorial', '', '31069 CEDEX 7', 'Toulouse');
INSERT INTO `ocpizza`.`address` (`id`, `number`, `address`, `address2`, `postal_code`, `city`) VALUES (607, 30615, 'Texas', '', '2765-184', 'Estoril');
INSERT INTO `ocpizza`.`address` (`id`, `number`, `address`, `address2`, `postal_code`, `city`) VALUES (608, 48872, 'Havey', '', '28225', 'Charlotte');
INSERT INTO `ocpizza`.`address` (`id`, `number`, `address`, `address2`, `postal_code`, `city`) VALUES (609, 59, 'Anzinger', '', '66-350', 'Bledzew');
INSERT INTO `ocpizza`.`address` (`id`, `number`, `address`, `address2`, `postal_code`, `city`) VALUES (610, 6373, 'Amoth', '', '', 'Kyperoúnta');
INSERT INTO `ocpizza`.`address` (`id`, `number`, `address`, `address2`, `postal_code`, `city`) VALUES (611, 1860, 'Moland', '', '', 'Kushovë');
INSERT INTO `ocpizza`.`address` (`id`, `number`, `address`, `address2`, `postal_code`, `city`) VALUES (612, 132, 'Merry', '', '', 'Baiqi');
INSERT INTO `ocpizza`.`address` (`id`, `number`, `address`, `address2`, `postal_code`, `city`) VALUES (613, 202, 'Leroy', '', '', 'Xuanhua');
INSERT INTO `ocpizza`.`address` (`id`, `number`, `address`, `address2`, `postal_code`, `city`) VALUES (614, 3816, 'Crest Line', '', '', 'Rancabuaya');
INSERT INTO `ocpizza`.`address` (`id`, `number`, `address`, `address2`, `postal_code`, `city`) VALUES (615, 6, 'Waxwing', '', 'A91', 'Dunlewy');
INSERT INTO `ocpizza`.`address` (`id`, `number`, `address`, `address2`, `postal_code`, `city`) VALUES (616, 29, 'Sommers', '', '', 'Huagu');
INSERT INTO `ocpizza`.`address` (`id`, `number`, `address`, `address2`, `postal_code`, `city`) VALUES (617, 9094, 'Hansons', '', '', 'Padangan');
INSERT INTO `ocpizza`.`address` (`id`, `number`, `address`, `address2`, `postal_code`, `city`) VALUES (618, 73, 'Johnson', '', 'R2J', 'Kamsack');
INSERT INTO `ocpizza`.`address` (`id`, `number`, `address`, `address2`, `postal_code`, `city`) VALUES (619, 6522, 'Bobwhite', '', '07013', 'San Lucas Tolimán');
INSERT INTO `ocpizza`.`address` (`id`, `number`, `address`, `address2`, `postal_code`, `city`) VALUES (620, 2416, 'La Follette', '', '', 'Hậu Nghĩa');
INSERT INTO `ocpizza`.`address` (`id`, `number`, `address`, `address2`, `postal_code`, `city`) VALUES (621, 24, 'Fisk', '', '', 'Jifarong');
INSERT INTO `ocpizza`.`address` (`id`, `number`, `address`, `address2`, `postal_code`, `city`) VALUES (622, 987, 'Carioca', '', '4676', 'Kristiansand S');
INSERT INTO `ocpizza`.`address` (`id`, `number`, `address`, `address2`, `postal_code`, `city`) VALUES (623, 916, '5th', '', '', 'Pueblo Nuevo');
INSERT INTO `ocpizza`.`address` (`id`, `number`, `address`, `address2`, `postal_code`, `city`) VALUES (624, 03, 'Dapin', '', '49937 CEDEX 9', 'Angers');
INSERT INTO `ocpizza`.`address` (`id`, `number`, `address`, `address2`, `postal_code`, `city`) VALUES (625, 42708, 'Loeprich', '', '95319 CEDEX', 'Cergy-Pontoise');
INSERT INTO `ocpizza`.`address` (`id`, `number`, `address`, `address2`, `postal_code`, `city`) VALUES (626, 02, 'Main', '', '607612', 'Burevestnik');
INSERT INTO `ocpizza`.`address` (`id`, `number`, `address`, `address2`, `postal_code`, `city`) VALUES (627, 7579, 'Knutson', '', '', 'Sāqayn');
INSERT INTO `ocpizza`.`address` (`id`, `number`, `address`, `address2`, `postal_code`, `city`) VALUES (628, 14211, 'Helena', '', '', 'Yanshang');
INSERT INTO `ocpizza`.`address` (`id`, `number`, `address`, `address2`, `postal_code`, `city`) VALUES (629, 20184, 'Westend', '', '671 65', 'Čejkovice');
INSERT INTO `ocpizza`.`address` (`id`, `number`, `address`, `address2`, `postal_code`, `city`) VALUES (630, 9459, 'Center', '', '35351', 'Bhawāna');
INSERT INTO `ocpizza`.`address` (`id`, `number`, `address`, `address2`, `postal_code`, `city`) VALUES (631, 896, 'Canary', '', '26003 CEDEX', 'Valence');
INSERT INTO `ocpizza`.`address` (`id`, `number`, `address`, `address2`, `postal_code`, `city`) VALUES (632, 548, 'Red Cloud', '', '', 'Pomahan');
INSERT INTO `ocpizza`.`address` (`id`, `number`, `address`, `address2`, `postal_code`, `city`) VALUES (633, 6, 'Summerview', '', '', 'Nioki');
INSERT INTO `ocpizza`.`address` (`id`, `number`, `address`, `address2`, `postal_code`, `city`) VALUES (634, 48672, 'Express', '', '16565', 'Erie');
INSERT INTO `ocpizza`.`address` (`id`, `number`, `address`, `address2`, `postal_code`, `city`) VALUES (635, 86, 'Jay', '', '', 'Kamina');
INSERT INTO `ocpizza`.`address` (`id`, `number`, `address`, `address2`, `postal_code`, `city`) VALUES (636, 3360, 'Carberry', '', '', 'Lahat');
INSERT INTO `ocpizza`.`address` (`id`, `number`, `address`, `address2`, `postal_code`, `city`) VALUES (637, 4, 'Cherokee', '', '8702', 'Impalutao');
INSERT INTO `ocpizza`.`address` (`id`, `number`, `address`, `address2`, `postal_code`, `city`) VALUES (638, 87376, 'Rigney', '', '28020', 'Madrid');
INSERT INTO `ocpizza`.`address` (`id`, `number`, `address`, `address2`, `postal_code`, `city`) VALUES (639, 3, 'Elka', '', '', 'Banī an Nahārī');
INSERT INTO `ocpizza`.`address` (`id`, `number`, `address`, `address2`, `postal_code`, `city`) VALUES (640, 4, 'Emmet', '', '9497', 'Triesenberg');
INSERT INTO `ocpizza`.`address` (`id`, `number`, `address`, `address2`, `postal_code`, `city`) VALUES (641, 58861, 'Troy', '', '8316', 'Plottier');
INSERT INTO `ocpizza`.`address` (`id`, `number`, `address`, `address2`, `postal_code`, `city`) VALUES (642, 1187, 'Eliot', '', '8300', 'Neuquén');
INSERT INTO `ocpizza`.`address` (`id`, `number`, `address`, `address2`, `postal_code`, `city`) VALUES (643, 2, 'Mockingbird', '', '12120', 'Khlong Luang');
INSERT INTO `ocpizza`.`address` (`id`, `number`, `address`, `address2`, `postal_code`, `city`) VALUES (644, 56, 'Loeprich', '', '', 'Gjinkar');
INSERT INTO `ocpizza`.`address` (`id`, `number`, `address`, `address2`, `postal_code`, `city`) VALUES (645, 742, 'Dahle', 'Vermont', '', 'Nungwi');
INSERT INTO `ocpizza`.`address` (`id`, `number`, `address`, `address2`, `postal_code`, `city`) VALUES (646, 2351, 'Sherman', 'Jay', '', 'Akouda');
INSERT INTO `ocpizza`.`address` (`id`, `number`, `address`, `address2`, `postal_code`, `city`) VALUES (647, 9440, 'Union', '', '', 'Klatakan');
INSERT INTO `ocpizza`.`address` (`id`, `number`, `address`, `address2`, `postal_code`, `city`) VALUES (648, 71522, 'Kim', '', '4605-431', 'Cruz');
INSERT INTO `ocpizza`.`address` (`id`, `number`, `address`, `address2`, `postal_code`, `city`) VALUES (649, 27143, 'Cardinal', '', '751 22', 'Osek nad Bečvou');
INSERT INTO `ocpizza`.`address` (`id`, `number`, `address`, `address2`, `postal_code`, `city`) VALUES (650, 239, 'Ilene', '', '47700-000', 'Santana');
INSERT INTO `ocpizza`.`address` (`id`, `number`, `address`, `address2`, `postal_code`, `city`) VALUES (651, 9633, 'Eagle Crest', '', '', 'Kalangsari');
INSERT INTO `ocpizza`.`address` (`id`, `number`, `address`, `address2`, `postal_code`, `city`) VALUES (652, 3090, 'Mesta', '', '446600', 'Neftegorsk');
INSERT INTO `ocpizza`.`address` (`id`, `number`, `address`, `address2`, `postal_code`, `city`) VALUES (653, 804, 'Birchwood', '', '5018', 'Cassanayan');
INSERT INTO `ocpizza`.`address` (`id`, `number`, `address`, `address2`, `postal_code`, `city`) VALUES (654, 96208, 'Sachs', '', '', 'Shifo');
INSERT INTO `ocpizza`.`address` (`id`, `number`, `address`, `address2`, `postal_code`, `city`) VALUES (655, 16866, 'Mockingbird', '', '21002', 'San Pedro Pinula');
INSERT INTO `ocpizza`.`address` (`id`, `number`, `address`, `address2`, `postal_code`, `city`) VALUES (656, 46908, 'Manley', '', '2440-341', 'Casal do Relvas');
INSERT INTO `ocpizza`.`address` (`id`, `number`, `address`, `address2`, `postal_code`, `city`) VALUES (657, 3210, 'Dawn', '', '', 'Nanmu');
INSERT INTO `ocpizza`.`address` (`id`, `number`, `address`, `address2`, `postal_code`, `city`) VALUES (658, 7, 'Northland', '', '', 'Zongzhai');
INSERT INTO `ocpizza`.`address` (`id`, `number`, `address`, `address2`, `postal_code`, `city`) VALUES (659, 97, 'Fremont', '', '', 'Stoney Ground');
INSERT INTO `ocpizza`.`address` (`id`, `number`, `address`, `address2`, `postal_code`, `city`) VALUES (660, 28, 'Prairieview', '', '', 'Agkathiá');
INSERT INTO `ocpizza`.`address` (`id`, `number`, `address`, `address2`, `postal_code`, `city`) VALUES (661, 37903, 'Mandrake', '', '', 'Roa');
INSERT INTO `ocpizza`.`address` (`id`, `number`, `address`, `address2`, `postal_code`, `city`) VALUES (662, 17, 'Grayhawk', '', '', 'Xintai');
INSERT INTO `ocpizza`.`address` (`id`, `number`, `address`, `address2`, `postal_code`, `city`) VALUES (663, 640, 'Monterey', '', '', 'Savalou');
INSERT INTO `ocpizza`.`address` (`id`, `number`, `address`, `address2`, `postal_code`, `city`) VALUES (664, 2980, 'Veith', '', '64150', 'Khueang Nai');
INSERT INTO `ocpizza`.`address` (`id`, `number`, `address`, `address2`, `postal_code`, `city`) VALUES (665, 7291, 'Jay', '', '979-1501', 'Tatsuno');
INSERT INTO `ocpizza`.`address` (`id`, `number`, `address`, `address2`, `postal_code`, `city`) VALUES (666, 5, 'Mariners Cove', '', '1270', 'Dolo');
INSERT INTO `ocpizza`.`address` (`id`, `number`, `address`, `address2`, `postal_code`, `city`) VALUES (667, 4, 'Lakeland', '', '', 'Xicheng');
INSERT INTO `ocpizza`.`address` (`id`, `number`, `address`, `address2`, `postal_code`, `city`) VALUES (668, 58, 'Iowa', '', '10105', 'New York City');
INSERT INTO `ocpizza`.`address` (`id`, `number`, `address`, `address2`, `postal_code`, `city`) VALUES (669, 97, 'Sheridan', 'Bonner', '', 'Bolian');
INSERT INTO `ocpizza`.`address` (`id`, `number`, `address`, `address2`, `postal_code`, `city`) VALUES (670, 79664, 'Alpine', '', '', 'Saint George\'s');
INSERT INTO `ocpizza`.`address` (`id`, `number`, `address`, `address2`, `postal_code`, `city`) VALUES (671, 95096, 'Luster', '', '6406', 'Hanggan');
INSERT INTO `ocpizza`.`address` (`id`, `number`, `address`, `address2`, `postal_code`, `city`) VALUES (672, 80, 'Sachtjen', '', '', 'Dubreuil');
INSERT INTO `ocpizza`.`address` (`id`, `number`, `address`, `address2`, `postal_code`, `city`) VALUES (673, 82, 'Northport', '', '2420-316', 'Ferreiros');
INSERT INTO `ocpizza`.`address` (`id`, `number`, `address`, `address2`, `postal_code`, `city`) VALUES (674, 39902, 'Bluestem', '', '', 'Xishaping');
INSERT INTO `ocpizza`.`address` (`id`, `number`, `address`, `address2`, `postal_code`, `city`) VALUES (675, 2613, 'Westport', '', '', 'Sembakung');
INSERT INTO `ocpizza`.`address` (`id`, `number`, `address`, `address2`, `postal_code`, `city`) VALUES (676, 43, 'Michigan', '', '397440', 'Novokhopërsk');
INSERT INTO `ocpizza`.`address` (`id`, `number`, `address`, `address2`, `postal_code`, `city`) VALUES (677, 1, 'Eastlawn', '', '', 'Guohua');
INSERT INTO `ocpizza`.`address` (`id`, `number`, `address`, `address2`, `postal_code`, `city`) VALUES (678, 3, 'Maple Wood', '', '', 'Xilong');
INSERT INTO `ocpizza`.`address` (`id`, `number`, `address`, `address2`, `postal_code`, `city`) VALUES (679, 55, 'Graedel', '', '0162', 'Oslo');
INSERT INTO `ocpizza`.`address` (`id`, `number`, `address`, `address2`, `postal_code`, `city`) VALUES (680, 44, 'Village Green', 'Russell', '', 'Qindu');
INSERT INTO `ocpizza`.`address` (`id`, `number`, `address`, `address2`, `postal_code`, `city`) VALUES (681, 807, 'Jenifer', '', '', 'Fika');
INSERT INTO `ocpizza`.`address` (`id`, `number`, `address`, `address2`, `postal_code`, `city`) VALUES (682, 2640, 'Heffernan', '', '76110', 'Fort Worth');
INSERT INTO `ocpizza`.`address` (`id`, `number`, `address`, `address2`, `postal_code`, `city`) VALUES (683, 2, 'Fordem', '', '', 'Zaoxi');
INSERT INTO `ocpizza`.`address` (`id`, `number`, `address`, `address2`, `postal_code`, `city`) VALUES (684, 51, 'Truax', '', '357005', 'Konëvo');
INSERT INTO `ocpizza`.`address` (`id`, `number`, `address`, `address2`, `postal_code`, `city`) VALUES (685, 6, 'Arapahoe', '', '26209 CEDEX', 'Montélimar');
INSERT INTO `ocpizza`.`address` (`id`, `number`, `address`, `address2`, `postal_code`, `city`) VALUES (686, 660, 'Sundown', '', '338 45', 'Strašice');
INSERT INTO `ocpizza`.`address` (`id`, `number`, `address`, `address2`, `postal_code`, `city`) VALUES (687, 7, 'Lerdahl', '', '62-571', 'Stare Miasto');
INSERT INTO `ocpizza`.`address` (`id`, `number`, `address`, `address2`, `postal_code`, `city`) VALUES (688, 17, 'Fremont', '', '', 'Krajan Puger Wetan');
INSERT INTO `ocpizza`.`address` (`id`, `number`, `address`, `address2`, `postal_code`, `city`) VALUES (689, 3732, 'Derek', '', '', 'Syevyerodonets’k');
INSERT INTO `ocpizza`.`address` (`id`, `number`, `address`, `address2`, `postal_code`, `city`) VALUES (690, 9535, 'Lotheville', '', '', 'Yanggu’ao');
INSERT INTO `ocpizza`.`address` (`id`, `number`, `address`, `address2`, `postal_code`, `city`) VALUES (691, 58, 'Aberg', '', '177089', 'Anserma');
INSERT INTO `ocpizza`.`address` (`id`, `number`, `address`, `address2`, `postal_code`, `city`) VALUES (692, 11, 'Prairieview', '', '', 'San Casimiro');
INSERT INTO `ocpizza`.`address` (`id`, `number`, `address`, `address2`, `postal_code`, `city`) VALUES (693, 7, 'Eggendart', '', '', 'Qumudi');
INSERT INTO `ocpizza`.`address` (`id`, `number`, `address`, `address2`, `postal_code`, `city`) VALUES (694, 2820, 'Texas', '', '', 'El Aïoun');
INSERT INTO `ocpizza`.`address` (`id`, `number`, `address`, `address2`, `postal_code`, `city`) VALUES (695, 875, 'Forest', '', '6545', 'Kawayan');
INSERT INTO `ocpizza`.`address` (`id`, `number`, `address`, `address2`, `postal_code`, `city`) VALUES (696, 1, 'Pleasure', '', '', 'Bulakan');
INSERT INTO `ocpizza`.`address` (`id`, `number`, `address`, `address2`, `postal_code`, `city`) VALUES (697, 4, 'Farragut', '', '353421', 'Vityazevo');
INSERT INTO `ocpizza`.`address` (`id`, `number`, `address`, `address2`, `postal_code`, `city`) VALUES (698, 3, 'Johnson', '', '363611', 'Kardzhin');
INSERT INTO `ocpizza`.`address` (`id`, `number`, `address`, `address2`, `postal_code`, `city`) VALUES (699, 0, 'Bashford', '', '65268-000', 'Cururupu');
INSERT INTO `ocpizza`.`address` (`id`, `number`, `address`, `address2`, `postal_code`, `city`) VALUES (700, 06818, 'Manitowish', '', '461990', 'Smyshlyayevka');
INSERT INTO `ocpizza`.`address` (`id`, `number`, `address`, `address2`, `postal_code`, `city`) VALUES (701, 57576, 'Leroy', '', '169205', 'Yemva');
INSERT INTO `ocpizza`.`address` (`id`, `number`, `address`, `address2`, `postal_code`, `city`) VALUES (702, 1, 'Forest', '', '', 'Dongxin');
INSERT INTO `ocpizza`.`address` (`id`, `number`, `address`, `address2`, `postal_code`, `city`) VALUES (703, 73047, 'Petterle', '', '4158', 'La Calera');
INSERT INTO `ocpizza`.`address` (`id`, `number`, `address`, `address2`, `postal_code`, `city`) VALUES (704, 4, 'Raven', '', '', 'Xiaochi');
INSERT INTO `ocpizza`.`address` (`id`, `number`, `address`, `address2`, `postal_code`, `city`) VALUES (705, 61342, 'Pine View', '', '', 'Thanh Chương');
INSERT INTO `ocpizza`.`address` (`id`, `number`, `address`, `address2`, `postal_code`, `city`) VALUES (706, 46, 'Bunker Hill', '', '', 'Yangcun');
INSERT INTO `ocpizza`.`address` (`id`, `number`, `address`, `address2`, `postal_code`, `city`) VALUES (707, 070, 'Aberg', 'Menomonie', '', 'Bokor');
INSERT INTO `ocpizza`.`address` (`id`, `number`, `address`, `address2`, `postal_code`, `city`) VALUES (708, 71, 'Waubesa', '', 'J7J', 'Blainville');
INSERT INTO `ocpizza`.`address` (`id`, `number`, `address`, `address2`, `postal_code`, `city`) VALUES (709, 95, 'Golf View', '', '', 'Xintaimen');
INSERT INTO `ocpizza`.`address` (`id`, `number`, `address`, `address2`, `postal_code`, `city`) VALUES (710, 9, 'Petterle', '', '', 'Mazha');
INSERT INTO `ocpizza`.`address` (`id`, `number`, `address`, `address2`, `postal_code`, `city`) VALUES (711, 454, 'Express', '', '30240', 'Ban Huai Thalaeng');
INSERT INTO `ocpizza`.`address` (`id`, `number`, `address`, `address2`, `postal_code`, `city`) VALUES (712, 7352, 'Macpherson', '', '', 'Shangping');
INSERT INTO `ocpizza`.`address` (`id`, `number`, `address`, `address2`, `postal_code`, `city`) VALUES (713, 977, 'Forest Run', '', '', 'Ganja');
INSERT INTO `ocpizza`.`address` (`id`, `number`, `address`, `address2`, `postal_code`, `city`) VALUES (714, 7766, 'Darwin', '', '739 94', 'Třinec');
INSERT INTO `ocpizza`.`address` (`id`, `number`, `address`, `address2`, `postal_code`, `city`) VALUES (715, 8, 'Cherokee', '', '', 'Cisitu');
INSERT INTO `ocpizza`.`address` (`id`, `number`, `address`, `address2`, `postal_code`, `city`) VALUES (716, 4, 'La Follette', '', '455051', 'Magnitogorsk');
INSERT INTO `ocpizza`.`address` (`id`, `number`, `address`, `address2`, `postal_code`, `city`) VALUES (717, 5119, 'American Ash', '', '440 01', 'Dobroměřice');
INSERT INTO `ocpizza`.`address` (`id`, `number`, `address`, `address2`, `postal_code`, `city`) VALUES (718, 52747, 'Stang', '', '68625-000', 'Paragominas');
INSERT INTO `ocpizza`.`address` (`id`, `number`, `address`, `address2`, `postal_code`, `city`) VALUES (719, 345, 'Cottonwood', '', '4970-585', 'Portela');
INSERT INTO `ocpizza`.`address` (`id`, `number`, `address`, `address2`, `postal_code`, `city`) VALUES (720, 245, 'Briar Crest', '', '613155', 'Slobodskoy');
INSERT INTO `ocpizza`.`address` (`id`, `number`, `address`, `address2`, `postal_code`, `city`) VALUES (721, 6, 'Ludington', '', '', 'Tipitapa');
INSERT INTO `ocpizza`.`address` (`id`, `number`, `address`, `address2`, `postal_code`, `city`) VALUES (722, 4734, 'Donald', '', '', 'Hariang');
INSERT INTO `ocpizza`.`address` (`id`, `number`, `address`, `address2`, `postal_code`, `city`) VALUES (723, 3, 'Dryden', '', '45810-000', 'Porto Seguro');
INSERT INTO `ocpizza`.`address` (`id`, `number`, `address`, `address2`, `postal_code`, `city`) VALUES (724, 9528, 'Vahlen', '', '', 'Ngasinan');
INSERT INTO `ocpizza`.`address` (`id`, `number`, `address`, `address2`, `postal_code`, `city`) VALUES (725, 2, 'Atwood', '', '', 'Krajan');
INSERT INTO `ocpizza`.`address` (`id`, `number`, `address`, `address2`, `postal_code`, `city`) VALUES (726, 6, 'Ramsey', '', '', 'Tân Sơn');
INSERT INTO `ocpizza`.`address` (`id`, `number`, `address`, `address2`, `postal_code`, `city`) VALUES (727, 22, 'Nova', '', '', 'Zhangping');
INSERT INTO `ocpizza`.`address` (`id`, `number`, `address`, `address2`, `postal_code`, `city`) VALUES (728, 9, 'Drewry', '', '27443', 'Benito Juarez');
INSERT INTO `ocpizza`.`address` (`id`, `number`, `address`, `address2`, `postal_code`, `city`) VALUES (729, 74, 'Eagan', '', '2580-128', 'Atouguia');
INSERT INTO `ocpizza`.`address` (`id`, `number`, `address`, `address2`, `postal_code`, `city`) VALUES (730, 057, 'Bonner', 'North', '33715', 'Saint Petersburg');
INSERT INTO `ocpizza`.`address` (`id`, `number`, `address`, `address2`, `postal_code`, `city`) VALUES (731, 3952, 'Dixon', '', '', 'Mahe');
INSERT INTO `ocpizza`.`address` (`id`, `number`, `address`, `address2`, `postal_code`, `city`) VALUES (732, 4, 'Moulton', '', '254 62', 'Helsingborg');
INSERT INTO `ocpizza`.`address` (`id`, `number`, `address`, `address2`, `postal_code`, `city`) VALUES (733, 35, 'Oriole', 'Heath', '', 'Tualeu');
INSERT INTO `ocpizza`.`address` (`id`, `number`, `address`, `address2`, `postal_code`, `city`) VALUES (734, 78182, 'Sherman', '', '700-0904', 'Ushibuka');
INSERT INTO `ocpizza`.`address` (`id`, `number`, `address`, `address2`, `postal_code`, `city`) VALUES (735, 87143, 'Superior', '', '', 'Orange Walk');
INSERT INTO `ocpizza`.`address` (`id`, `number`, `address`, `address2`, `postal_code`, `city`) VALUES (736, 77, 'Oakridge', '', '', 'Pucangkrajan');
INSERT INTO `ocpizza`.`address` (`id`, `number`, `address`, `address2`, `postal_code`, `city`) VALUES (737, 746, 'Pierstorff', '', '', 'Kidodi');
INSERT INTO `ocpizza`.`address` (`id`, `number`, `address`, `address2`, `postal_code`, `city`) VALUES (738, 6499, 'Northridge', '', '', 'Gaogu');
INSERT INTO `ocpizza`.`address` (`id`, `number`, `address`, `address2`, `postal_code`, `city`) VALUES (739, 0968, 'Delaware', '', '', 'Gelap');
INSERT INTO `ocpizza`.`address` (`id`, `number`, `address`, `address2`, `postal_code`, `city`) VALUES (740, 1, 'Hollow Ridge', '', '7947', 'Pleasant Point');
INSERT INTO `ocpizza`.`address` (`id`, `number`, `address`, `address2`, `postal_code`, `city`) VALUES (741, 971, 'Dexter', '', '43161', 'San Jose');
INSERT INTO `ocpizza`.`address` (`id`, `number`, `address`, `address2`, `postal_code`, `city`) VALUES (742, 8, 'High Crossing', '', '', 'Kalapadua');
INSERT INTO `ocpizza`.`address` (`id`, `number`, `address`, `address2`, `postal_code`, `city`) VALUES (743, 03, 'Paget', '', '959-1146', 'Sanjō');
INSERT INTO `ocpizza`.`address` (`id`, `number`, `address`, `address2`, `postal_code`, `city`) VALUES (744, 90, 'Montana', '', '990-0054', 'Muikamachi');
INSERT INTO `ocpizza`.`address` (`id`, `number`, `address`, `address2`, `postal_code`, `city`) VALUES (745, 41, 'Stang', '', '20575', 'Washington');
INSERT INTO `ocpizza`.`address` (`id`, `number`, `address`, `address2`, `postal_code`, `city`) VALUES (746, 538, 'Melby', '', '', 'Youkounkoun');
INSERT INTO `ocpizza`.`address` (`id`, `number`, `address`, `address2`, `postal_code`, `city`) VALUES (747, 63800, 'Rowland', 'Calypso', '242315', 'Lokot’');
INSERT INTO `ocpizza`.`address` (`id`, `number`, `address`, `address2`, `postal_code`, `city`) VALUES (748, 09569, 'East', '', '25071 CEDEX 9', 'Besançon');
INSERT INTO `ocpizza`.`address` (`id`, `number`, `address`, `address2`, `postal_code`, `city`) VALUES (749, 91, 'Doe Crossing', '', '45999', 'Cincinnati');
INSERT INTO `ocpizza`.`address` (`id`, `number`, `address`, `address2`, `postal_code`, `city`) VALUES (750, 2637, 'Fremont', '', '7320-105', 'Castelo de Vide');
INSERT INTO `ocpizza`.`address` (`id`, `number`, `address`, `address2`, `postal_code`, `city`) VALUES (751, 40, 'Granby', '', '', 'Letlhakane');
INSERT INTO `ocpizza`.`address` (`id`, `number`, `address`, `address2`, `postal_code`, `city`) VALUES (752, 90778, 'Meadow Valley', '', '63-460', 'Nowe Skalmierzyce');
INSERT INTO `ocpizza`.`address` (`id`, `number`, `address`, `address2`, `postal_code`, `city`) VALUES (753, 04553, 'Talisman', 'Monterey', '353490', 'Divnomorskoye');
INSERT INTO `ocpizza`.`address` (`id`, `number`, `address`, `address2`, `postal_code`, `city`) VALUES (754, 44, 'Nova', '', '', 'Shuozhou');
INSERT INTO `ocpizza`.`address` (`id`, `number`, `address`, `address2`, `postal_code`, `city`) VALUES (755, 35, 'Southridge', '', '787 01', 'Šumperk');
INSERT INTO `ocpizza`.`address` (`id`, `number`, `address`, `address2`, `postal_code`, `city`) VALUES (756, 1921, 'Hintze', '', '152000', 'Berendeyevo');
INSERT INTO `ocpizza`.`address` (`id`, `number`, `address`, `address2`, `postal_code`, `city`) VALUES (757, 8, 'Westport', '', '7100-150', 'Monte da Boavista');
INSERT INTO `ocpizza`.`address` (`id`, `number`, `address`, `address2`, `postal_code`, `city`) VALUES (758, 40297, 'Anniversary', '', '', 'Vallegrande');
INSERT INTO `ocpizza`.`address` (`id`, `number`, `address`, `address2`, `postal_code`, `city`) VALUES (759, 14428, 'Village Green', '', '', 'Qiangqinxue');
INSERT INTO `ocpizza`.`address` (`id`, `number`, `address`, `address2`, `postal_code`, `city`) VALUES (760, 958, 'Scofield', '', '', 'Jiaqu');
INSERT INTO `ocpizza`.`address` (`id`, `number`, `address`, `address2`, `postal_code`, `city`) VALUES (761, 00179, 'Marcy', '', '', 'Pasuruan');
INSERT INTO `ocpizza`.`address` (`id`, `number`, `address`, `address2`, `postal_code`, `city`) VALUES (762, 4169, 'Linden', '', '', 'Tiadiaye');
INSERT INTO `ocpizza`.`address` (`id`, `number`, `address`, `address2`, `postal_code`, `city`) VALUES (763, 22318, 'La Follette', '', '303320', 'Zmiyëvka');
INSERT INTO `ocpizza`.`address` (`id`, `number`, `address`, `address2`, `postal_code`, `city`) VALUES (764, 766, 'Ramsey', '', '', 'Maintirano');
INSERT INTO `ocpizza`.`address` (`id`, `number`, `address`, `address2`, `postal_code`, `city`) VALUES (765, 8, 'Hoffman', '', '', 'La Floresta');
INSERT INTO `ocpizza`.`address` (`id`, `number`, `address`, `address2`, `postal_code`, `city`) VALUES (766, 4, 'Eagan', 'Sycamore', '14300', 'Renko');
INSERT INTO `ocpizza`.`address` (`id`, `number`, `address`, `address2`, `postal_code`, `city`) VALUES (767, 27, 'Esch', '', 'KCM', 'Kerċem');
INSERT INTO `ocpizza`.`address` (`id`, `number`, `address`, `address2`, `postal_code`, `city`) VALUES (768, 11, 'Elka', '', '456660', 'Miasskoye');
INSERT INTO `ocpizza`.`address` (`id`, `number`, `address`, `address2`, `postal_code`, `city`) VALUES (769, 3, 'Riverside', '', '5039', 'San Rafael');
INSERT INTO `ocpizza`.`address` (`id`, `number`, `address`, `address2`, `postal_code`, `city`) VALUES (770, 017, 'West', '', '', 'Quillo');
INSERT INTO `ocpizza`.`address` (`id`, `number`, `address`, `address2`, `postal_code`, `city`) VALUES (771, 541, 'Pleasure', '', '36400-000', 'Conselheiro Lafaiete');
INSERT INTO `ocpizza`.`address` (`id`, `number`, `address`, `address2`, `postal_code`, `city`) VALUES (772, 9183, 'Grover', '', '', 'Butere');
INSERT INTO `ocpizza`.`address` (`id`, `number`, `address`, `address2`, `postal_code`, `city`) VALUES (773, 09, 'Corben', '', '', 'Situ');
INSERT INTO `ocpizza`.`address` (`id`, `number`, `address`, `address2`, `postal_code`, `city`) VALUES (774, 2, 'Sachtjen', '', '38900-000', 'Bambuí');
INSERT INTO `ocpizza`.`address` (`id`, `number`, `address`, `address2`, `postal_code`, `city`) VALUES (775, 4305, 'Mayfield', '', '', 'Abū Tīj');
INSERT INTO `ocpizza`.`address` (`id`, `number`, `address`, `address2`, `postal_code`, `city`) VALUES (776, 6, '2nd', '', '', 'Nanshi');
INSERT INTO `ocpizza`.`address` (`id`, `number`, `address`, `address2`, `postal_code`, `city`) VALUES (777, 1567, 'Dakota', '', '', 'Korniyivka');
INSERT INTO `ocpizza`.`address` (`id`, `number`, `address`, `address2`, `postal_code`, `city`) VALUES (778, 88, 'Hermina', '', '606657', 'Semënov');
INSERT INTO `ocpizza`.`address` (`id`, `number`, `address`, `address2`, `postal_code`, `city`) VALUES (779, 7, 'Green Ridge', '', '39051', 'Nārang');
INSERT INTO `ocpizza`.`address` (`id`, `number`, `address`, `address2`, `postal_code`, `city`) VALUES (780, 538, 'Hazelcrest', '', '', 'Rohia');
INSERT INTO `ocpizza`.`address` (`id`, `number`, `address`, `address2`, `postal_code`, `city`) VALUES (781, 62, 'Lake View', '', '892-0873', 'Kagoshima-shi');
INSERT INTO `ocpizza`.`address` (`id`, `number`, `address`, `address2`, `postal_code`, `city`) VALUES (782, 8250, 'Linden', '', '', 'Yong’an');
INSERT INTO `ocpizza`.`address` (`id`, `number`, `address`, `address2`, `postal_code`, `city`) VALUES (783, 9, 'Gina', '', '', 'Tangnan');
INSERT INTO `ocpizza`.`address` (`id`, `number`, `address`, `address2`, `postal_code`, `city`) VALUES (784, 4664, 'Steensland', '', '44159 CEDEX', 'Ancenis');
INSERT INTO `ocpizza`.`address` (`id`, `number`, `address`, `address2`, `postal_code`, `city`) VALUES (785, 135, 'Arrowood', '', '', 'Xihe');
INSERT INTO `ocpizza`.`address` (`id`, `number`, `address`, `address2`, `postal_code`, `city`) VALUES (786, 0, 'Sloan', '', '88540', 'Kota Kinabalu');
INSERT INTO `ocpizza`.`address` (`id`, `number`, `address`, `address2`, `postal_code`, `city`) VALUES (787, 7, 'Carioca', '', '', 'Baiyin');
INSERT INTO `ocpizza`.`address` (`id`, `number`, `address`, `address2`, `postal_code`, `city`) VALUES (788, 74, 'Mallard', '', '1720', 'Tagum');
INSERT INTO `ocpizza`.`address` (`id`, `number`, `address`, `address2`, `postal_code`, `city`) VALUES (789, 039, 'Red Cloud', '', '', 'Binzhou');
INSERT INTO `ocpizza`.`address` (`id`, `number`, `address`, `address2`, `postal_code`, `city`) VALUES (790, 6, 'Stone Corner', '', '47307', 'Petaling Jaya');
INSERT INTO `ocpizza`.`address` (`id`, `number`, `address`, `address2`, `postal_code`, `city`) VALUES (791, 17, 'Westridge', '', '', 'Reitoca');
INSERT INTO `ocpizza`.`address` (`id`, `number`, `address`, `address2`, `postal_code`, `city`) VALUES (792, 7, 'Forest', '', '302525', 'Staryy Togul');
INSERT INTO `ocpizza`.`address` (`id`, `number`, `address`, `address2`, `postal_code`, `city`) VALUES (793, 17, 'Northport', '', '', 'Gujiang');
INSERT INTO `ocpizza`.`address` (`id`, `number`, `address`, `address2`, `postal_code`, `city`) VALUES (794, 38884, 'Waywood', '', '93094', 'Simi Valley');
INSERT INTO `ocpizza`.`address` (`id`, `number`, `address`, `address2`, `postal_code`, `city`) VALUES (795, 491, 'Spenser', '', '', 'Zhushan');
INSERT INTO `ocpizza`.`address` (`id`, `number`, `address`, `address2`, `postal_code`, `city`) VALUES (796, 0, 'Riverside', '', '', 'Duut');
INSERT INTO `ocpizza`.`address` (`id`, `number`, `address`, `address2`, `postal_code`, `city`) VALUES (797, 89, 'Dennis', '', '3870-207', 'Pardelhas');
INSERT INTO `ocpizza`.`address` (`id`, `number`, `address`, `address2`, `postal_code`, `city`) VALUES (798, 9, 'Canary', '', '', 'Yinchuan');
INSERT INTO `ocpizza`.`address` (`id`, `number`, `address`, `address2`, `postal_code`, `city`) VALUES (799, 0, 'Hoard', 'Merrick', '07404 CEDEX', 'Le Teil');
INSERT INTO `ocpizza`.`address` (`id`, `number`, `address`, `address2`, `postal_code`, `city`) VALUES (800, 0, 'Beilfuss', '', '', 'Megalochórion');
INSERT INTO `ocpizza`.`address` (`id`, `number`, `address`, `address2`, `postal_code`, `city`) VALUES (801, 949, 'Sunnyside', '', '5712', 'Pandan');
INSERT INTO `ocpizza`.`address` (`id`, `number`, `address`, `address2`, `postal_code`, `city`) VALUES (802, 1292, 'Westend', '', '99750', 'Magisterial');
INSERT INTO `ocpizza`.`address` (`id`, `number`, `address`, `address2`, `postal_code`, `city`) VALUES (803, 41, 'Roxbury', '', '', 'Kradinan');
INSERT INTO `ocpizza`.`address` (`id`, `number`, `address`, `address2`, `postal_code`, `city`) VALUES (804, 2982, 'Hallows', '', '507 13', 'Železnice');
INSERT INTO `ocpizza`.`address` (`id`, `number`, `address`, `address2`, `postal_code`, `city`) VALUES (805, 08, 'Gateway', '', '', 'Cisewu');
INSERT INTO `ocpizza`.`address` (`id`, `number`, `address`, `address2`, `postal_code`, `city`) VALUES (806, 325, 'Pierstorff', '', '', 'Tomohon');
INSERT INTO `ocpizza`.`address` (`id`, `number`, `address`, `address2`, `postal_code`, `city`) VALUES (807, 319, 'Parkside', '', '', 'Borūjen');
INSERT INTO `ocpizza`.`address` (`id`, `number`, `address`, `address2`, `postal_code`, `city`) VALUES (808, 680, 'Kingsford', '', '', 'Nguken');
INSERT INTO `ocpizza`.`address` (`id`, `number`, `address`, `address2`, `postal_code`, `city`) VALUES (809, 970, 'Arizona', '', '49560', 'Grand Rapids');
INSERT INTO `ocpizza`.`address` (`id`, `number`, `address`, `address2`, `postal_code`, `city`) VALUES (810, 07, 'Gateway', '', '', 'Hongxing');
INSERT INTO `ocpizza`.`address` (`id`, `number`, `address`, `address2`, `postal_code`, `city`) VALUES (811, 92387, 'Golden Leaf', '', '', 'Nanshe');
INSERT INTO `ocpizza`.`address` (`id`, `number`, `address`, `address2`, `postal_code`, `city`) VALUES (812, 4250, 'Moland', '', '', 'Jinchang');
INSERT INTO `ocpizza`.`address` (`id`, `number`, `address`, `address2`, `postal_code`, `city`) VALUES (813, 76, 'Dorton', '', '', 'Kunwi');
INSERT INTO `ocpizza`.`address` (`id`, `number`, `address`, `address2`, `postal_code`, `city`) VALUES (814, 4, 'North', '', '', 'Lima Pampa');
INSERT INTO `ocpizza`.`address` (`id`, `number`, `address`, `address2`, `postal_code`, `city`) VALUES (815, 0, 'Sundown', '', '6700', 'Takub');
INSERT INTO `ocpizza`.`address` (`id`, `number`, `address`, `address2`, `postal_code`, `city`) VALUES (816, 8670, 'Monica', '', '', 'Logung');
INSERT INTO `ocpizza`.`address` (`id`, `number`, `address`, `address2`, `postal_code`, `city`) VALUES (817, 50, 'Trailsway', '', '', 'Bulag');
INSERT INTO `ocpizza`.`address` (`id`, `number`, `address`, `address2`, `postal_code`, `city`) VALUES (818, 4056, 'Sunbrook', '', '7412', 'Siasi');
INSERT INTO `ocpizza`.`address` (`id`, `number`, `address`, `address2`, `postal_code`, `city`) VALUES (819, 2, 'Pond', '', '', 'Dongtundu');
INSERT INTO `ocpizza`.`address` (`id`, `number`, `address`, `address2`, `postal_code`, `city`) VALUES (820, 5938, 'Mallory', 'Becker', '', 'Wates');
INSERT INTO `ocpizza`.`address` (`id`, `number`, `address`, `address2`, `postal_code`, `city`) VALUES (821, 46573, 'Northfield', '', '386 35', 'Färjestaden');
INSERT INTO `ocpizza`.`address` (`id`, `number`, `address`, `address2`, `postal_code`, `city`) VALUES (822, 65, 'Arkansas', '', '613155', 'Slobodskoy');
INSERT INTO `ocpizza`.`address` (`id`, `number`, `address`, `address2`, `postal_code`, `city`) VALUES (823, 342, 'Loeprich', '', '', 'Baishi');
INSERT INTO `ocpizza`.`address` (`id`, `number`, `address`, `address2`, `postal_code`, `city`) VALUES (824, 03130, 'Northland', '', '', 'Tekeli');
INSERT INTO `ocpizza`.`address` (`id`, `number`, `address`, `address2`, `postal_code`, `city`) VALUES (825, 824, 'Scoville', '', '188667', 'Toksovo');
INSERT INTO `ocpizza`.`address` (`id`, `number`, `address`, `address2`, `postal_code`, `city`) VALUES (826, 86904, 'Merchant', '', '50943', 'Kuala Lumpur');
INSERT INTO `ocpizza`.`address` (`id`, `number`, `address`, `address2`, `postal_code`, `city`) VALUES (827, 010, 'Vera', '', '6116', 'Imbang');
INSERT INTO `ocpizza`.`address` (`id`, `number`, `address`, `address2`, `postal_code`, `city`) VALUES (828, 046, 'Gateway', '', '', 'Daping');
INSERT INTO `ocpizza`.`address` (`id`, `number`, `address`, `address2`, `postal_code`, `city`) VALUES (829, 22, 'Knutson', '', '', 'Darma');
INSERT INTO `ocpizza`.`address` (`id`, `number`, `address`, `address2`, `postal_code`, `city`) VALUES (830, 0544, 'Hoffman', '', '', 'Nianba');
INSERT INTO `ocpizza`.`address` (`id`, `number`, `address`, `address2`, `postal_code`, `city`) VALUES (831, 069, 'Fulton', '', '44194 CEDEX', 'Clisson');
INSERT INTO `ocpizza`.`address` (`id`, `number`, `address`, `address2`, `postal_code`, `city`) VALUES (832, 16, 'Utah', '', '8508', 'La Paz');
INSERT INTO `ocpizza`.`address` (`id`, `number`, `address`, `address2`, `postal_code`, `city`) VALUES (833, 04, 'Debra', '', '63-460', 'Nowe Skalmierzyce');
INSERT INTO `ocpizza`.`address` (`id`, `number`, `address`, `address2`, `postal_code`, `city`) VALUES (834, 1969, 'Cambridge', '', '78181 CEDEX', 'Saint-Quentin-en-Yvelines');
INSERT INTO `ocpizza`.`address` (`id`, `number`, `address`, `address2`, `postal_code`, `city`) VALUES (835, 24275, 'Oak Valley', '', '215723', 'Yakovlevo');
INSERT INTO `ocpizza`.`address` (`id`, `number`, `address`, `address2`, `postal_code`, `city`) VALUES (836, 06801, 'Everett', '', '1040', 'Butel');
INSERT INTO `ocpizza`.`address` (`id`, `number`, `address`, `address2`, `postal_code`, `city`) VALUES (837, 08976, 'Norway Maple', '', '8328', 'Allen');
INSERT INTO `ocpizza`.`address` (`id`, `number`, `address`, `address2`, `postal_code`, `city`) VALUES (838, 939, 'Debra', '', '', 'Hechuan');
INSERT INTO `ocpizza`.`address` (`id`, `number`, `address`, `address2`, `postal_code`, `city`) VALUES (839, 1929, 'Dennis', '', '1239', 'Budapest');
INSERT INTO `ocpizza`.`address` (`id`, `number`, `address`, `address2`, `postal_code`, `city`) VALUES (840, 06875, 'Sugar', '', '', 'Concordia');
INSERT INTO `ocpizza`.`address` (`id`, `number`, `address`, `address2`, `postal_code`, `city`) VALUES (841, 228, 'Dennis', '', '', 'Hugang');
INSERT INTO `ocpizza`.`address` (`id`, `number`, `address`, `address2`, `postal_code`, `city`) VALUES (842, 83986, 'Sachs', '', '187742', 'Vazhiny');
INSERT INTO `ocpizza`.`address` (`id`, `number`, `address`, `address2`, `postal_code`, `city`) VALUES (843, 9, 'Colorado', '', '', 'Bubullimë');
INSERT INTO `ocpizza`.`address` (`id`, `number`, `address`, `address2`, `postal_code`, `city`) VALUES (844, 19959, 'Bultman', '', '', 'Kafir Qala');
INSERT INTO `ocpizza`.`address` (`id`, `number`, `address`, `address2`, `postal_code`, `city`) VALUES (845, 6240, 'Paget', '', '', 'Dawu');
INSERT INTO `ocpizza`.`address` (`id`, `number`, `address`, `address2`, `postal_code`, `city`) VALUES (846, 9059, 'Rusk', '', '', 'Jinguoping');
INSERT INTO `ocpizza`.`address` (`id`, `number`, `address`, `address2`, `postal_code`, `city`) VALUES (847, 214, 'Johnson', '', '', 'Tireman Timur');
INSERT INTO `ocpizza`.`address` (`id`, `number`, `address`, `address2`, `postal_code`, `city`) VALUES (848, 5406, 'Sugar', '', '', 'Heze');
INSERT INTO `ocpizza`.`address` (`id`, `number`, `address`, `address2`, `postal_code`, `city`) VALUES (849, 793, 'Lakeland', 'Eggendart', '', 'Gandiaye');
INSERT INTO `ocpizza`.`address` (`id`, `number`, `address`, `address2`, `postal_code`, `city`) VALUES (850, 376, 'Bellgrove', '', '32225', 'Bobota');
INSERT INTO `ocpizza`.`address` (`id`, `number`, `address`, `address2`, `postal_code`, `city`) VALUES (851, 57615, 'Hauk', '', '624287', 'Malysheva');
INSERT INTO `ocpizza`.`address` (`id`, `number`, `address`, `address2`, `postal_code`, `city`) VALUES (852, 1005, 'Judy', '', '', 'Baiyushan');
INSERT INTO `ocpizza`.`address` (`id`, `number`, `address`, `address2`, `postal_code`, `city`) VALUES (853, 79, '6th', '', '4990-690', 'Cachadinha');
INSERT INTO `ocpizza`.`address` (`id`, `number`, `address`, `address2`, `postal_code`, `city`) VALUES (854, 8834, 'Messerschmidt', '', '', 'Berat');
INSERT INTO `ocpizza`.`address` (`id`, `number`, `address`, `address2`, `postal_code`, `city`) VALUES (855, 971, 'Valley Edge', '', '933 82', 'Arvidsjaur');
INSERT INTO `ocpizza`.`address` (`id`, `number`, `address`, `address2`, `postal_code`, `city`) VALUES (856, 8308, 'Merrick', '', '', 'Falāvarjān');
INSERT INTO `ocpizza`.`address` (`id`, `number`, `address`, `address2`, `postal_code`, `city`) VALUES (857, 4332, 'Glendale', '', '64185 CEDEX', 'Bayonne');
INSERT INTO `ocpizza`.`address` (`id`, `number`, `address`, `address2`, `postal_code`, `city`) VALUES (858, 35, 'Hanover', '', '', 'Hualgayoc');
INSERT INTO `ocpizza`.`address` (`id`, `number`, `address`, `address2`, `postal_code`, `city`) VALUES (859, 06349, 'Elgar', '', '', 'Mollebamba');
INSERT INTO `ocpizza`.`address` (`id`, `number`, `address`, `address2`, `postal_code`, `city`) VALUES (860, 3, 'Glacier Hill', '', '', 'Tabasalu');
INSERT INTO `ocpizza`.`address` (`id`, `number`, `address`, `address2`, `postal_code`, `city`) VALUES (861, 251, 'Macpherson', '', '253608', 'San Francisco');
INSERT INTO `ocpizza`.`address` (`id`, `number`, `address`, `address2`, `postal_code`, `city`) VALUES (862, 46351, 'Cardinal', '', '', 'Pingyang');
INSERT INTO `ocpizza`.`address` (`id`, `number`, `address`, `address2`, `postal_code`, `city`) VALUES (863, 898, 'Saint Paul', '', '2422', 'Talospatang');
INSERT INTO `ocpizza`.`address` (`id`, `number`, `address`, `address2`, `postal_code`, `city`) VALUES (864, 2621, 'American', '', 'V9L', 'North Cowichan');
INSERT INTO `ocpizza`.`address` (`id`, `number`, `address`, `address2`, `postal_code`, `city`) VALUES (865, 33167, 'Birchwood', '', '', 'Erba');
INSERT INTO `ocpizza`.`address` (`id`, `number`, `address`, `address2`, `postal_code`, `city`) VALUES (866, 97, 'Hallows', '', '32128', 'Daytona Beach');
INSERT INTO `ocpizza`.`address` (`id`, `number`, `address`, `address2`, `postal_code`, `city`) VALUES (867, 00502, 'International', '', '', 'Meniko');
INSERT INTO `ocpizza`.`address` (`id`, `number`, `address`, `address2`, `postal_code`, `city`) VALUES (868, 0, 'Kinsman', '', '', 'Diaowei');
INSERT INTO `ocpizza`.`address` (`id`, `number`, `address`, `address2`, `postal_code`, `city`) VALUES (869, 7631, 'West', '', '', 'Rongwo');
INSERT INTO `ocpizza`.`address` (`id`, `number`, `address`, `address2`, `postal_code`, `city`) VALUES (870, 7, 'Novick', '', '', 'Sopla');
INSERT INTO `ocpizza`.`address` (`id`, `number`, `address`, `address2`, `postal_code`, `city`) VALUES (871, 51654, 'Aberg', '', '13024', 'San Antonio Huista');
INSERT INTO `ocpizza`.`address` (`id`, `number`, `address`, `address2`, `postal_code`, `city`) VALUES (872, 552, 'Havey', '', '9210', 'Phultala');
INSERT INTO `ocpizza`.`address` (`id`, `number`, `address`, `address2`, `postal_code`, `city`) VALUES (873, 52, 'Northridge', '', '', 'Maba');
INSERT INTO `ocpizza`.`address` (`id`, `number`, `address`, `address2`, `postal_code`, `city`) VALUES (874, 3, 'Glacier Hill', '', 'J8Y', 'Ottawa');
INSERT INTO `ocpizza`.`address` (`id`, `number`, `address`, `address2`, `postal_code`, `city`) VALUES (875, 87, 'Riverside', '', '', 'Pandanwangi');
INSERT INTO `ocpizza`.`address` (`id`, `number`, `address`, `address2`, `postal_code`, `city`) VALUES (876, 4, 'Hoffman', '', '', 'Heshi');
INSERT INTO `ocpizza`.`address` (`id`, `number`, `address`, `address2`, `postal_code`, `city`) VALUES (877, 731, 'Village', '', '8418', 'Libas');
INSERT INTO `ocpizza`.`address` (`id`, `number`, `address`, `address2`, `postal_code`, `city`) VALUES (878, 28478, 'Melrose', '', '', 'Luojiang');
INSERT INTO `ocpizza`.`address` (`id`, `number`, `address`, `address2`, `postal_code`, `city`) VALUES (879, 20, 'School', '', '', 'Yanghu');
INSERT INTO `ocpizza`.`address` (`id`, `number`, `address`, `address2`, `postal_code`, `city`) VALUES (880, 4, 'Esch', '', '69685-000', 'Tonantins');
INSERT INTO `ocpizza`.`address` (`id`, `number`, `address`, `address2`, `postal_code`, `city`) VALUES (881, 11279, 'Emmet', '', '', 'Balun');
INSERT INTO `ocpizza`.`address` (`id`, `number`, `address`, `address2`, `postal_code`, `city`) VALUES (882, 02, 'Loftsgordon', '', '', 'Loga');
INSERT INTO `ocpizza`.`address` (`id`, `number`, `address`, `address2`, `postal_code`, `city`) VALUES (883, 564, 'Forest Run', '', '', 'Naj‘ Ḩammādī');
INSERT INTO `ocpizza`.`address` (`id`, `number`, `address`, `address2`, `postal_code`, `city`) VALUES (884, 16, 'Ilene', '', '666', 'Eystur');
INSERT INTO `ocpizza`.`address` (`id`, `number`, `address`, `address2`, `postal_code`, `city`) VALUES (885, 49, 'Merrick', '', '701 43', 'Örebro');
INSERT INTO `ocpizza`.`address` (`id`, `number`, `address`, `address2`, `postal_code`, `city`) VALUES (886, 8600, 'Jenna', '', '', 'Mīzan Teferī');
INSERT INTO `ocpizza`.`address` (`id`, `number`, `address`, `address2`, `postal_code`, `city`) VALUES (887, 38056, 'Shasta', '', '', 'Beiquan');
INSERT INTO `ocpizza`.`address` (`id`, `number`, `address`, `address2`, `postal_code`, `city`) VALUES (888, 96821, 'Rigney', '', 'J6V', 'Repentigny');
INSERT INTO `ocpizza`.`address` (`id`, `number`, `address`, `address2`, `postal_code`, `city`) VALUES (889, 571, 'Blackbird', '', '', 'Kota Trieng');
INSERT INTO `ocpizza`.`address` (`id`, `number`, `address`, `address2`, `postal_code`, `city`) VALUES (890, 23, 'Florence', '', '', 'Metahāra');
INSERT INTO `ocpizza`.`address` (`id`, `number`, `address`, `address2`, `postal_code`, `city`) VALUES (891, 0, 'Fallview', '', '6813', 'Mayo');
INSERT INTO `ocpizza`.`address` (`id`, `number`, `address`, `address2`, `postal_code`, `city`) VALUES (892, 51, 'Sachs', '', '', 'Wuda');
INSERT INTO `ocpizza`.`address` (`id`, `number`, `address`, `address2`, `postal_code`, `city`) VALUES (893, 84563, 'Veith', '', '891-7611', 'Amagi');
INSERT INTO `ocpizza`.`address` (`id`, `number`, `address`, `address2`, `postal_code`, `city`) VALUES (894, 329, 'Butterfield', '', '33-115', 'Janowice');
INSERT INTO `ocpizza`.`address` (`id`, `number`, `address`, `address2`, `postal_code`, `city`) VALUES (895, 709, 'Saint Paul', '', '', 'Pilang');
INSERT INTO `ocpizza`.`address` (`id`, `number`, `address`, `address2`, `postal_code`, `city`) VALUES (896, 613, 'Steensland', '', '', 'Xiashe');
INSERT INTO `ocpizza`.`address` (`id`, `number`, `address`, `address2`, `postal_code`, `city`) VALUES (897, 47, 'Novick', '', '93300-000', 'Novo Hamburgo');
INSERT INTO `ocpizza`.`address` (`id`, `number`, `address`, `address2`, `postal_code`, `city`) VALUES (898, 96885, 'Utah', '', '190', 'Vogar');
INSERT INTO `ocpizza`.`address` (`id`, `number`, `address`, `address2`, `postal_code`, `city`) VALUES (899, 8, 'Vahlen', '', '527548', 'La Tola');
INSERT INTO `ocpizza`.`address` (`id`, `number`, `address`, `address2`, `postal_code`, `city`) VALUES (900, 1, 'East', '', '', 'Tianxing');
INSERT INTO `ocpizza`.`address` (`id`, `number`, `address`, `address2`, `postal_code`, `city`) VALUES (901, 40, 'Bunting', '', '14815-000', 'Ibaté');
INSERT INTO `ocpizza`.`address` (`id`, `number`, `address`, `address2`, `postal_code`, `city`) VALUES (902, 823, 'Eggendart', '', '', 'Pidhaytsi');
INSERT INTO `ocpizza`.`address` (`id`, `number`, `address`, `address2`, `postal_code`, `city`) VALUES (903, 67727, 'Northwestern', '', '1808', 'Nangka');
INSERT INTO `ocpizza`.`address` (`id`, `number`, `address`, `address2`, `postal_code`, `city`) VALUES (904, 726, 'Waubesa', '', '62-590', 'Golina');
INSERT INTO `ocpizza`.`address` (`id`, `number`, `address`, `address2`, `postal_code`, `city`) VALUES (905, 6, 'Cherokee', '', '', 'Sabunçu');
INSERT INTO `ocpizza`.`address` (`id`, `number`, `address`, `address2`, `postal_code`, `city`) VALUES (906, 50048, 'Melby', '', '453150', 'Karmaskaly');
INSERT INTO `ocpizza`.`address` (`id`, `number`, `address`, `address2`, `postal_code`, `city`) VALUES (907, 72, 'Carberry', '', '', 'Chapayeve');
INSERT INTO `ocpizza`.`address` (`id`, `number`, `address`, `address2`, `postal_code`, `city`) VALUES (908, 0828, 'Debra', '', '', 'Gaoming');
INSERT INTO `ocpizza`.`address` (`id`, `number`, `address`, `address2`, `postal_code`, `city`) VALUES (909, 90, 'Tomscot', '', '33436', 'Boynton Beach');
INSERT INTO `ocpizza`.`address` (`id`, `number`, `address`, `address2`, `postal_code`, `city`) VALUES (910, 01736, 'Cherokee', '', '', 'Mizhhir’ya');
INSERT INTO `ocpizza`.`address` (`id`, `number`, `address`, `address2`, `postal_code`, `city`) VALUES (911, 96, 'Arapahoe', '', '', 'Herong');
INSERT INTO `ocpizza`.`address` (`id`, `number`, `address`, `address2`, `postal_code`, `city`) VALUES (912, 04269, 'Shopko', 'Welch', '963-7856', 'Shiroishi');
INSERT INTO `ocpizza`.`address` (`id`, `number`, `address`, `address2`, `postal_code`, `city`) VALUES (913, 336, 'Tennessee', '', '', 'Renhe');
INSERT INTO `ocpizza`.`address` (`id`, `number`, `address`, `address2`, `postal_code`, `city`) VALUES (914, 5, 'Eggendart', '', '', 'Plumtree');
INSERT INTO `ocpizza`.`address` (`id`, `number`, `address`, `address2`, `postal_code`, `city`) VALUES (915, 2761, 'Lakewood', 'Fallview', '11512', 'Hondo Valle');
INSERT INTO `ocpizza`.`address` (`id`, `number`, `address`, `address2`, `postal_code`, `city`) VALUES (916, 75, 'Johnson', '', '', 'Leipsoí');
INSERT INTO `ocpizza`.`address` (`id`, `number`, `address`, `address2`, `postal_code`, `city`) VALUES (917, 94, 'Petterle', '', '', 'Al Baqāliţah');
INSERT INTO `ocpizza`.`address` (`id`, `number`, `address`, `address2`, `postal_code`, `city`) VALUES (918, 4, 'Havey', '', '422549', 'Zelenodolsk');
INSERT INTO `ocpizza`.`address` (`id`, `number`, `address`, `address2`, `postal_code`, `city`) VALUES (919, 7, 'Logan', 'Myrtle', '47-244', 'Dziergowice');
INSERT INTO `ocpizza`.`address` (`id`, `number`, `address`, `address2`, `postal_code`, `city`) VALUES (920, 274, 'Lakewood Gardens', '', '', 'Sojo');
INSERT INTO `ocpizza`.`address` (`id`, `number`, `address`, `address2`, `postal_code`, `city`) VALUES (921, 84, 'Prentice', '', '97240', 'Portland');
INSERT INTO `ocpizza`.`address` (`id`, `number`, `address`, `address2`, `postal_code`, `city`) VALUES (922, 07890, 'Holy Cross', '', '186822', 'Salmi');
INSERT INTO `ocpizza`.`address` (`id`, `number`, `address`, `address2`, `postal_code`, `city`) VALUES (923, 743, 'Amoth', '', '', 'Xiaotao');
INSERT INTO `ocpizza`.`address` (`id`, `number`, `address`, `address2`, `postal_code`, `city`) VALUES (924, 4, 'Meadow Vale', '', '', 'Baiqi');
INSERT INTO `ocpizza`.`address` (`id`, `number`, `address`, `address2`, `postal_code`, `city`) VALUES (925, 94, 'Loftsgordon', '', '', 'El Monte');
INSERT INTO `ocpizza`.`address` (`id`, `number`, `address`, `address2`, `postal_code`, `city`) VALUES (926, 5, 'Loeprich', '', '71984', 'Las Palmas');
INSERT INTO `ocpizza`.`address` (`id`, `number`, `address`, `address2`, `postal_code`, `city`) VALUES (927, 3785, 'Summer Ridge', '', '', 'Jinlong');
INSERT INTO `ocpizza`.`address` (`id`, `number`, `address`, `address2`, `postal_code`, `city`) VALUES (928, 997, 'Columbus', '', '7030', 'Legrada');
INSERT INTO `ocpizza`.`address` (`id`, `number`, `address`, `address2`, `postal_code`, `city`) VALUES (929, 8, 'Lindbergh', '', '', 'Shuanglong');
INSERT INTO `ocpizza`.`address` (`id`, `number`, `address`, `address2`, `postal_code`, `city`) VALUES (930, 2, 'Judy', '', '', 'Nangxian');
INSERT INTO `ocpizza`.`address` (`id`, `number`, `address`, `address2`, `postal_code`, `city`) VALUES (931, 97, 'Ridgeway', 'Anzinger', '', 'Amparafaravola');
INSERT INTO `ocpizza`.`address` (`id`, `number`, `address`, `address2`, `postal_code`, `city`) VALUES (932, 7, 'Service', '', '', 'Jingnao');
INSERT INTO `ocpizza`.`address` (`id`, `number`, `address`, `address2`, `postal_code`, `city`) VALUES (933, 386, 'Westport', '', '783 25', 'Bouzov');
INSERT INTO `ocpizza`.`address` (`id`, `number`, `address`, `address2`, `postal_code`, `city`) VALUES (934, 4, 'Sloan', '', '252837', 'Nariño');
INSERT INTO `ocpizza`.`address` (`id`, `number`, `address`, `address2`, `postal_code`, `city`) VALUES (935, 09270, 'Fairfield', '', '3140-480', 'Portela');
INSERT INTO `ocpizza`.`address` (`id`, `number`, `address`, `address2`, `postal_code`, `city`) VALUES (936, 40469, 'Maple Wood', '', '54730', 'San Isidro');
INSERT INTO `ocpizza`.`address` (`id`, `number`, `address`, `address2`, `postal_code`, `city`) VALUES (937, 27, 'Menomonie', '', '', 'Tabou');
INSERT INTO `ocpizza`.`address` (`id`, `number`, `address`, `address2`, `postal_code`, `city`) VALUES (938, 279, 'Rutledge', '', '', 'Luojiaping');
INSERT INTO `ocpizza`.`address` (`id`, `number`, `address`, `address2`, `postal_code`, `city`) VALUES (939, 108, 'Hansons', '', '', 'Colquechaca');
INSERT INTO `ocpizza`.`address` (`id`, `number`, `address`, `address2`, `postal_code`, `city`) VALUES (940, 8, 'Monterey', '', '', 'Böhöt');
INSERT INTO `ocpizza`.`address` (`id`, `number`, `address`, `address2`, `postal_code`, `city`) VALUES (941, 102, 'Hanson', 'Nova', '', 'Gujun');
INSERT INTO `ocpizza`.`address` (`id`, `number`, `address`, `address2`, `postal_code`, `city`) VALUES (942, 0570, 'Forest', '', '5105', 'Maulawin');
INSERT INTO `ocpizza`.`address` (`id`, `number`, `address`, `address2`, `postal_code`, `city`) VALUES (943, 3, 'Swallow', '', '', 'Zouila');
INSERT INTO `ocpizza`.`address` (`id`, `number`, `address`, `address2`, `postal_code`, `city`) VALUES (944, 2, 'Northfield', '', '999-2222', 'Nagaoka');
INSERT INTO `ocpizza`.`address` (`id`, `number`, `address`, `address2`, `postal_code`, `city`) VALUES (945, 8, 'Kensington', '', '', 'Tumen');
INSERT INTO `ocpizza`.`address` (`id`, `number`, `address`, `address2`, `postal_code`, `city`) VALUES (946, 23785, 'Oak Valley', '', '', 'Sekolan');
INSERT INTO `ocpizza`.`address` (`id`, `number`, `address`, `address2`, `postal_code`, `city`) VALUES (947, 879, 'Declaration', '', '', 'Daruoyan');
INSERT INTO `ocpizza`.`address` (`id`, `number`, `address`, `address2`, `postal_code`, `city`) VALUES (948, 4343, 'Oakridge', '', '', 'Tena');
INSERT INTO `ocpizza`.`address` (`id`, `number`, `address`, `address2`, `postal_code`, `city`) VALUES (949, 79937, 'Merchant', '', '396310', 'Novaya Usman’');
INSERT INTO `ocpizza`.`address` (`id`, `number`, `address`, `address2`, `postal_code`, `city`) VALUES (950, 008, 'Forest Dale', '', '', 'Sansheng');
INSERT INTO `ocpizza`.`address` (`id`, `number`, `address`, `address2`, `postal_code`, `city`) VALUES (951, 694, 'Moulton', '', '1433', 'Radeče');
INSERT INTO `ocpizza`.`address` (`id`, `number`, `address`, `address2`, `postal_code`, `city`) VALUES (952, 6, 'Summit', '', '456862', 'Tayginka');
INSERT INTO `ocpizza`.`address` (`id`, `number`, `address`, `address2`, `postal_code`, `city`) VALUES (953, 7, 'Hoepker', '', '667 30', 'Forshaga');
INSERT INTO `ocpizza`.`address` (`id`, `number`, `address`, `address2`, `postal_code`, `city`) VALUES (954, 7, 'Troy', '', '', 'Chengyang');
INSERT INTO `ocpizza`.`address` (`id`, `number`, `address`, `address2`, `postal_code`, `city`) VALUES (955, 99687, 'Portage', '', '184358', 'Murmashi');
INSERT INTO `ocpizza`.`address` (`id`, `number`, `address`, `address2`, `postal_code`, `city`) VALUES (956, 72984, 'Elgar', '', '14199', 'Berlin');
INSERT INTO `ocpizza`.`address` (`id`, `number`, `address`, `address2`, `postal_code`, `city`) VALUES (957, 469, 'Gulseth', '', '', 'Jalalaqsi');
INSERT INTO `ocpizza`.`address` (`id`, `number`, `address`, `address2`, `postal_code`, `city`) VALUES (958, 352, 'Valley Edge', '', '6503', 'Manicahan');
INSERT INTO `ocpizza`.`address` (`id`, `number`, `address`, `address2`, `postal_code`, `city`) VALUES (959, 5843, 'Acker', '', '7500', 'Prilep');
INSERT INTO `ocpizza`.`address` (`id`, `number`, `address`, `address2`, `postal_code`, `city`) VALUES (960, 21592, 'Brentwood', '', '', 'Sanjiangkou');
INSERT INTO `ocpizza`.`address` (`id`, `number`, `address`, `address2`, `postal_code`, `city`) VALUES (961, 24889, 'Bay', '', '397815', 'Strelitsa');
INSERT INTO `ocpizza`.`address` (`id`, `number`, `address`, `address2`, `postal_code`, `city`) VALUES (962, 5, 'Anthes', '', '56110', 'Khu Khan');
INSERT INTO `ocpizza`.`address` (`id`, `number`, `address`, `address2`, `postal_code`, `city`) VALUES (963, 9, 'Corben', '', '', 'Zhiqing Songduo');
INSERT INTO `ocpizza`.`address` (`id`, `number`, `address`, `address2`, `postal_code`, `city`) VALUES (964, 3, 'Brickson Park', '', '', 'Isu');
INSERT INTO `ocpizza`.`address` (`id`, `number`, `address`, `address2`, `postal_code`, `city`) VALUES (965, 54, 'Drewry', '', '', 'El Matama');
INSERT INTO `ocpizza`.`address` (`id`, `number`, `address`, `address2`, `postal_code`, `city`) VALUES (966, 61, 'Sheridan', '', '619320', 'Kochevo');
INSERT INTO `ocpizza`.`address` (`id`, `number`, `address`, `address2`, `postal_code`, `city`) VALUES (967, 84747, 'Burning Wood', '', '63131', 'Saint Louis');
INSERT INTO `ocpizza`.`address` (`id`, `number`, `address`, `address2`, `postal_code`, `city`) VALUES (968, 22, 'Coleman', '', '', 'Maba');
INSERT INTO `ocpizza`.`address` (`id`, `number`, `address`, `address2`, `postal_code`, `city`) VALUES (969, 44, 'Kingsford', '', '', 'Zhuli');
INSERT INTO `ocpizza`.`address` (`id`, `number`, `address`, `address2`, `postal_code`, `city`) VALUES (970, 6382, 'Steensland', '', '4480-493', 'Touguinha');
INSERT INTO `ocpizza`.`address` (`id`, `number`, `address`, `address2`, `postal_code`, `city`) VALUES (971, 68, 'Lawn', '', '11440', 'Ja Ela');
INSERT INTO `ocpizza`.`address` (`id`, `number`, `address`, `address2`, `postal_code`, `city`) VALUES (972, 83483, 'Spohn', '', '', 'Kandangsapi');
INSERT INTO `ocpizza`.`address` (`id`, `number`, `address`, `address2`, `postal_code`, `city`) VALUES (973, 2014, 'Evergreen', '', '', 'Gayam');
INSERT INTO `ocpizza`.`address` (`id`, `number`, `address`, `address2`, `postal_code`, `city`) VALUES (974, 9597, 'Gale', '', '301 80', 'Halmstad');
INSERT INTO `ocpizza`.`address` (`id`, `number`, `address`, `address2`, `postal_code`, `city`) VALUES (975, 8, 'Milwaukee', '', '249028', 'Bol’shaya Setun’');
INSERT INTO `ocpizza`.`address` (`id`, `number`, `address`, `address2`, `postal_code`, `city`) VALUES (976, 0, 'Porter', '', '662133', 'Lakinsk');
INSERT INTO `ocpizza`.`address` (`id`, `number`, `address`, `address2`, `postal_code`, `city`) VALUES (977, 83, 'Dayton', '', '', 'Aizi');
INSERT INTO `ocpizza`.`address` (`id`, `number`, `address`, `address2`, `postal_code`, `city`) VALUES (978, 354, 'Transport', '', '163 53', 'Spånga');
INSERT INTO `ocpizza`.`address` (`id`, `number`, `address`, `address2`, `postal_code`, `city`) VALUES (979, 22835, 'Stone Corner', '', '757 54', 'Uppsala');
INSERT INTO `ocpizza`.`address` (`id`, `number`, `address`, `address2`, `postal_code`, `city`) VALUES (980, 183, 'Corben', '', '', 'Karanggeneng');
INSERT INTO `ocpizza`.`address` (`id`, `number`, `address`, `address2`, `postal_code`, `city`) VALUES (981, 512, 'Nancy', '', '6090-511', 'Penamacor');
INSERT INTO `ocpizza`.`address` (`id`, `number`, `address`, `address2`, `postal_code`, `city`) VALUES (982, 7, 'Prentice', '', '1175', 'Getulio');
INSERT INTO `ocpizza`.`address` (`id`, `number`, `address`, `address2`, `postal_code`, `city`) VALUES (983, 2077, 'Lien', '', '', 'Xugu');
INSERT INTO `ocpizza`.`address` (`id`, `number`, `address`, `address2`, `postal_code`, `city`) VALUES (984, 24, 'Morningstar', '', '', 'Yangzhuang');
INSERT INTO `ocpizza`.`address` (`id`, `number`, `address`, `address2`, `postal_code`, `city`) VALUES (985, 96, 'Weeping Birch', '', '', 'Jingling');
INSERT INTO `ocpizza`.`address` (`id`, `number`, `address`, `address2`, `postal_code`, `city`) VALUES (986, 7345, 'Bellgrove', '', '', 'Manggissari');
INSERT INTO `ocpizza`.`address` (`id`, `number`, `address`, `address2`, `postal_code`, `city`) VALUES (987, 0946, 'American', '', '368758', 'Usukhchay');
INSERT INTO `ocpizza`.`address` (`id`, `number`, `address`, `address2`, `postal_code`, `city`) VALUES (988, 35, 'Glendale', '', '14109', 'Berlin');
INSERT INTO `ocpizza`.`address` (`id`, `number`, `address`, `address2`, `postal_code`, `city`) VALUES (989, 9539, 'Hoepker', '', '', 'Cijapar');
INSERT INTO `ocpizza`.`address` (`id`, `number`, `address`, `address2`, `postal_code`, `city`) VALUES (990, 5601, 'School', '', '3129', 'Sagana');
INSERT INTO `ocpizza`.`address` (`id`, `number`, `address`, `address2`, `postal_code`, `city`) VALUES (991, 759, 'Oak', '', '123 47', 'Farsta');
INSERT INTO `ocpizza`.`address` (`id`, `number`, `address`, `address2`, `postal_code`, `city`) VALUES (992, 79106, 'Mallory', '', '172 69', 'Sundbyberg');
INSERT INTO `ocpizza`.`address` (`id`, `number`, `address`, `address2`, `postal_code`, `city`) VALUES (993, 205, 'American', '', '', 'Krajan Jamprong');
INSERT INTO `ocpizza`.`address` (`id`, `number`, `address`, `address2`, `postal_code`, `city`) VALUES (994, 56, 'Alpine', '', '', 'Bình Thủy');
INSERT INTO `ocpizza`.`address` (`id`, `number`, `address`, `address2`, `postal_code`, `city`) VALUES (995, 05, 'Hauk', '', '606093', 'Reshetikha');
INSERT INTO `ocpizza`.`address` (`id`, `number`, `address`, `address2`, `postal_code`, `city`) VALUES (996, 9541, 'Westend', '', '', 'Huaidao');
INSERT INTO `ocpizza`.`address` (`id`, `number`, `address`, `address2`, `postal_code`, `city`) VALUES (997, 593, 'Milwaukee', '', '26-130', 'Suchedniów');
INSERT INTO `ocpizza`.`address` (`id`, `number`, `address`, `address2`, `postal_code`, `city`) VALUES (998, 269, 'Hanover', '', '11900-000', 'Registro');
INSERT INTO `ocpizza`.`address` (`id`, `number`, `address`, `address2`, `postal_code`, `city`) VALUES (999, 12, 'Northview', '', '', 'Ilyich');
INSERT INTO `ocpizza`.`address` (`id`, `number`, `address`, `address2`, `postal_code`, `city`) VALUES (1000, 17, 'Redwing', '', 'D17', 'Ballivor');

COMMIT;


-- -----------------------------------------------------
-- Data for table `ocpizza`.`contact`
-- -----------------------------------------------------
START TRANSACTION;
USE `ocpizza`;
INSERT INTO `ocpizza`.`contact` (`id`, `id_address`, `phone_number`, `email`) VALUES (1, 13, '195336420', 'hcoling0@123-reg.co.uk');
INSERT INTO `ocpizza`.`contact` (`id`, `id_address`, `phone_number`, `email`) VALUES (2, 96, '767898372', 'lkitchenham1@youtube.com');
INSERT INTO `ocpizza`.`contact` (`id`, `id_address`, `phone_number`, `email`) VALUES (3, 84, '659157014', 'cblencoe2@buzzfeed.com');
INSERT INTO `ocpizza`.`contact` (`id`, `id_address`, `phone_number`, `email`) VALUES (4, 44, '872445757', 'tbicheno3@360.cn');
INSERT INTO `ocpizza`.`contact` (`id`, `id_address`, `phone_number`, `email`) VALUES (5, 57, '863958203', 'mboate4@slideshare.net');
INSERT INTO `ocpizza`.`contact` (`id`, `id_address`, `phone_number`, `email`) VALUES (6, 22, '597274700', 'njentin5@ebay.com');
INSERT INTO `ocpizza`.`contact` (`id`, `id_address`, `phone_number`, `email`) VALUES (7, 34, '682591361', 'vdinsell6@salon.com');
INSERT INTO `ocpizza`.`contact` (`id`, `id_address`, `phone_number`, `email`) VALUES (8, 19, '644626147', 'jbramich7@ask.com');
INSERT INTO `ocpizza`.`contact` (`id`, `id_address`, `phone_number`, `email`) VALUES (9, 23, '108588017', 'rgeratt8@vimeo.com');
INSERT INTO `ocpizza`.`contact` (`id`, `id_address`, `phone_number`, `email`) VALUES (10, 11, '831835335', 'vdonet9@addtoany.com');
INSERT INTO `ocpizza`.`contact` (`id`, `id_address`, `phone_number`, `email`) VALUES (11, 50, '119810715', 'ndennya@spiegel.de');
INSERT INTO `ocpizza`.`contact` (`id`, `id_address`, `phone_number`, `email`) VALUES (12, 90, '16787518', 'fpostleb@wp.com');
INSERT INTO `ocpizza`.`contact` (`id`, `id_address`, `phone_number`, `email`) VALUES (13, 48, '48287037', 'gseelerc@xrea.com');
INSERT INTO `ocpizza`.`contact` (`id`, `id_address`, `phone_number`, `email`) VALUES (14, 13, '632692279', 'cgoldisd@soundcloud.com');
INSERT INTO `ocpizza`.`contact` (`id`, `id_address`, `phone_number`, `email`) VALUES (15, 74, '291792517', 'cloffheade@tiny.cc');
INSERT INTO `ocpizza`.`contact` (`id`, `id_address`, `phone_number`, `email`) VALUES (16, 72, '783934541', 'lwarbrickf@sciencedaily.com');
INSERT INTO `ocpizza`.`contact` (`id`, `id_address`, `phone_number`, `email`) VALUES (17, 31, '5690765', 'lconmang@springer.com');
INSERT INTO `ocpizza`.`contact` (`id`, `id_address`, `phone_number`, `email`) VALUES (18, 4, '932898895', 'jdommh@webnode.com');
INSERT INTO `ocpizza`.`contact` (`id`, `id_address`, `phone_number`, `email`) VALUES (19, 20, '156932655', 'tcavani@ihg.com');
INSERT INTO `ocpizza`.`contact` (`id`, `id_address`, `phone_number`, `email`) VALUES (20, 11, '723563840', 'pmcallj@free.fr');
INSERT INTO `ocpizza`.`contact` (`id`, `id_address`, `phone_number`, `email`) VALUES (21, 60, '54275386', 'cprestigek@cocolog-nifty.com');
INSERT INTO `ocpizza`.`contact` (`id`, `id_address`, `phone_number`, `email`) VALUES (22, 89, '132216534', 'usonesl@google.ca');
INSERT INTO `ocpizza`.`contact` (`id`, `id_address`, `phone_number`, `email`) VALUES (23, 77, '388697184', 'ssyalvesterm@unesco.org');
INSERT INTO `ocpizza`.`contact` (`id`, `id_address`, `phone_number`, `email`) VALUES (24, 84, '888420740', 'mdrysdelln@scribd.com');
INSERT INTO `ocpizza`.`contact` (`id`, `id_address`, `phone_number`, `email`) VALUES (25, 9, '524284974', 'mharmestono@zimbio.com');
INSERT INTO `ocpizza`.`contact` (`id`, `id_address`, `phone_number`, `email`) VALUES (26, 87, '131102948', 'asimisterp@newsvine.com');
INSERT INTO `ocpizza`.`contact` (`id`, `id_address`, `phone_number`, `email`) VALUES (27, 13, '84810843', 'amcilraithq@cnn.com');
INSERT INTO `ocpizza`.`contact` (`id`, `id_address`, `phone_number`, `email`) VALUES (28, 88, '897236638', 'esarer@sciencedirect.com');
INSERT INTO `ocpizza`.`contact` (`id`, `id_address`, `phone_number`, `email`) VALUES (29, 6, '129232642', 'jcotilards@unicef.org');
INSERT INTO `ocpizza`.`contact` (`id`, `id_address`, `phone_number`, `email`) VALUES (30, 47, '19324515', 'eellift@chron.com');
INSERT INTO `ocpizza`.`contact` (`id`, `id_address`, `phone_number`, `email`) VALUES (31, 93, '514749668', 'clawrencesonu@google.com.au');
INSERT INTO `ocpizza`.`contact` (`id`, `id_address`, `phone_number`, `email`) VALUES (32, 31, '801064157', 'slangdonv@cbsnews.com');
INSERT INTO `ocpizza`.`contact` (`id`, `id_address`, `phone_number`, `email`) VALUES (33, 31, '968196019', 'lscamerdinew@answers.com');
INSERT INTO `ocpizza`.`contact` (`id`, `id_address`, `phone_number`, `email`) VALUES (34, 18, '983450541', 'jbrumhamx@miibeian.gov.cn');
INSERT INTO `ocpizza`.`contact` (`id`, `id_address`, `phone_number`, `email`) VALUES (35, 60, '6558613', 'rmordantiy@last.fm');
INSERT INTO `ocpizza`.`contact` (`id`, `id_address`, `phone_number`, `email`) VALUES (36, 10, '747932433', 'gmogridgez@nationalgeographic.com');
INSERT INTO `ocpizza`.`contact` (`id`, `id_address`, `phone_number`, `email`) VALUES (37, 85, '148273438', 'astanway10@hubpages.com');
INSERT INTO `ocpizza`.`contact` (`id`, `id_address`, `phone_number`, `email`) VALUES (38, 30, '114914324', 'charnott11@sohu.com');
INSERT INTO `ocpizza`.`contact` (`id`, `id_address`, `phone_number`, `email`) VALUES (39, 48, '953723954', 'wmcgurn12@example.com');
INSERT INTO `ocpizza`.`contact` (`id`, `id_address`, `phone_number`, `email`) VALUES (40, 82, '133050073', 'ploftie13@pagesperso-orange.fr');
INSERT INTO `ocpizza`.`contact` (`id`, `id_address`, `phone_number`, `email`) VALUES (41, 19, '555004642', 'phanlin14@ning.com');
INSERT INTO `ocpizza`.`contact` (`id`, `id_address`, `phone_number`, `email`) VALUES (42, 45, '317422266', 'waberdeen15@wp.com');
INSERT INTO `ocpizza`.`contact` (`id`, `id_address`, `phone_number`, `email`) VALUES (43, 5, '756926557', 'gstallybrass16@state.tx.us');
INSERT INTO `ocpizza`.`contact` (`id`, `id_address`, `phone_number`, `email`) VALUES (44, 7, '609996434', 'lgage17@icio.us');
INSERT INTO `ocpizza`.`contact` (`id`, `id_address`, `phone_number`, `email`) VALUES (45, 92, '685842197', 'epoulsum18@house.gov');
INSERT INTO `ocpizza`.`contact` (`id`, `id_address`, `phone_number`, `email`) VALUES (46, 96, '81934341', 'rmcgavin19@wordpress.org');
INSERT INTO `ocpizza`.`contact` (`id`, `id_address`, `phone_number`, `email`) VALUES (47, 35, '516711248', 'cbosma1a@alexa.com');
INSERT INTO `ocpizza`.`contact` (`id`, `id_address`, `phone_number`, `email`) VALUES (48, 78, '664131991', 'llaver1b@gravatar.com');
INSERT INTO `ocpizza`.`contact` (`id`, `id_address`, `phone_number`, `email`) VALUES (49, 9, '146687227', 'bpoizer1c@comsenz.com');
INSERT INTO `ocpizza`.`contact` (`id`, `id_address`, `phone_number`, `email`) VALUES (50, 39, '864245054', 'cbletsor1d@twitter.com');
INSERT INTO `ocpizza`.`contact` (`id`, `id_address`, `phone_number`, `email`) VALUES (51, 86, '561460862', 'rwhotton1e@google.ca');
INSERT INTO `ocpizza`.`contact` (`id`, `id_address`, `phone_number`, `email`) VALUES (52, 87, '862235046', 'mrockcliff1f@joomla.org');
INSERT INTO `ocpizza`.`contact` (`id`, `id_address`, `phone_number`, `email`) VALUES (53, 63, '273099445', 'ocurrom1g@oaic.gov.au');
INSERT INTO `ocpizza`.`contact` (`id`, `id_address`, `phone_number`, `email`) VALUES (54, 93, '756951951', 'bmungham1h@marriott.com');
INSERT INTO `ocpizza`.`contact` (`id`, `id_address`, `phone_number`, `email`) VALUES (55, 54, '388711693', 'nsteutly1i@google.fr');
INSERT INTO `ocpizza`.`contact` (`id`, `id_address`, `phone_number`, `email`) VALUES (56, 46, '378508273', 'zlarby1j@imageshack.us');
INSERT INTO `ocpizza`.`contact` (`id`, `id_address`, `phone_number`, `email`) VALUES (57, 57, '742668962', 'naleswell1k@addthis.com');
INSERT INTO `ocpizza`.`contact` (`id`, `id_address`, `phone_number`, `email`) VALUES (58, 20, '181583180', 'lcantera1l@thetimes.co.uk');
INSERT INTO `ocpizza`.`contact` (`id`, `id_address`, `phone_number`, `email`) VALUES (59, 20, '465920943', 'croddell1m@yahoo.com');
INSERT INTO `ocpizza`.`contact` (`id`, `id_address`, `phone_number`, `email`) VALUES (60, 67, '682392660', 'bpauly1n@google.com.au');
INSERT INTO `ocpizza`.`contact` (`id`, `id_address`, `phone_number`, `email`) VALUES (61, 68, '709370991', 'rtafani1o@prweb.com');
INSERT INTO `ocpizza`.`contact` (`id`, `id_address`, `phone_number`, `email`) VALUES (62, 83, '285606769', 'rlowery1p@pbs.org');
INSERT INTO `ocpizza`.`contact` (`id`, `id_address`, `phone_number`, `email`) VALUES (63, 75, '149782835', 'fhatchell1q@yolasite.com');
INSERT INTO `ocpizza`.`contact` (`id`, `id_address`, `phone_number`, `email`) VALUES (64, 66, '81225819', 'jhasty1r@dion.ne.jp');
INSERT INTO `ocpizza`.`contact` (`id`, `id_address`, `phone_number`, `email`) VALUES (65, 7, '352204694', 'pthorndale1s@pbs.org');
INSERT INTO `ocpizza`.`contact` (`id`, `id_address`, `phone_number`, `email`) VALUES (66, 70, '356599138', 'bellgood1t@foxnews.com');
INSERT INTO `ocpizza`.`contact` (`id`, `id_address`, `phone_number`, `email`) VALUES (67, 11, '152740715', 'hmuncie1u@webs.com');
INSERT INTO `ocpizza`.`contact` (`id`, `id_address`, `phone_number`, `email`) VALUES (68, 34, '886785371', 'cgoneau1v@e-recht24.de');
INSERT INTO `ocpizza`.`contact` (`id`, `id_address`, `phone_number`, `email`) VALUES (69, 53, '819435368', 'mfilinkov1w@sfgate.com');
INSERT INTO `ocpizza`.`contact` (`id`, `id_address`, `phone_number`, `email`) VALUES (70, 30, '444407154', 'hneave1x@psu.edu');
INSERT INTO `ocpizza`.`contact` (`id`, `id_address`, `phone_number`, `email`) VALUES (71, 8, '129422242', 'gbartolozzi1y@ox.ac.uk');
INSERT INTO `ocpizza`.`contact` (`id`, `id_address`, `phone_number`, `email`) VALUES (72, 26, '6129587', 'ttrye1z@elegantthemes.com');
INSERT INTO `ocpizza`.`contact` (`id`, `id_address`, `phone_number`, `email`) VALUES (73, 75, '251657984', 'dshovelton20@addtoany.com');
INSERT INTO `ocpizza`.`contact` (`id`, `id_address`, `phone_number`, `email`) VALUES (74, 29, '328989945', 'kcornwall21@booking.com');
INSERT INTO `ocpizza`.`contact` (`id`, `id_address`, `phone_number`, `email`) VALUES (75, 95, '549227161', 'hrevett22@state.gov');
INSERT INTO `ocpizza`.`contact` (`id`, `id_address`, `phone_number`, `email`) VALUES (76, 17, '344788948', 'plancley23@angelfire.com');
INSERT INTO `ocpizza`.`contact` (`id`, `id_address`, `phone_number`, `email`) VALUES (77, 71, '354631341', 'tlorentzen24@bloglines.com');
INSERT INTO `ocpizza`.`contact` (`id`, `id_address`, `phone_number`, `email`) VALUES (78, 94, '379174866', 'bscurrer25@bravesites.com');
INSERT INTO `ocpizza`.`contact` (`id`, `id_address`, `phone_number`, `email`) VALUES (79, 4, '362999033', 'awilfinger26@marriott.com');
INSERT INTO `ocpizza`.`contact` (`id`, `id_address`, `phone_number`, `email`) VALUES (80, 12, '355921705', 'ifatscher27@eventbrite.com');
INSERT INTO `ocpizza`.`contact` (`id`, `id_address`, `phone_number`, `email`) VALUES (81, 57, '499217987', 'ggreathead28@stanford.edu');
INSERT INTO `ocpizza`.`contact` (`id`, `id_address`, `phone_number`, `email`) VALUES (82, 12, '797458357', 'cguillou29@uol.com.br');
INSERT INTO `ocpizza`.`contact` (`id`, `id_address`, `phone_number`, `email`) VALUES (83, 78, '277821332', 'estamper2a@twitpic.com');
INSERT INTO `ocpizza`.`contact` (`id`, `id_address`, `phone_number`, `email`) VALUES (84, 11, '302385254', 'gclacson2b@ihg.com');
INSERT INTO `ocpizza`.`contact` (`id`, `id_address`, `phone_number`, `email`) VALUES (85, 57, '499384449', 'raprahamian2c@un.org');
INSERT INTO `ocpizza`.`contact` (`id`, `id_address`, `phone_number`, `email`) VALUES (86, 9, '425041572', 'cdominici2d@noaa.gov');
INSERT INTO `ocpizza`.`contact` (`id`, `id_address`, `phone_number`, `email`) VALUES (87, 15, '7198322', 'dbevens2e@trellian.com');
INSERT INTO `ocpizza`.`contact` (`id`, `id_address`, `phone_number`, `email`) VALUES (88, 44, '209036009', 'cpavis2f@macromedia.com');
INSERT INTO `ocpizza`.`contact` (`id`, `id_address`, `phone_number`, `email`) VALUES (89, 68, '96192861', 'clilie2g@paginegialle.it');
INSERT INTO `ocpizza`.`contact` (`id`, `id_address`, `phone_number`, `email`) VALUES (90, 69, '76595445', 'tblumsom2h@odnoklassniki.ru');
INSERT INTO `ocpizza`.`contact` (`id`, `id_address`, `phone_number`, `email`) VALUES (91, 81, '979106586', 'gpybus2i@hubpages.com');
INSERT INTO `ocpizza`.`contact` (`id`, `id_address`, `phone_number`, `email`) VALUES (92, 85, '822739031', 'ktwizell2j@sciencedirect.com');
INSERT INTO `ocpizza`.`contact` (`id`, `id_address`, `phone_number`, `email`) VALUES (93, 35, '822005144', 'bneal2k@jigsy.com');
INSERT INTO `ocpizza`.`contact` (`id`, `id_address`, `phone_number`, `email`) VALUES (94, 53, '776601765', 'slerigo2l@census.gov');
INSERT INTO `ocpizza`.`contact` (`id`, `id_address`, `phone_number`, `email`) VALUES (95, 35, '296076153', 'wbaswall2m@ucoz.ru');
INSERT INTO `ocpizza`.`contact` (`id`, `id_address`, `phone_number`, `email`) VALUES (96, 34, '377996392', 'cvannuccinii2n@cdbaby.com');
INSERT INTO `ocpizza`.`contact` (`id`, `id_address`, `phone_number`, `email`) VALUES (97, 7, '742589792', 'csouthcoat2o@latimes.com');
INSERT INTO `ocpizza`.`contact` (`id`, `id_address`, `phone_number`, `email`) VALUES (98, 57, '748530162', 'zatherton2p@state.gov');
INSERT INTO `ocpizza`.`contact` (`id`, `id_address`, `phone_number`, `email`) VALUES (99, 25, '28372664', 'tsmellie2q@mozilla.com');
INSERT INTO `ocpizza`.`contact` (`id`, `id_address`, `phone_number`, `email`) VALUES (100, 68, '715638165', 'wmourant2r@addtoany.com');
INSERT INTO `ocpizza`.`contact` (`id`, `id_address`, `phone_number`, `email`) VALUES (101, 23, '583037721', 'bmarty2s@bing.com');
INSERT INTO `ocpizza`.`contact` (`id`, `id_address`, `phone_number`, `email`) VALUES (102, 25, '505657177', 'cferrelli2t@163.com');
INSERT INTO `ocpizza`.`contact` (`id`, `id_address`, `phone_number`, `email`) VALUES (103, 91, '385186471', 'freye2u@wikimedia.org');
INSERT INTO `ocpizza`.`contact` (`id`, `id_address`, `phone_number`, `email`) VALUES (104, 62, '979294835', 'mrothon2v@ibm.com');
INSERT INTO `ocpizza`.`contact` (`id`, `id_address`, `phone_number`, `email`) VALUES (105, 46, '58772734', 'acarwithan2w@dmoz.org');
INSERT INTO `ocpizza`.`contact` (`id`, `id_address`, `phone_number`, `email`) VALUES (106, 17, '855027009', 'ospires2x@google.co.uk');
INSERT INTO `ocpizza`.`contact` (`id`, `id_address`, `phone_number`, `email`) VALUES (107, 91, '548400746', 'elilly2y@accuweather.com');
INSERT INTO `ocpizza`.`contact` (`id`, `id_address`, `phone_number`, `email`) VALUES (108, 64, '112767245', 'ecurness2z@nba.com');
INSERT INTO `ocpizza`.`contact` (`id`, `id_address`, `phone_number`, `email`) VALUES (109, 78, '194344870', 'ggilbody30@fastcompany.com');
INSERT INTO `ocpizza`.`contact` (`id`, `id_address`, `phone_number`, `email`) VALUES (110, 46, '144400841', 'mhaines31@altervista.org');
INSERT INTO `ocpizza`.`contact` (`id`, `id_address`, `phone_number`, `email`) VALUES (111, 87, '913163823', 'msplevings32@blogger.com');
INSERT INTO `ocpizza`.`contact` (`id`, `id_address`, `phone_number`, `email`) VALUES (112, 21, '915602673', 'bholworth33@dmoz.org');
INSERT INTO `ocpizza`.`contact` (`id`, `id_address`, `phone_number`, `email`) VALUES (113, 48, '286934497', 'jclemensen34@fotki.com');
INSERT INTO `ocpizza`.`contact` (`id`, `id_address`, `phone_number`, `email`) VALUES (114, 32, '558298653', 'tluetchford35@thetimes.co.uk');
INSERT INTO `ocpizza`.`contact` (`id`, `id_address`, `phone_number`, `email`) VALUES (115, 31, '537487016', 'homara36@about.me');
INSERT INTO `ocpizza`.`contact` (`id`, `id_address`, `phone_number`, `email`) VALUES (116, 40, '177984037', 'bfeenan37@devhub.com');
INSERT INTO `ocpizza`.`contact` (`id`, `id_address`, `phone_number`, `email`) VALUES (117, 18, '206333281', 'shedingham38@google.com.br');
INSERT INTO `ocpizza`.`contact` (`id`, `id_address`, `phone_number`, `email`) VALUES (118, 58, '639251806', 'alocker39@vimeo.com');
INSERT INTO `ocpizza`.`contact` (`id`, `id_address`, `phone_number`, `email`) VALUES (119, 24, '682464280', 'mberrow3a@pagesperso-orange.fr');
INSERT INTO `ocpizza`.`contact` (`id`, `id_address`, `phone_number`, `email`) VALUES (120, 24, '473038083', 'tmebes3b@jimdo.com');
INSERT INTO `ocpizza`.`contact` (`id`, `id_address`, `phone_number`, `email`) VALUES (121, 96, '58051364', 'lbuttery3c@live.com');
INSERT INTO `ocpizza`.`contact` (`id`, `id_address`, `phone_number`, `email`) VALUES (122, 28, '375257710', 'cbramley3d@youtu.be');
INSERT INTO `ocpizza`.`contact` (`id`, `id_address`, `phone_number`, `email`) VALUES (123, 52, '142078669', 'jscryne3e@goodreads.com');
INSERT INTO `ocpizza`.`contact` (`id`, `id_address`, `phone_number`, `email`) VALUES (124, 29, '35109788', 'lockland3f@smh.com.au');
INSERT INTO `ocpizza`.`contact` (`id`, `id_address`, `phone_number`, `email`) VALUES (125, 78, '327423349', 'esalla3g@weather.com');
INSERT INTO `ocpizza`.`contact` (`id`, `id_address`, `phone_number`, `email`) VALUES (126, 69, '99619106', 'crains3h@naver.com');
INSERT INTO `ocpizza`.`contact` (`id`, `id_address`, `phone_number`, `email`) VALUES (127, 12, '874856321', 'asellick3i@who.int');
INSERT INTO `ocpizza`.`contact` (`id`, `id_address`, `phone_number`, `email`) VALUES (128, 79, '4283311', 'minglese3j@uiuc.edu');
INSERT INTO `ocpizza`.`contact` (`id`, `id_address`, `phone_number`, `email`) VALUES (129, 85, '589600799', 'stimoney3k@taobao.com');
INSERT INTO `ocpizza`.`contact` (`id`, `id_address`, `phone_number`, `email`) VALUES (130, 16, '697563528', 'aflowith3l@army.mil');
INSERT INTO `ocpizza`.`contact` (`id`, `id_address`, `phone_number`, `email`) VALUES (131, 91, '957355950', 'dcloney3m@parallels.com');
INSERT INTO `ocpizza`.`contact` (`id`, `id_address`, `phone_number`, `email`) VALUES (132, 97, '351681874', 'ehassent3n@nifty.com');
INSERT INTO `ocpizza`.`contact` (`id`, `id_address`, `phone_number`, `email`) VALUES (133, 36, '177048835', 'kclarage3o@prweb.com');
INSERT INTO `ocpizza`.`contact` (`id`, `id_address`, `phone_number`, `email`) VALUES (134, 67, '236030691', 'sleban3p@usgs.gov');
INSERT INTO `ocpizza`.`contact` (`id`, `id_address`, `phone_number`, `email`) VALUES (135, 37, '452055117', 'tcouth3q@imdb.com');
INSERT INTO `ocpizza`.`contact` (`id`, `id_address`, `phone_number`, `email`) VALUES (136, 71, '696937829', 'ldavidovich3r@illinois.edu');
INSERT INTO `ocpizza`.`contact` (`id`, `id_address`, `phone_number`, `email`) VALUES (137, 68, '68073857', 'gamps3s@abc.net.au');
INSERT INTO `ocpizza`.`contact` (`id`, `id_address`, `phone_number`, `email`) VALUES (138, 41, '893997450', 'jcushworth3t@ow.ly');
INSERT INTO `ocpizza`.`contact` (`id`, `id_address`, `phone_number`, `email`) VALUES (139, 78, '565578540', 'oblenkensop3u@creativecommons.org');
INSERT INTO `ocpizza`.`contact` (`id`, `id_address`, `phone_number`, `email`) VALUES (140, 85, '599390548', 'dgiannini3v@woothemes.com');
INSERT INTO `ocpizza`.`contact` (`id`, `id_address`, `phone_number`, `email`) VALUES (141, 87, '962822661', 'hchitty3w@ftc.gov');
INSERT INTO `ocpizza`.`contact` (`id`, `id_address`, `phone_number`, `email`) VALUES (142, 3, '939713696', 'pjakubovitch3x@slideshare.net');
INSERT INTO `ocpizza`.`contact` (`id`, `id_address`, `phone_number`, `email`) VALUES (143, 92, '965392679', 'ccornilli3y@google.ru');
INSERT INTO `ocpizza`.`contact` (`id`, `id_address`, `phone_number`, `email`) VALUES (144, 33, '873243567', 'nsare3z@moonfruit.com');
INSERT INTO `ocpizza`.`contact` (`id`, `id_address`, `phone_number`, `email`) VALUES (145, 20, '244410630', 'rhamsson40@ocn.ne.jp');
INSERT INTO `ocpizza`.`contact` (`id`, `id_address`, `phone_number`, `email`) VALUES (146, 74, '338923958', 'eoaten41@phpbb.com');
INSERT INTO `ocpizza`.`contact` (`id`, `id_address`, `phone_number`, `email`) VALUES (147, 34, '259633109', 'lcathery42@craigslist.org');
INSERT INTO `ocpizza`.`contact` (`id`, `id_address`, `phone_number`, `email`) VALUES (148, 59, '983482454', 'cmeadway43@facebook.com');
INSERT INTO `ocpizza`.`contact` (`id`, `id_address`, `phone_number`, `email`) VALUES (149, 25, '552418062', 'drosgen44@deliciousdays.com');
INSERT INTO `ocpizza`.`contact` (`id`, `id_address`, `phone_number`, `email`) VALUES (150, 63, '131645475', 'jcomerford45@aol.com');
INSERT INTO `ocpizza`.`contact` (`id`, `id_address`, `phone_number`, `email`) VALUES (151, 44, '726100614', 'larndell46@thetimes.co.uk');
INSERT INTO `ocpizza`.`contact` (`id`, `id_address`, `phone_number`, `email`) VALUES (152, 56, '562114358', 'tthying47@artisteer.com');
INSERT INTO `ocpizza`.`contact` (`id`, `id_address`, `phone_number`, `email`) VALUES (153, 16, '969718311', 'werni48@furl.net');
INSERT INTO `ocpizza`.`contact` (`id`, `id_address`, `phone_number`, `email`) VALUES (154, 86, '719862554', 'fmancktelow49@wikipedia.org');
INSERT INTO `ocpizza`.`contact` (`id`, `id_address`, `phone_number`, `email`) VALUES (155, 21, '108327053', 'jscrammage4a@xrea.com');
INSERT INTO `ocpizza`.`contact` (`id`, `id_address`, `phone_number`, `email`) VALUES (156, 3, '579860264', 'ckingsworth4b@xinhuanet.com');
INSERT INTO `ocpizza`.`contact` (`id`, `id_address`, `phone_number`, `email`) VALUES (157, 17, '777979737', 'amazin4c@privacy.gov.au');
INSERT INTO `ocpizza`.`contact` (`id`, `id_address`, `phone_number`, `email`) VALUES (158, 96, '395804860', 'krosenkranc4d@google.co.jp');
INSERT INTO `ocpizza`.`contact` (`id`, `id_address`, `phone_number`, `email`) VALUES (159, 39, '622698637', 'tgrinin4e@ihg.com');
INSERT INTO `ocpizza`.`contact` (`id`, `id_address`, `phone_number`, `email`) VALUES (160, 99, '471714959', 'nmacritchie4f@ehow.com');
INSERT INTO `ocpizza`.`contact` (`id`, `id_address`, `phone_number`, `email`) VALUES (161, 32, '351759416', 'dfullman4g@i2i.jp');
INSERT INTO `ocpizza`.`contact` (`id`, `id_address`, `phone_number`, `email`) VALUES (162, 5, '856533561', 'lbarkas4h@loc.gov');
INSERT INTO `ocpizza`.`contact` (`id`, `id_address`, `phone_number`, `email`) VALUES (163, 92, '26491805', 'jbemand4i@yale.edu');
INSERT INTO `ocpizza`.`contact` (`id`, `id_address`, `phone_number`, `email`) VALUES (164, 51, '331122708', 'nerricker4j@unesco.org');
INSERT INTO `ocpizza`.`contact` (`id`, `id_address`, `phone_number`, `email`) VALUES (165, 100, '135310708', 'gfishbourn4k@google.co.uk');
INSERT INTO `ocpizza`.`contact` (`id`, `id_address`, `phone_number`, `email`) VALUES (166, 90, '683862867', 'rgreatbanks4l@scientificamerican.com');
INSERT INTO `ocpizza`.`contact` (`id`, `id_address`, `phone_number`, `email`) VALUES (167, 100, '27072377', 'zgoodison4m@foxnews.com');
INSERT INTO `ocpizza`.`contact` (`id`, `id_address`, `phone_number`, `email`) VALUES (168, 75, '607210915', 'kamey4n@gizmodo.com');
INSERT INTO `ocpizza`.`contact` (`id`, `id_address`, `phone_number`, `email`) VALUES (169, 35, '253800453', 'clinnard4o@ycombinator.com');
INSERT INTO `ocpizza`.`contact` (`id`, `id_address`, `phone_number`, `email`) VALUES (170, 98, '73316974', 'tbraunfeld4p@sfgate.com');
INSERT INTO `ocpizza`.`contact` (`id`, `id_address`, `phone_number`, `email`) VALUES (171, 88, '514774337', 'dinns4q@typepad.com');
INSERT INTO `ocpizza`.`contact` (`id`, `id_address`, `phone_number`, `email`) VALUES (172, 18, '474311752', 'msabati4r@blogtalkradio.com');
INSERT INTO `ocpizza`.`contact` (`id`, `id_address`, `phone_number`, `email`) VALUES (173, 2, '248065521', 'jhendron4s@yellowpages.com');
INSERT INTO `ocpizza`.`contact` (`id`, `id_address`, `phone_number`, `email`) VALUES (174, 8, '296267395', 'cdelabarre4t@toplist.cz');
INSERT INTO `ocpizza`.`contact` (`id`, `id_address`, `phone_number`, `email`) VALUES (175, 22, '431711343', 'shubbart4u@cmu.edu');
INSERT INTO `ocpizza`.`contact` (`id`, `id_address`, `phone_number`, `email`) VALUES (176, 28, '135507673', 'fwisson4v@printfriendly.com');
INSERT INTO `ocpizza`.`contact` (`id`, `id_address`, `phone_number`, `email`) VALUES (177, 26, '557732951', 'mgiacomuzzi4w@mysql.com');
INSERT INTO `ocpizza`.`contact` (`id`, `id_address`, `phone_number`, `email`) VALUES (178, 38, '54547421', 'jdrejer4x@hatena.ne.jp');
INSERT INTO `ocpizza`.`contact` (`id`, `id_address`, `phone_number`, `email`) VALUES (179, 15, '707571399', 'tklessmann4y@mlb.com');
INSERT INTO `ocpizza`.`contact` (`id`, `id_address`, `phone_number`, `email`) VALUES (180, 20, '43796369', 'vjuares4z@earthlink.net');
INSERT INTO `ocpizza`.`contact` (`id`, `id_address`, `phone_number`, `email`) VALUES (181, 45, '694727136', 'lgino50@instagram.com');
INSERT INTO `ocpizza`.`contact` (`id`, `id_address`, `phone_number`, `email`) VALUES (182, 9, '424859521', 'tlindblom51@pbs.org');
INSERT INTO `ocpizza`.`contact` (`id`, `id_address`, `phone_number`, `email`) VALUES (183, 17, '384653638', 'croo52@japanpost.jp');
INSERT INTO `ocpizza`.`contact` (`id`, `id_address`, `phone_number`, `email`) VALUES (184, 65, '587147885', 'nmcbrier53@live.com');
INSERT INTO `ocpizza`.`contact` (`id`, `id_address`, `phone_number`, `email`) VALUES (185, 83, '311420311', 'esheddan54@nsw.gov.au');
INSERT INTO `ocpizza`.`contact` (`id`, `id_address`, `phone_number`, `email`) VALUES (186, 29, '677691243', 'bmachans55@cargocollective.com');
INSERT INTO `ocpizza`.`contact` (`id`, `id_address`, `phone_number`, `email`) VALUES (187, 34, '39911193', 'thazlegrove56@yahoo.com');
INSERT INTO `ocpizza`.`contact` (`id`, `id_address`, `phone_number`, `email`) VALUES (188, 59, '979065520', 'jpenquet57@altervista.org');
INSERT INTO `ocpizza`.`contact` (`id`, `id_address`, `phone_number`, `email`) VALUES (189, 91, '266163313', 'bbester58@ustream.tv');
INSERT INTO `ocpizza`.`contact` (`id`, `id_address`, `phone_number`, `email`) VALUES (190, 37, '793523298', 'ljencey59@istockphoto.com');
INSERT INTO `ocpizza`.`contact` (`id`, `id_address`, `phone_number`, `email`) VALUES (191, 69, '938712719', 'lpimm5a@sun.com');
INSERT INTO `ocpizza`.`contact` (`id`, `id_address`, `phone_number`, `email`) VALUES (192, 93, '229148867', 'ctheodoris5b@goo.gl');
INSERT INTO `ocpizza`.`contact` (`id`, `id_address`, `phone_number`, `email`) VALUES (193, 44, '881170521', 'joldford5c@nsw.gov.au');
INSERT INTO `ocpizza`.`contact` (`id`, `id_address`, `phone_number`, `email`) VALUES (194, 78, '575096767', 'aworviell5d@webnode.com');
INSERT INTO `ocpizza`.`contact` (`id`, `id_address`, `phone_number`, `email`) VALUES (195, 66, '11253807', 'bdummer5e@disqus.com');
INSERT INTO `ocpizza`.`contact` (`id`, `id_address`, `phone_number`, `email`) VALUES (196, 13, '578232758', 'dsherwood5f@arstechnica.com');
INSERT INTO `ocpizza`.`contact` (`id`, `id_address`, `phone_number`, `email`) VALUES (197, 58, '738745600', 'hdickenson5g@oaic.gov.au');
INSERT INTO `ocpizza`.`contact` (`id`, `id_address`, `phone_number`, `email`) VALUES (198, 25, '702426082', 'cdauber5h@mozilla.org');
INSERT INTO `ocpizza`.`contact` (`id`, `id_address`, `phone_number`, `email`) VALUES (199, 50, '175649956', 'ycarillo5i@state.gov');
INSERT INTO `ocpizza`.`contact` (`id`, `id_address`, `phone_number`, `email`) VALUES (200, 57, '819580351', 'bbiaggi5j@wisc.edu');
INSERT INTO `ocpizza`.`contact` (`id`, `id_address`, `phone_number`, `email`) VALUES (201, 39, '861628232', 'lnavan5k@bing.com');
INSERT INTO `ocpizza`.`contact` (`id`, `id_address`, `phone_number`, `email`) VALUES (202, 56, '931285875', 'aparades5l@shinystat.com');
INSERT INTO `ocpizza`.`contact` (`id`, `id_address`, `phone_number`, `email`) VALUES (203, 33, '496516371', 'kgrogan5m@google.cn');
INSERT INTO `ocpizza`.`contact` (`id`, `id_address`, `phone_number`, `email`) VALUES (204, 91, '468806824', 'lmaccook5n@t-online.de');
INSERT INTO `ocpizza`.`contact` (`id`, `id_address`, `phone_number`, `email`) VALUES (205, 90, '387405648', 'cfilipson5o@slashdot.org');
INSERT INTO `ocpizza`.`contact` (`id`, `id_address`, `phone_number`, `email`) VALUES (206, 34, '251297773', 'cisakovitch5p@slideshare.net');
INSERT INTO `ocpizza`.`contact` (`id`, `id_address`, `phone_number`, `email`) VALUES (207, 12, '938611597', 'gseabrooke5q@webeden.co.uk');
INSERT INTO `ocpizza`.`contact` (`id`, `id_address`, `phone_number`, `email`) VALUES (208, 18, '336488379', 'lpendrid5r@nydailynews.com');
INSERT INTO `ocpizza`.`contact` (`id`, `id_address`, `phone_number`, `email`) VALUES (209, 53, '626193656', 'omegainey5s@mozilla.com');
INSERT INTO `ocpizza`.`contact` (`id`, `id_address`, `phone_number`, `email`) VALUES (210, 26, '598441246', 'wsagg5t@guardian.co.uk');
INSERT INTO `ocpizza`.`contact` (`id`, `id_address`, `phone_number`, `email`) VALUES (211, 39, '632916543', 'ghadkins5u@gnu.org');
INSERT INTO `ocpizza`.`contact` (`id`, `id_address`, `phone_number`, `email`) VALUES (212, 67, '653285278', 'bkorb5v@storify.com');
INSERT INTO `ocpizza`.`contact` (`id`, `id_address`, `phone_number`, `email`) VALUES (213, 68, '813088188', 'sspini5w@rediff.com');
INSERT INTO `ocpizza`.`contact` (`id`, `id_address`, `phone_number`, `email`) VALUES (214, 21, '883415420', 'btorrecilla5x@51.la');
INSERT INTO `ocpizza`.`contact` (`id`, `id_address`, `phone_number`, `email`) VALUES (215, 30, '246864560', 'tlomasny5y@hud.gov');
INSERT INTO `ocpizza`.`contact` (`id`, `id_address`, `phone_number`, `email`) VALUES (216, 74, '83831720', 'mridesdale5z@people.com.cn');
INSERT INTO `ocpizza`.`contact` (`id`, `id_address`, `phone_number`, `email`) VALUES (217, 21, '401184603', 'hmelanaphy60@chicagotribune.com');
INSERT INTO `ocpizza`.`contact` (`id`, `id_address`, `phone_number`, `email`) VALUES (218, 83, '674183041', 'pgooddie61@foxnews.com');
INSERT INTO `ocpizza`.`contact` (`id`, `id_address`, `phone_number`, `email`) VALUES (219, 33, '198217400', 'olong62@java.com');
INSERT INTO `ocpizza`.`contact` (`id`, `id_address`, `phone_number`, `email`) VALUES (220, 76, '851588422', 'mpatrone63@cnbc.com');
INSERT INTO `ocpizza`.`contact` (`id`, `id_address`, `phone_number`, `email`) VALUES (221, 78, '197337687', 'fshillinglaw64@icq.com');
INSERT INTO `ocpizza`.`contact` (`id`, `id_address`, `phone_number`, `email`) VALUES (222, 3, '627799176', 'jachrameev65@newyorker.com');
INSERT INTO `ocpizza`.`contact` (`id`, `id_address`, `phone_number`, `email`) VALUES (223, 24, '105061219', 'cdudson66@ebay.co.uk');
INSERT INTO `ocpizza`.`contact` (`id`, `id_address`, `phone_number`, `email`) VALUES (224, 29, '796586208', 'ntoller67@oaic.gov.au');
INSERT INTO `ocpizza`.`contact` (`id`, `id_address`, `phone_number`, `email`) VALUES (225, 88, '342083868', 'rpoolton68@cbslocal.com');
INSERT INTO `ocpizza`.`contact` (`id`, `id_address`, `phone_number`, `email`) VALUES (226, 26, '985658784', 'efishwick69@exblog.jp');
INSERT INTO `ocpizza`.`contact` (`id`, `id_address`, `phone_number`, `email`) VALUES (227, 44, '414997304', 'bgheeorghie6a@tuttocitta.it');
INSERT INTO `ocpizza`.`contact` (`id`, `id_address`, `phone_number`, `email`) VALUES (228, 73, '424873156', 'fkingswell6b@latimes.com');
INSERT INTO `ocpizza`.`contact` (`id`, `id_address`, `phone_number`, `email`) VALUES (229, 26, '627147579', 'asimononsky6c@dailymotion.com');
INSERT INTO `ocpizza`.`contact` (`id`, `id_address`, `phone_number`, `email`) VALUES (230, 8, '939748842', 'cauthers6d@linkedin.com');
INSERT INTO `ocpizza`.`contact` (`id`, `id_address`, `phone_number`, `email`) VALUES (231, 9, '45463390', 'aacome6e@nifty.com');
INSERT INTO `ocpizza`.`contact` (`id`, `id_address`, `phone_number`, `email`) VALUES (232, 29, '37036194', 'abinfield6f@sfgate.com');
INSERT INTO `ocpizza`.`contact` (`id`, `id_address`, `phone_number`, `email`) VALUES (233, 38, '802010868', 'mbeagan6g@sohu.com');
INSERT INTO `ocpizza`.`contact` (`id`, `id_address`, `phone_number`, `email`) VALUES (234, 77, '573666883', 'emathen6h@walmart.com');
INSERT INTO `ocpizza`.`contact` (`id`, `id_address`, `phone_number`, `email`) VALUES (235, 92, '796580517', 'otelezhkin6i@google.fr');
INSERT INTO `ocpizza`.`contact` (`id`, `id_address`, `phone_number`, `email`) VALUES (236, 79, '792848735', 'vhindmoor6j@flickr.com');
INSERT INTO `ocpizza`.`contact` (`id`, `id_address`, `phone_number`, `email`) VALUES (237, 26, '959839825', 'eolenane6k@indiegogo.com');
INSERT INTO `ocpizza`.`contact` (`id`, `id_address`, `phone_number`, `email`) VALUES (238, 96, '243978821', 'phembery6l@reuters.com');
INSERT INTO `ocpizza`.`contact` (`id`, `id_address`, `phone_number`, `email`) VALUES (239, 90, '526042149', 'arose6m@xinhuanet.com');
INSERT INTO `ocpizza`.`contact` (`id`, `id_address`, `phone_number`, `email`) VALUES (240, 42, '938523363', 'mingham6n@naver.com');
INSERT INTO `ocpizza`.`contact` (`id`, `id_address`, `phone_number`, `email`) VALUES (241, 100, '262955054', 'cgilbanks6o@bloomberg.com');
INSERT INTO `ocpizza`.`contact` (`id`, `id_address`, `phone_number`, `email`) VALUES (242, 89, '808161805', 'efeveryear6p@jiathis.com');
INSERT INTO `ocpizza`.`contact` (`id`, `id_address`, `phone_number`, `email`) VALUES (243, 52, '196756976', 'acorzon6q@time.com');
INSERT INTO `ocpizza`.`contact` (`id`, `id_address`, `phone_number`, `email`) VALUES (244, 50, '616690235', 'gstarling6r@furl.net');
INSERT INTO `ocpizza`.`contact` (`id`, `id_address`, `phone_number`, `email`) VALUES (245, 76, '317091525', 'rcorkhill6s@google.es');
INSERT INTO `ocpizza`.`contact` (`id`, `id_address`, `phone_number`, `email`) VALUES (246, 7, '433272542', 'mlye6t@patch.com');
INSERT INTO `ocpizza`.`contact` (`id`, `id_address`, `phone_number`, `email`) VALUES (247, 77, '537581103', 'aweitzel6u@1und1.de');
INSERT INTO `ocpizza`.`contact` (`id`, `id_address`, `phone_number`, `email`) VALUES (248, 43, '797501593', 'shaldin6v@kickstarter.com');
INSERT INTO `ocpizza`.`contact` (`id`, `id_address`, `phone_number`, `email`) VALUES (249, 23, '638706631', 'rarnoud6w@dyndns.org');
INSERT INTO `ocpizza`.`contact` (`id`, `id_address`, `phone_number`, `email`) VALUES (250, 26, '278520479', 'aketchell6x@soup.io');
INSERT INTO `ocpizza`.`contact` (`id`, `id_address`, `phone_number`, `email`) VALUES (251, 3, '594945575', 'ajacquemot6y@devhub.com');
INSERT INTO `ocpizza`.`contact` (`id`, `id_address`, `phone_number`, `email`) VALUES (252, 76, '532172303', 'kdarcy6z@goo.ne.jp');
INSERT INTO `ocpizza`.`contact` (`id`, `id_address`, `phone_number`, `email`) VALUES (253, 17, '519576565', 'odudgeon70@fda.gov');
INSERT INTO `ocpizza`.`contact` (`id`, `id_address`, `phone_number`, `email`) VALUES (254, 47, '964620219', 'jdursley71@sciencedaily.com');
INSERT INTO `ocpizza`.`contact` (`id`, `id_address`, `phone_number`, `email`) VALUES (255, 62, '15083389', 'ngurery72@samsung.com');
INSERT INTO `ocpizza`.`contact` (`id`, `id_address`, `phone_number`, `email`) VALUES (256, 52, '107147683', 'mdesantis73@google.ca');
INSERT INTO `ocpizza`.`contact` (`id`, `id_address`, `phone_number`, `email`) VALUES (257, 43, '709272026', 'gbottoner74@slate.com');
INSERT INTO `ocpizza`.`contact` (`id`, `id_address`, `phone_number`, `email`) VALUES (258, 46, '433506168', 'dbiaggioli75@cnet.com');
INSERT INTO `ocpizza`.`contact` (`id`, `id_address`, `phone_number`, `email`) VALUES (259, 14, '572786052', 'ctimmermann76@gov.uk');
INSERT INTO `ocpizza`.`contact` (`id`, `id_address`, `phone_number`, `email`) VALUES (260, 44, '61743142', 'cbeeble77@columbia.edu');
INSERT INTO `ocpizza`.`contact` (`id`, `id_address`, `phone_number`, `email`) VALUES (261, 2, '311029996', 'sbigley78@wsj.com');
INSERT INTO `ocpizza`.`contact` (`id`, `id_address`, `phone_number`, `email`) VALUES (262, 16, '75216367', 'kbaccas79@liveinternet.ru');
INSERT INTO `ocpizza`.`contact` (`id`, `id_address`, `phone_number`, `email`) VALUES (263, 29, '307106003', 'mhopfner7a@1688.com');
INSERT INTO `ocpizza`.`contact` (`id`, `id_address`, `phone_number`, `email`) VALUES (264, 34, '554847162', 'csabine7b@cargocollective.com');
INSERT INTO `ocpizza`.`contact` (`id`, `id_address`, `phone_number`, `email`) VALUES (265, 62, '386178587', 'dhopkins7c@cam.ac.uk');
INSERT INTO `ocpizza`.`contact` (`id`, `id_address`, `phone_number`, `email`) VALUES (266, 12, '713296349', 'sdaft7d@about.me');
INSERT INTO `ocpizza`.`contact` (`id`, `id_address`, `phone_number`, `email`) VALUES (267, 46, '577630693', 'vkerne7e@china.com.cn');
INSERT INTO `ocpizza`.`contact` (`id`, `id_address`, `phone_number`, `email`) VALUES (268, 59, '897255493', 'kdavidof7f@woothemes.com');
INSERT INTO `ocpizza`.`contact` (`id`, `id_address`, `phone_number`, `email`) VALUES (269, 100, '879078213', 'mallum7g@bigcartel.com');
INSERT INTO `ocpizza`.`contact` (`id`, `id_address`, `phone_number`, `email`) VALUES (270, 64, '747154229', 'kwolledge7h@soundcloud.com');
INSERT INTO `ocpizza`.`contact` (`id`, `id_address`, `phone_number`, `email`) VALUES (271, 46, '38905645', 'wcarine7i@bandcamp.com');
INSERT INTO `ocpizza`.`contact` (`id`, `id_address`, `phone_number`, `email`) VALUES (272, 72, '713295910', 'cdodds7j@ehow.com');
INSERT INTO `ocpizza`.`contact` (`id`, `id_address`, `phone_number`, `email`) VALUES (273, 42, '717735211', 'mgrishkov7k@twitter.com');
INSERT INTO `ocpizza`.`contact` (`id`, `id_address`, `phone_number`, `email`) VALUES (274, 61, '419156310', 'jetchell7l@discuz.net');
INSERT INTO `ocpizza`.`contact` (`id`, `id_address`, `phone_number`, `email`) VALUES (275, 22, '384538869', 'dmandrake7m@globo.com');
INSERT INTO `ocpizza`.`contact` (`id`, `id_address`, `phone_number`, `email`) VALUES (276, 61, '771143758', 'dphelps7n@un.org');
INSERT INTO `ocpizza`.`contact` (`id`, `id_address`, `phone_number`, `email`) VALUES (277, 38, '205623960', 'wdudney7o@1und1.de');
INSERT INTO `ocpizza`.`contact` (`id`, `id_address`, `phone_number`, `email`) VALUES (278, 29, '561823126', 'tspottswood7p@exblog.jp');
INSERT INTO `ocpizza`.`contact` (`id`, `id_address`, `phone_number`, `email`) VALUES (279, 24, '683068034', 'awanderschek7q@nih.gov');
INSERT INTO `ocpizza`.`contact` (`id`, `id_address`, `phone_number`, `email`) VALUES (280, 73, '178459809', 'comulderrig7r@newsvine.com');
INSERT INTO `ocpizza`.`contact` (`id`, `id_address`, `phone_number`, `email`) VALUES (281, 43, '204726678', 'mlodge7s@forbes.com');
INSERT INTO `ocpizza`.`contact` (`id`, `id_address`, `phone_number`, `email`) VALUES (282, 68, '293586271', 'lchattey7t@yahoo.co.jp');
INSERT INTO `ocpizza`.`contact` (`id`, `id_address`, `phone_number`, `email`) VALUES (283, 37, '429560516', 'tbrazelton7u@pagesperso-orange.fr');
INSERT INTO `ocpizza`.`contact` (`id`, `id_address`, `phone_number`, `email`) VALUES (284, 62, '27816333', 'nabramzon7v@friendfeed.com');
INSERT INTO `ocpizza`.`contact` (`id`, `id_address`, `phone_number`, `email`) VALUES (285, 60, '596335170', 'sdezuani7w@hibu.com');
INSERT INTO `ocpizza`.`contact` (`id`, `id_address`, `phone_number`, `email`) VALUES (286, 60, '389008342', 'hrugieri7x@tuttocitta.it');
INSERT INTO `ocpizza`.`contact` (`id`, `id_address`, `phone_number`, `email`) VALUES (287, 64, '179193048', 'sdumsday7y@ebay.com');
INSERT INTO `ocpizza`.`contact` (`id`, `id_address`, `phone_number`, `email`) VALUES (288, 22, '99655256', 'smolesworth7z@dropbox.com');
INSERT INTO `ocpizza`.`contact` (`id`, `id_address`, `phone_number`, `email`) VALUES (289, 30, '859362957', 'mspare80@patch.com');
INSERT INTO `ocpizza`.`contact` (`id`, `id_address`, `phone_number`, `email`) VALUES (290, 57, '135982018', 'krogister81@nhs.uk');
INSERT INTO `ocpizza`.`contact` (`id`, `id_address`, `phone_number`, `email`) VALUES (291, 31, '201733120', 'sfrossell82@artisteer.com');
INSERT INTO `ocpizza`.`contact` (`id`, `id_address`, `phone_number`, `email`) VALUES (292, 62, '972088792', 'lduinkerk83@nsw.gov.au');
INSERT INTO `ocpizza`.`contact` (`id`, `id_address`, `phone_number`, `email`) VALUES (293, 98, '56623502', 'mtinham84@youtu.be');
INSERT INTO `ocpizza`.`contact` (`id`, `id_address`, `phone_number`, `email`) VALUES (294, 92, '924020340', 'ayu85@nydailynews.com');
INSERT INTO `ocpizza`.`contact` (`id`, `id_address`, `phone_number`, `email`) VALUES (295, 60, '522140500', 'mmalacrida86@usgs.gov');
INSERT INTO `ocpizza`.`contact` (`id`, `id_address`, `phone_number`, `email`) VALUES (296, 92, '306514923', 'ckemball87@umn.edu');
INSERT INTO `ocpizza`.`contact` (`id`, `id_address`, `phone_number`, `email`) VALUES (297, 8, '767996424', 'gmcculley88@ezinearticles.com');
INSERT INTO `ocpizza`.`contact` (`id`, `id_address`, `phone_number`, `email`) VALUES (298, 47, '178786435', 'brubke89@prweb.com');
INSERT INTO `ocpizza`.`contact` (`id`, `id_address`, `phone_number`, `email`) VALUES (299, 72, '496138183', 'jflounders8a@twitpic.com');
INSERT INTO `ocpizza`.`contact` (`id`, `id_address`, `phone_number`, `email`) VALUES (300, 50, '985481283', 'nmulvaney8b@pbs.org');
INSERT INTO `ocpizza`.`contact` (`id`, `id_address`, `phone_number`, `email`) VALUES (301, 57, '684204524', 'ccanacott8c@privacy.gov.au');
INSERT INTO `ocpizza`.`contact` (`id`, `id_address`, `phone_number`, `email`) VALUES (302, 36, '327933925', 'agianulli8d@t-online.de');
INSERT INTO `ocpizza`.`contact` (`id`, `id_address`, `phone_number`, `email`) VALUES (303, 63, '118205861', 'ibricksey8e@trellian.com');
INSERT INTO `ocpizza`.`contact` (`id`, `id_address`, `phone_number`, `email`) VALUES (304, 3, '745521730', 'ltowey8f@dailymotion.com');
INSERT INTO `ocpizza`.`contact` (`id`, `id_address`, `phone_number`, `email`) VALUES (305, 16, '76634775', 'mrooksby8g@free.fr');
INSERT INTO `ocpizza`.`contact` (`id`, `id_address`, `phone_number`, `email`) VALUES (306, 68, '168295629', 'ffurst8h@slashdot.org');
INSERT INTO `ocpizza`.`contact` (`id`, `id_address`, `phone_number`, `email`) VALUES (307, 37, '485065229', 'sdelacroix8i@yellowpages.com');
INSERT INTO `ocpizza`.`contact` (`id`, `id_address`, `phone_number`, `email`) VALUES (308, 98, '723963154', 'aflinders8j@miibeian.gov.cn');
INSERT INTO `ocpizza`.`contact` (`id`, `id_address`, `phone_number`, `email`) VALUES (309, 22, '957699851', 'bwaliszewski8k@mayoclinic.com');
INSERT INTO `ocpizza`.`contact` (`id`, `id_address`, `phone_number`, `email`) VALUES (310, 6, '2804722', 'crolston8l@free.fr');
INSERT INTO `ocpizza`.`contact` (`id`, `id_address`, `phone_number`, `email`) VALUES (311, 99, '211282983', 'krippon8m@bizjournals.com');
INSERT INTO `ocpizza`.`contact` (`id`, `id_address`, `phone_number`, `email`) VALUES (312, 78, '833231568', 'ehaslum8n@freewebs.com');
INSERT INTO `ocpizza`.`contact` (`id`, `id_address`, `phone_number`, `email`) VALUES (313, 28, '267122568', 'tducham8o@sfgate.com');
INSERT INTO `ocpizza`.`contact` (`id`, `id_address`, `phone_number`, `email`) VALUES (314, 69, '433442754', 'dbleyman8p@webeden.co.uk');
INSERT INTO `ocpizza`.`contact` (`id`, `id_address`, `phone_number`, `email`) VALUES (315, 134, '417494019', 'bschoffel8q@telegraph.co.uk');
INSERT INTO `ocpizza`.`contact` (`id`, `id_address`, `phone_number`, `email`) VALUES (316, 36, '12142397', 'aneno8r@netvibes.com');
INSERT INTO `ocpizza`.`contact` (`id`, `id_address`, `phone_number`, `email`) VALUES (317, 62, '872170154', 'riczokvitz8s@vkontakte.ru');
INSERT INTO `ocpizza`.`contact` (`id`, `id_address`, `phone_number`, `email`) VALUES (318, 1, '327384120', 'hbroader8t@people.com.cn');
INSERT INTO `ocpizza`.`contact` (`id`, `id_address`, `phone_number`, `email`) VALUES (319, 28, '896972299', 'gizkovitch8u@deviantart.com');
INSERT INTO `ocpizza`.`contact` (`id`, `id_address`, `phone_number`, `email`) VALUES (320, 12, '675524585', 'mbeaton8v@desdev.cn');
INSERT INTO `ocpizza`.`contact` (`id`, `id_address`, `phone_number`, `email`) VALUES (321, 94, '672439169', 'nmbarron8w@indiegogo.com');
INSERT INTO `ocpizza`.`contact` (`id`, `id_address`, `phone_number`, `email`) VALUES (322, 25, '146996222', 'mianson8x@stumbleupon.com');
INSERT INTO `ocpizza`.`contact` (`id`, `id_address`, `phone_number`, `email`) VALUES (323, 2, '412574403', 'aesp8y@e-recht24.de');
INSERT INTO `ocpizza`.`contact` (`id`, `id_address`, `phone_number`, `email`) VALUES (324, 10, '438285548', 'berat8z@cbsnews.com');
INSERT INTO `ocpizza`.`contact` (`id`, `id_address`, `phone_number`, `email`) VALUES (325, 77, '431460727', 'lvalentine90@typepad.com');
INSERT INTO `ocpizza`.`contact` (`id`, `id_address`, `phone_number`, `email`) VALUES (326, 29, '778322862', 'hdyka91@oaic.gov.au');
INSERT INTO `ocpizza`.`contact` (`id`, `id_address`, `phone_number`, `email`) VALUES (327, 8, '501559604', 'jguerra92@who.int');
INSERT INTO `ocpizza`.`contact` (`id`, `id_address`, `phone_number`, `email`) VALUES (328, 36, '346646945', 'pgeorgeson93@technorati.com');
INSERT INTO `ocpizza`.`contact` (`id`, `id_address`, `phone_number`, `email`) VALUES (329, 95, '372344231', 'mgommowe94@forbes.com');
INSERT INTO `ocpizza`.`contact` (`id`, `id_address`, `phone_number`, `email`) VALUES (330, 74, '994963076', 'fmagnay95@deliciousdays.com');
INSERT INTO `ocpizza`.`contact` (`id`, `id_address`, `phone_number`, `email`) VALUES (331, 49, '762985975', 'astidston96@google.fr');
INSERT INTO `ocpizza`.`contact` (`id`, `id_address`, `phone_number`, `email`) VALUES (332, 1, '215357925', 'kwingeatt97@omniture.com');
INSERT INTO `ocpizza`.`contact` (`id`, `id_address`, `phone_number`, `email`) VALUES (333, 25, '563547628', 'gjennison98@state.tx.us');
INSERT INTO `ocpizza`.`contact` (`id`, `id_address`, `phone_number`, `email`) VALUES (334, 22, '617004673', 'ohaynes99@ehow.com');
INSERT INTO `ocpizza`.`contact` (`id`, `id_address`, `phone_number`, `email`) VALUES (335, 1, '283094319', 'cethridge9a@surveymonkey.com');
INSERT INTO `ocpizza`.`contact` (`id`, `id_address`, `phone_number`, `email`) VALUES (336, 76, '706564223', 'psearchwell9b@cafepress.com');
INSERT INTO `ocpizza`.`contact` (`id`, `id_address`, `phone_number`, `email`) VALUES (337, 91, '213349292', 'aduffield9c@epa.gov');
INSERT INTO `ocpizza`.`contact` (`id`, `id_address`, `phone_number`, `email`) VALUES (338, 29, '62452277', 'nmcnelly9d@china.com.cn');
INSERT INTO `ocpizza`.`contact` (`id`, `id_address`, `phone_number`, `email`) VALUES (339, 19, '675634407', 'aoflaverty9e@nih.gov');
INSERT INTO `ocpizza`.`contact` (`id`, `id_address`, `phone_number`, `email`) VALUES (340, 100, '885682969', 'ddanniell9f@paginegialle.it');
INSERT INTO `ocpizza`.`contact` (`id`, `id_address`, `phone_number`, `email`) VALUES (341, 32, '397170434', 'dthormwell9g@npr.org');
INSERT INTO `ocpizza`.`contact` (`id`, `id_address`, `phone_number`, `email`) VALUES (342, 42, '446451277', 'kmckinstry9h@zimbio.com');
INSERT INTO `ocpizza`.`contact` (`id`, `id_address`, `phone_number`, `email`) VALUES (343, 61, '112108503', 'gmcguckin9i@nasa.gov');
INSERT INTO `ocpizza`.`contact` (`id`, `id_address`, `phone_number`, `email`) VALUES (344, 4, '98154504', 'cjonas9j@goo.ne.jp');
INSERT INTO `ocpizza`.`contact` (`id`, `id_address`, `phone_number`, `email`) VALUES (345, 13, '522502518', 'ebuckingham9k@ucla.edu');
INSERT INTO `ocpizza`.`contact` (`id`, `id_address`, `phone_number`, `email`) VALUES (346, 54, '951588416', 'bkelledy9l@webs.com');
INSERT INTO `ocpizza`.`contact` (`id`, `id_address`, `phone_number`, `email`) VALUES (347, 9, '719942268', 'tbentley9m@nasa.gov');
INSERT INTO `ocpizza`.`contact` (`id`, `id_address`, `phone_number`, `email`) VALUES (348, 24, '845012237', 'dmcclymont9n@usgs.gov');
INSERT INTO `ocpizza`.`contact` (`id`, `id_address`, `phone_number`, `email`) VALUES (349, 77, '479371460', 'ufiddian9o@nba.com');
INSERT INTO `ocpizza`.`contact` (`id`, `id_address`, `phone_number`, `email`) VALUES (350, 76, '785108887', 'ataylo9p@aol.com');
INSERT INTO `ocpizza`.`contact` (`id`, `id_address`, `phone_number`, `email`) VALUES (351, 66, '523661242', 'kwaadenburg9q@amazonaws.com');
INSERT INTO `ocpizza`.`contact` (`id`, `id_address`, `phone_number`, `email`) VALUES (352, 81, '294381204', 'pbackler9r@bloglines.com');
INSERT INTO `ocpizza`.`contact` (`id`, `id_address`, `phone_number`, `email`) VALUES (353, 93, '89499847', 'loleksiak9s@google.co.uk');
INSERT INTO `ocpizza`.`contact` (`id`, `id_address`, `phone_number`, `email`) VALUES (354, 66, '373307674', 'clighten9t@umn.edu');
INSERT INTO `ocpizza`.`contact` (`id`, `id_address`, `phone_number`, `email`) VALUES (355, 60, '46055881', 'llindroos9u@google.cn');
INSERT INTO `ocpizza`.`contact` (`id`, `id_address`, `phone_number`, `email`) VALUES (356, 30, '67010476', 'lkalinsky9v@webs.com');
INSERT INTO `ocpizza`.`contact` (`id`, `id_address`, `phone_number`, `email`) VALUES (357, 7, '472941946', 'rtremontana9w@hatena.ne.jp');
INSERT INTO `ocpizza`.`contact` (`id`, `id_address`, `phone_number`, `email`) VALUES (358, 54, '632269782', 'sunwins9x@hatena.ne.jp');
INSERT INTO `ocpizza`.`contact` (`id`, `id_address`, `phone_number`, `email`) VALUES (359, 19, '434064662', 'rpracy9y@arstechnica.com');
INSERT INTO `ocpizza`.`contact` (`id`, `id_address`, `phone_number`, `email`) VALUES (360, 47, '254972179', 'breynoldson9z@yandex.ru');
INSERT INTO `ocpizza`.`contact` (`id`, `id_address`, `phone_number`, `email`) VALUES (361, 66, '596137696', 'bmarrisa0@smh.com.au');
INSERT INTO `ocpizza`.`contact` (`id`, `id_address`, `phone_number`, `email`) VALUES (362, 9, '637849551', 'gburnupa1@addtoany.com');
INSERT INTO `ocpizza`.`contact` (`id`, `id_address`, `phone_number`, `email`) VALUES (363, 94, '823024226', 'whowshipa2@addthis.com');
INSERT INTO `ocpizza`.`contact` (`id`, `id_address`, `phone_number`, `email`) VALUES (364, 29, '831551802', 'kdonovina3@seattletimes.com');
INSERT INTO `ocpizza`.`contact` (`id`, `id_address`, `phone_number`, `email`) VALUES (365, 11, '33515819', 'gcarnewa4@java.com');
INSERT INTO `ocpizza`.`contact` (`id`, `id_address`, `phone_number`, `email`) VALUES (366, 99, '251595184', 'asnodinga5@usda.gov');
INSERT INTO `ocpizza`.`contact` (`id`, `id_address`, `phone_number`, `email`) VALUES (367, 23, '659259370', 'lgilyatta6@a8.net');
INSERT INTO `ocpizza`.`contact` (`id`, `id_address`, `phone_number`, `email`) VALUES (368, 25, '722255632', 'ktedorenkoa7@gov.uk');
INSERT INTO `ocpizza`.`contact` (`id`, `id_address`, `phone_number`, `email`) VALUES (369, 40, '655493922', 'estrahana8@a8.net');
INSERT INTO `ocpizza`.`contact` (`id`, `id_address`, `phone_number`, `email`) VALUES (370, 95, '321588574', 'kkordovania9@51.la');
INSERT INTO `ocpizza`.`contact` (`id`, `id_address`, `phone_number`, `email`) VALUES (371, 44, '647167403', 'ldomangeaa@ask.com');
INSERT INTO `ocpizza`.`contact` (`id`, `id_address`, `phone_number`, `email`) VALUES (372, 81, '477258155', 'bstopfordab@stanford.edu');
INSERT INTO `ocpizza`.`contact` (`id`, `id_address`, `phone_number`, `email`) VALUES (373, 85, '484569393', 'acomizzoliac@instagram.com');
INSERT INTO `ocpizza`.`contact` (`id`, `id_address`, `phone_number`, `email`) VALUES (374, 67, '661899155', 'ocollymoread@dailymotion.com');
INSERT INTO `ocpizza`.`contact` (`id`, `id_address`, `phone_number`, `email`) VALUES (375, 61, '838335942', 'cvenneurae@miibeian.gov.cn');
INSERT INTO `ocpizza`.`contact` (`id`, `id_address`, `phone_number`, `email`) VALUES (376, 18, '693273374', 'lrobensaf@de.vu');
INSERT INTO `ocpizza`.`contact` (`id`, `id_address`, `phone_number`, `email`) VALUES (377, 83, '191187217', 'eshearstonag@trellian.com');
INSERT INTO `ocpizza`.`contact` (`id`, `id_address`, `phone_number`, `email`) VALUES (378, 44, '33328015', 'climprechtah@t.co');
INSERT INTO `ocpizza`.`contact` (`id`, `id_address`, `phone_number`, `email`) VALUES (379, 95, '27127155', 'clilloai@mysql.com');
INSERT INTO `ocpizza`.`contact` (`id`, `id_address`, `phone_number`, `email`) VALUES (380, 36, '384018377', 'ldictaj@godaddy.com');
INSERT INTO `ocpizza`.`contact` (`id`, `id_address`, `phone_number`, `email`) VALUES (381, 50, '937477568', 'ereveningak@de.vu');
INSERT INTO `ocpizza`.`contact` (`id`, `id_address`, `phone_number`, `email`) VALUES (382, 22, '961187493', 'agaultal@illinois.edu');
INSERT INTO `ocpizza`.`contact` (`id`, `id_address`, `phone_number`, `email`) VALUES (383, 38, '551328518', 'ihingam@deviantart.com');
INSERT INTO `ocpizza`.`contact` (`id`, `id_address`, `phone_number`, `email`) VALUES (384, 29, '167380794', 'nmillinsan@delicious.com');
INSERT INTO `ocpizza`.`contact` (`id`, `id_address`, `phone_number`, `email`) VALUES (385, 15, '728604231', 'ccornewallao@usda.gov');
INSERT INTO `ocpizza`.`contact` (`id`, `id_address`, `phone_number`, `email`) VALUES (386, 17, '444281042', 'cmizenap@mtv.com');
INSERT INTO `ocpizza`.`contact` (`id`, `id_address`, `phone_number`, `email`) VALUES (387, 5, '857285999', 'rhagstonaq@amazon.co.jp');
INSERT INTO `ocpizza`.`contact` (`id`, `id_address`, `phone_number`, `email`) VALUES (388, 5, '818561615', 'kboxear@blogtalkradio.com');
INSERT INTO `ocpizza`.`contact` (`id`, `id_address`, `phone_number`, `email`) VALUES (389, 65, '423586433', 'sruffas@dagondesign.com');
INSERT INTO `ocpizza`.`contact` (`id`, `id_address`, `phone_number`, `email`) VALUES (390, 29, '476763216', 'rweatherdonat@miibeian.gov.cn');
INSERT INTO `ocpizza`.`contact` (`id`, `id_address`, `phone_number`, `email`) VALUES (391, 56, '172270542', 'ejeanonau@list-manage.com');
INSERT INTO `ocpizza`.`contact` (`id`, `id_address`, `phone_number`, `email`) VALUES (392, 85, '267660511', 'cgrayav@unesco.org');
INSERT INTO `ocpizza`.`contact` (`id`, `id_address`, `phone_number`, `email`) VALUES (393, 58, '506501485', 'jstockhillaw@miibeian.gov.cn');
INSERT INTO `ocpizza`.`contact` (`id`, `id_address`, `phone_number`, `email`) VALUES (394, 47, '214290884', 'smedforthax@com.com');
INSERT INTO `ocpizza`.`contact` (`id`, `id_address`, `phone_number`, `email`) VALUES (395, 32, '855660643', 'rpeceyay@hubpages.com');
INSERT INTO `ocpizza`.`contact` (`id`, `id_address`, `phone_number`, `email`) VALUES (396, 32, '322208740', 'tvailaz@naver.com');
INSERT INTO `ocpizza`.`contact` (`id`, `id_address`, `phone_number`, `email`) VALUES (397, 7, '645767887', 'cbornb0@wsj.com');
INSERT INTO `ocpizza`.`contact` (`id`, `id_address`, `phone_number`, `email`) VALUES (398, 23, '464393903', 'ctallowb1@discuz.net');
INSERT INTO `ocpizza`.`contact` (`id`, `id_address`, `phone_number`, `email`) VALUES (399, 79, '623898864', 'ypaulerb2@google.pl');
INSERT INTO `ocpizza`.`contact` (`id`, `id_address`, `phone_number`, `email`) VALUES (400, 1, '36126200', 'rmathanb3@edublogs.org');
INSERT INTO `ocpizza`.`contact` (`id`, `id_address`, `phone_number`, `email`) VALUES (401, 5, '299253932', 'hfairesb4@goo.ne.jp');
INSERT INTO `ocpizza`.`contact` (`id`, `id_address`, `phone_number`, `email`) VALUES (402, 42, '707458984', 'fdenesb5@npr.org');
INSERT INTO `ocpizza`.`contact` (`id`, `id_address`, `phone_number`, `email`) VALUES (403, 16, '83886150', 'dbaidenb6@patch.com');
INSERT INTO `ocpizza`.`contact` (`id`, `id_address`, `phone_number`, `email`) VALUES (404, 64, '551325844', 'cwhitemanb7@fema.gov');
INSERT INTO `ocpizza`.`contact` (`id`, `id_address`, `phone_number`, `email`) VALUES (405, 13, '886327853', 'peskriettb8@tripadvisor.com');
INSERT INTO `ocpizza`.`contact` (`id`, `id_address`, `phone_number`, `email`) VALUES (406, 40, '815486741', 'imicheaub9@si.edu');
INSERT INTO `ocpizza`.`contact` (`id`, `id_address`, `phone_number`, `email`) VALUES (407, 7, '531826010', 'pyuranovevba@biblegateway.com');
INSERT INTO `ocpizza`.`contact` (`id`, `id_address`, `phone_number`, `email`) VALUES (408, 87, '611100131', 'sfyrthbb@washingtonpost.com');
INSERT INTO `ocpizza`.`contact` (`id`, `id_address`, `phone_number`, `email`) VALUES (409, 96, '566759801', 'cgoodaylebc@webmd.com');
INSERT INTO `ocpizza`.`contact` (`id`, `id_address`, `phone_number`, `email`) VALUES (410, 34, '916968393', 'adellortobd@unblog.fr');
INSERT INTO `ocpizza`.`contact` (`id`, `id_address`, `phone_number`, `email`) VALUES (411, 32, '7761817', 'mohanveybe@cocolog-nifty.com');
INSERT INTO `ocpizza`.`contact` (`id`, `id_address`, `phone_number`, `email`) VALUES (412, 26, '998280046', 'fmecozzibf@google.it');
INSERT INTO `ocpizza`.`contact` (`id`, `id_address`, `phone_number`, `email`) VALUES (413, 6, '841361056', 'wbimsbg@cnbc.com');
INSERT INTO `ocpizza`.`contact` (`id`, `id_address`, `phone_number`, `email`) VALUES (414, 24, '131241292', 'sclappbh@theglobeandmail.com');
INSERT INTO `ocpizza`.`contact` (`id`, `id_address`, `phone_number`, `email`) VALUES (415, 534, '614061511', 'lcarlensbi@woothemes.com');
INSERT INTO `ocpizza`.`contact` (`id`, `id_address`, `phone_number`, `email`) VALUES (416, 79, '643116720', 'ebaumertbj@bizjournals.com');
INSERT INTO `ocpizza`.`contact` (`id`, `id_address`, `phone_number`, `email`) VALUES (417, 334, '336864678', 'umcilmoriebk@usa.gov');
INSERT INTO `ocpizza`.`contact` (`id`, `id_address`, `phone_number`, `email`) VALUES (418, 59, '558065228', 'dmerrimentbl@joomla.org');
INSERT INTO `ocpizza`.`contact` (`id`, `id_address`, `phone_number`, `email`) VALUES (419, 60, '745346171', 'nmcnirlinbm@economist.com');
INSERT INTO `ocpizza`.`contact` (`id`, `id_address`, `phone_number`, `email`) VALUES (420, 1, '422134301', 'hshotboltbn@google.ru');
INSERT INTO `ocpizza`.`contact` (`id`, `id_address`, `phone_number`, `email`) VALUES (421, 58, '887491566', 'chairsinebo@weather.com');
INSERT INTO `ocpizza`.`contact` (`id`, `id_address`, `phone_number`, `email`) VALUES (422, 81, '787039520', 'mheisterbp@irs.gov');
INSERT INTO `ocpizza`.`contact` (`id`, `id_address`, `phone_number`, `email`) VALUES (423, 7, '966111732', 'mbehrensbq@google.nl');
INSERT INTO `ocpizza`.`contact` (`id`, `id_address`, `phone_number`, `email`) VALUES (424, 58, '515271377', 'abrydsonbr@technorati.com');
INSERT INTO `ocpizza`.`contact` (`id`, `id_address`, `phone_number`, `email`) VALUES (425, 71, '361050471', 'mgreatlandbs@dmoz.org');
INSERT INTO `ocpizza`.`contact` (`id`, `id_address`, `phone_number`, `email`) VALUES (426, 76, '685323315', 'kgrandhambt@lycos.com');
INSERT INTO `ocpizza`.`contact` (`id`, `id_address`, `phone_number`, `email`) VALUES (427, 95, '702400562', 'chubbockbu@gmpg.org');
INSERT INTO `ocpizza`.`contact` (`id`, `id_address`, `phone_number`, `email`) VALUES (428, 74, '733526688', 'gcunniambv@slashdot.org');
INSERT INTO `ocpizza`.`contact` (`id`, `id_address`, `phone_number`, `email`) VALUES (429, 61, '616466114', 'lrobezbw@reference.com');
INSERT INTO `ocpizza`.`contact` (`id`, `id_address`, `phone_number`, `email`) VALUES (430, 45, '879722575', 'wstruttmanbx@naver.com');
INSERT INTO `ocpizza`.`contact` (`id`, `id_address`, `phone_number`, `email`) VALUES (431, 95, '751654596', 'cmorandoby@paginegialle.it');
INSERT INTO `ocpizza`.`contact` (`id`, `id_address`, `phone_number`, `email`) VALUES (432, 95, '945771834', 'jwherrettbz@noaa.gov');
INSERT INTO `ocpizza`.`contact` (`id`, `id_address`, `phone_number`, `email`) VALUES (433, 3, '472073699', 'lbrambellc0@comsenz.com');
INSERT INTO `ocpizza`.`contact` (`id`, `id_address`, `phone_number`, `email`) VALUES (434, 59, '923917946', 'efayec1@odnoklassniki.ru');
INSERT INTO `ocpizza`.`contact` (`id`, `id_address`, `phone_number`, `email`) VALUES (435, 10, '199276137', 'hhynesc2@columbia.edu');
INSERT INTO `ocpizza`.`contact` (`id`, `id_address`, `phone_number`, `email`) VALUES (436, 60, '311392398', 'nmattissonc3@exblog.jp');
INSERT INTO `ocpizza`.`contact` (`id`, `id_address`, `phone_number`, `email`) VALUES (437, 98, '988978935', 'hfetherbyc4@narod.ru');
INSERT INTO `ocpizza`.`contact` (`id`, `id_address`, `phone_number`, `email`) VALUES (438, 97, '127984950', 'pdominecc5@quantcast.com');
INSERT INTO `ocpizza`.`contact` (`id`, `id_address`, `phone_number`, `email`) VALUES (439, 91, '395577506', 'tferminc6@paginegialle.it');
INSERT INTO `ocpizza`.`contact` (`id`, `id_address`, `phone_number`, `email`) VALUES (440, 77, '732626709', 'rrintoulc7@cdbaby.com');
INSERT INTO `ocpizza`.`contact` (`id`, `id_address`, `phone_number`, `email`) VALUES (441, 41, '146380523', 'dschimonekc8@noaa.gov');
INSERT INTO `ocpizza`.`contact` (`id`, `id_address`, `phone_number`, `email`) VALUES (442, 62, '238684093', 'gmcramseyc9@businessweek.com');
INSERT INTO `ocpizza`.`contact` (`id`, `id_address`, `phone_number`, `email`) VALUES (443, 66, '346709966', 'ltimsonca@google.co.uk');
INSERT INTO `ocpizza`.`contact` (`id`, `id_address`, `phone_number`, `email`) VALUES (444, 72, '183862070', 'wdyzartcb@xinhuanet.com');
INSERT INTO `ocpizza`.`contact` (`id`, `id_address`, `phone_number`, `email`) VALUES (445, 84, '346118818', 'abrandrickcc@cbslocal.com');
INSERT INTO `ocpizza`.`contact` (`id`, `id_address`, `phone_number`, `email`) VALUES (446, 65, '635547458', 'xmccrawcd@yandex.ru');
INSERT INTO `ocpizza`.`contact` (`id`, `id_address`, `phone_number`, `email`) VALUES (447, 26, '413197780', 'fsantryce@disqus.com');
INSERT INTO `ocpizza`.`contact` (`id`, `id_address`, `phone_number`, `email`) VALUES (448, 52, '136404015', 'istrephancf@guardian.co.uk');
INSERT INTO `ocpizza`.`contact` (`id`, `id_address`, `phone_number`, `email`) VALUES (449, 44, '734101653', 'zbullantcg@usda.gov');
INSERT INTO `ocpizza`.`contact` (`id`, `id_address`, `phone_number`, `email`) VALUES (450, 19, '7818182', 'lhaackerch@economist.com');
INSERT INTO `ocpizza`.`contact` (`id`, `id_address`, `phone_number`, `email`) VALUES (451, 69, '199021403', 'mbenjafieldci@cafepress.com');
INSERT INTO `ocpizza`.`contact` (`id`, `id_address`, `phone_number`, `email`) VALUES (452, 49, '183575419', 'jifillcj@ocn.ne.jp');
INSERT INTO `ocpizza`.`contact` (`id`, `id_address`, `phone_number`, `email`) VALUES (453, 7, '642939625', 'lspurnierck@opera.com');
INSERT INTO `ocpizza`.`contact` (`id`, `id_address`, `phone_number`, `email`) VALUES (454, 84, '914164451', 'chasseycl@hexun.com');
INSERT INTO `ocpizza`.`contact` (`id`, `id_address`, `phone_number`, `email`) VALUES (455, 35, '709446363', 'kgillbeecm@t-online.de');
INSERT INTO `ocpizza`.`contact` (`id`, `id_address`, `phone_number`, `email`) VALUES (456, 91, '867406917', 'ltrippcn@fastcompany.com');
INSERT INTO `ocpizza`.`contact` (`id`, `id_address`, `phone_number`, `email`) VALUES (457, 17, '73897879', 'fdorrinsco@bravesites.com');
INSERT INTO `ocpizza`.`contact` (`id`, `id_address`, `phone_number`, `email`) VALUES (458, 80, '782726901', 'msneddoncp@altervista.org');
INSERT INTO `ocpizza`.`contact` (`id`, `id_address`, `phone_number`, `email`) VALUES (459, 28, '973147873', 'jlaxtonnecq@house.gov');
INSERT INTO `ocpizza`.`contact` (`id`, `id_address`, `phone_number`, `email`) VALUES (460, 44, '194626246', 'kgellcr@blinklist.com');
INSERT INTO `ocpizza`.`contact` (`id`, `id_address`, `phone_number`, `email`) VALUES (461, 20, '627897409', 'battenboroughcs@nhs.uk');
INSERT INTO `ocpizza`.`contact` (`id`, `id_address`, `phone_number`, `email`) VALUES (462, 2, '882417899', 'bdallanderct@blogtalkradio.com');
INSERT INTO `ocpizza`.`contact` (`id`, `id_address`, `phone_number`, `email`) VALUES (463, 92, '365286945', 'vperfittcu@npr.org');
INSERT INTO `ocpizza`.`contact` (`id`, `id_address`, `phone_number`, `email`) VALUES (464, 12, '59723960', 'wiacovellicv@lulu.com');
INSERT INTO `ocpizza`.`contact` (`id`, `id_address`, `phone_number`, `email`) VALUES (465, 45, '12320802', 'mpimerickcw@usda.gov');
INSERT INTO `ocpizza`.`contact` (`id`, `id_address`, `phone_number`, `email`) VALUES (466, 22, '213433546', 'fpatershallcx@cdbaby.com');
INSERT INTO `ocpizza`.`contact` (`id`, `id_address`, `phone_number`, `email`) VALUES (467, 98, '171596982', 'jwindascy@bloglines.com');
INSERT INTO `ocpizza`.`contact` (`id`, `id_address`, `phone_number`, `email`) VALUES (468, 3, '484238662', 'aruselincz@hc360.com');
INSERT INTO `ocpizza`.`contact` (`id`, `id_address`, `phone_number`, `email`) VALUES (469, 18, '717979813', 'ofitzsymonsd0@cbsnews.com');
INSERT INTO `ocpizza`.`contact` (`id`, `id_address`, `phone_number`, `email`) VALUES (470, 79, '103345041', 'btutchingsd1@engadget.com');
INSERT INTO `ocpizza`.`contact` (`id`, `id_address`, `phone_number`, `email`) VALUES (471, 65, '562741060', 'jdashkovichd2@goodreads.com');
INSERT INTO `ocpizza`.`contact` (`id`, `id_address`, `phone_number`, `email`) VALUES (472, 93, '888571767', 'epigginsd3@so-net.ne.jp');
INSERT INTO `ocpizza`.`contact` (`id`, `id_address`, `phone_number`, `email`) VALUES (473, 6, '347810662', 'wpotkind4@parallels.com');
INSERT INTO `ocpizza`.`contact` (`id`, `id_address`, `phone_number`, `email`) VALUES (474, 89, '537661431', 'ldekeepd5@miitbeian.gov.cn');
INSERT INTO `ocpizza`.`contact` (`id`, `id_address`, `phone_number`, `email`) VALUES (475, 34, '826432991', 'wbreitlingd6@dmoz.org');
INSERT INTO `ocpizza`.`contact` (`id`, `id_address`, `phone_number`, `email`) VALUES (476, 46, '736292383', 'pangelid7@cnbc.com');
INSERT INTO `ocpizza`.`contact` (`id`, `id_address`, `phone_number`, `email`) VALUES (477, 67, '481973628', 'kkingslyd8@theatlantic.com');
INSERT INTO `ocpizza`.`contact` (`id`, `id_address`, `phone_number`, `email`) VALUES (478, 88, '873614035', 'kmccraed9@com.com');
INSERT INTO `ocpizza`.`contact` (`id`, `id_address`, `phone_number`, `email`) VALUES (479, 99, '807171671', 'rgrenvilleda@amazon.com');
INSERT INTO `ocpizza`.`contact` (`id`, `id_address`, `phone_number`, `email`) VALUES (480, 27, '705013120', 'ejacoxdb@fda.gov');
INSERT INTO `ocpizza`.`contact` (`id`, `id_address`, `phone_number`, `email`) VALUES (481, 46, '899061276', 'jbakesdc@wsj.com');
INSERT INTO `ocpizza`.`contact` (`id`, `id_address`, `phone_number`, `email`) VALUES (482, 85, '467428558', 'risakssondd@ehow.com');
INSERT INTO `ocpizza`.`contact` (`id`, `id_address`, `phone_number`, `email`) VALUES (483, 15, '601642887', 'gbrumblede@virginia.edu');
INSERT INTO `ocpizza`.`contact` (`id`, `id_address`, `phone_number`, `email`) VALUES (484, 42, '875796926', 'rbrosemandf@google.it');
INSERT INTO `ocpizza`.`contact` (`id`, `id_address`, `phone_number`, `email`) VALUES (485, 24, '56508671', 'mdolesdg@google.es');
INSERT INTO `ocpizza`.`contact` (`id`, `id_address`, `phone_number`, `email`) VALUES (486, 5, '802369308', 'bhadwindh@google.co.jp');
INSERT INTO `ocpizza`.`contact` (`id`, `id_address`, `phone_number`, `email`) VALUES (487, 87, '274587522', 'gdavidssondi@sciencedaily.com');
INSERT INTO `ocpizza`.`contact` (`id`, `id_address`, `phone_number`, `email`) VALUES (488, 1, '608992093', 'pnethercliftdj@huffingtonpost.com');
INSERT INTO `ocpizza`.`contact` (`id`, `id_address`, `phone_number`, `email`) VALUES (489, 61, '714741579', 'bpiddlehintondk@ameblo.jp');
INSERT INTO `ocpizza`.`contact` (`id`, `id_address`, `phone_number`, `email`) VALUES (490, 1, '33043093', 'mclydedl@twitter.com');
INSERT INTO `ocpizza`.`contact` (`id`, `id_address`, `phone_number`, `email`) VALUES (491, 33, '106118830', 'msimonassidm@biblegateway.com');
INSERT INTO `ocpizza`.`contact` (`id`, `id_address`, `phone_number`, `email`) VALUES (492, 61, '327050992', 'jbriddockdn@paypal.com');
INSERT INTO `ocpizza`.`contact` (`id`, `id_address`, `phone_number`, `email`) VALUES (493, 69, '495117991', 'llearmouthdo@army.mil');
INSERT INTO `ocpizza`.`contact` (`id`, `id_address`, `phone_number`, `email`) VALUES (494, 9, '834672517', 'dkunzdp@pbs.org');
INSERT INTO `ocpizza`.`contact` (`id`, `id_address`, `phone_number`, `email`) VALUES (495, 39, '845828954', 'jgoodinsondq@rediff.com');
INSERT INTO `ocpizza`.`contact` (`id`, `id_address`, `phone_number`, `email`) VALUES (496, 96, '319426090', 'cmcgaugeydr@networkadvertising.org');
INSERT INTO `ocpizza`.`contact` (`id`, `id_address`, `phone_number`, `email`) VALUES (497, 53, '943369706', 'akeesds@gmpg.org');
INSERT INTO `ocpizza`.`contact` (`id`, `id_address`, `phone_number`, `email`) VALUES (498, 49, '278086217', 'claybourndt@mtv.com');
INSERT INTO `ocpizza`.`contact` (`id`, `id_address`, `phone_number`, `email`) VALUES (499, 23, '128328430', 'etoozedu@forbes.com');
INSERT INTO `ocpizza`.`contact` (`id`, `id_address`, `phone_number`, `email`) VALUES (500, 45, '605728556', 'dfeehamdv@dmoz.org');
INSERT INTO `ocpizza`.`contact` (`id`, `id_address`, `phone_number`, `email`) VALUES (501, 94, '729229239', 'atregidgodw@elpais.com');
INSERT INTO `ocpizza`.`contact` (`id`, `id_address`, `phone_number`, `email`) VALUES (502, 21, '14020492', 'etuftdx@imageshack.us');
INSERT INTO `ocpizza`.`contact` (`id`, `id_address`, `phone_number`, `email`) VALUES (503, 22, '29413604', 'lpheazeydy@springer.com');
INSERT INTO `ocpizza`.`contact` (`id`, `id_address`, `phone_number`, `email`) VALUES (504, 50, '949092262', 'gmalliondz@google.ru');
INSERT INTO `ocpizza`.`contact` (`id`, `id_address`, `phone_number`, `email`) VALUES (505, 48, '93929159', 'ebidnalle0@ow.ly');
INSERT INTO `ocpizza`.`contact` (`id`, `id_address`, `phone_number`, `email`) VALUES (506, 46, '17091544', 'btarbette1@ucoz.com');
INSERT INTO `ocpizza`.`contact` (`id`, `id_address`, `phone_number`, `email`) VALUES (507, 3, '417130538', 'vgraithe2@altervista.org');
INSERT INTO `ocpizza`.`contact` (`id`, `id_address`, `phone_number`, `email`) VALUES (508, 54, '837330051', 'hbaulcombee3@sun.com');
INSERT INTO `ocpizza`.`contact` (`id`, `id_address`, `phone_number`, `email`) VALUES (509, 70, '757093499', 'dsanse4@google.de');
INSERT INTO `ocpizza`.`contact` (`id`, `id_address`, `phone_number`, `email`) VALUES (510, 7, '806685872', 'fslorae5@feedburner.com');
INSERT INTO `ocpizza`.`contact` (`id`, `id_address`, `phone_number`, `email`) VALUES (511, 27, '282590276', 'alinsteade6@ox.ac.uk');
INSERT INTO `ocpizza`.`contact` (`id`, `id_address`, `phone_number`, `email`) VALUES (512, 48, '869415301', 'kkemishe7@soundcloud.com');
INSERT INTO `ocpizza`.`contact` (`id`, `id_address`, `phone_number`, `email`) VALUES (513, 9, '457390235', 'jbeacome8@parallels.com');
INSERT INTO `ocpizza`.`contact` (`id`, `id_address`, `phone_number`, `email`) VALUES (514, 92, '144236880', 'dclimoe9@pagesperso-orange.fr');
INSERT INTO `ocpizza`.`contact` (`id`, `id_address`, `phone_number`, `email`) VALUES (515, 76, '619415782', 'ewilliamsonea@bravesites.com');
INSERT INTO `ocpizza`.`contact` (`id`, `id_address`, `phone_number`, `email`) VALUES (516, 20, '869969806', 'cdeatoneb@yelp.com');
INSERT INTO `ocpizza`.`contact` (`id`, `id_address`, `phone_number`, `email`) VALUES (517, 6, '755108141', 'nbaakeec@wikipedia.org');
INSERT INTO `ocpizza`.`contact` (`id`, `id_address`, `phone_number`, `email`) VALUES (518, 13, '616263990', 'givankoved@youku.com');
INSERT INTO `ocpizza`.`contact` (`id`, `id_address`, `phone_number`, `email`) VALUES (519, 14, '101664553', 'lbrameree@nih.gov');
INSERT INTO `ocpizza`.`contact` (`id`, `id_address`, `phone_number`, `email`) VALUES (520, 20, '512011581', 'tturneauxef@pen.io');
INSERT INTO `ocpizza`.`contact` (`id`, `id_address`, `phone_number`, `email`) VALUES (521, 6, '309188621', 'lbezleyeg@printfriendly.com');
INSERT INTO `ocpizza`.`contact` (`id`, `id_address`, `phone_number`, `email`) VALUES (522, 67, '458993217', 'cwaleworkeeh@sciencedirect.com');
INSERT INTO `ocpizza`.`contact` (`id`, `id_address`, `phone_number`, `email`) VALUES (523, 49, '829680600', 'srisbieei@mayoclinic.com');
INSERT INTO `ocpizza`.`contact` (`id`, `id_address`, `phone_number`, `email`) VALUES (524, 23, '121917858', 'dhussellej@gnu.org');
INSERT INTO `ocpizza`.`contact` (`id`, `id_address`, `phone_number`, `email`) VALUES (525, 35, '755859303', 'tkernarek@symantec.com');
INSERT INTO `ocpizza`.`contact` (`id`, `id_address`, `phone_number`, `email`) VALUES (526, 94, '394378890', 'tcarnockel@tinypic.com');
INSERT INTO `ocpizza`.`contact` (`id`, `id_address`, `phone_number`, `email`) VALUES (527, 7, '738297472', 'gdurbynem@gov.uk');
INSERT INTO `ocpizza`.`contact` (`id`, `id_address`, `phone_number`, `email`) VALUES (528, 8, '854756044', 'ddetheridgeen@wiley.com');
INSERT INTO `ocpizza`.`contact` (`id`, `id_address`, `phone_number`, `email`) VALUES (529, 5, '494650575', 'ephilsoneo@ning.com');
INSERT INTO `ocpizza`.`contact` (`id`, `id_address`, `phone_number`, `email`) VALUES (530, 33, '293600071', 'zcabrerep@hc360.com');
INSERT INTO `ocpizza`.`contact` (`id`, `id_address`, `phone_number`, `email`) VALUES (531, 60, '981232541', 'lmallalleq@tripadvisor.com');
INSERT INTO `ocpizza`.`contact` (`id`, `id_address`, `phone_number`, `email`) VALUES (532, 6, '254888763', 'ncomerforder@amazon.co.jp');
INSERT INTO `ocpizza`.`contact` (`id`, `id_address`, `phone_number`, `email`) VALUES (533, 68, '455568229', 'agunstones@dyndns.org');
INSERT INTO `ocpizza`.`contact` (`id`, `id_address`, `phone_number`, `email`) VALUES (534, 80, '441179967', 'dartzet@over-blog.com');
INSERT INTO `ocpizza`.`contact` (`id`, `id_address`, `phone_number`, `email`) VALUES (535, 15, '691617800', 'awreakeu@gmpg.org');
INSERT INTO `ocpizza`.`contact` (`id`, `id_address`, `phone_number`, `email`) VALUES (536, 78, '505375387', 'tgrayshanev@ucoz.com');
INSERT INTO `ocpizza`.`contact` (`id`, `id_address`, `phone_number`, `email`) VALUES (537, 98, '448227960', 'jwarnerew@delicious.com');
INSERT INTO `ocpizza`.`contact` (`id`, `id_address`, `phone_number`, `email`) VALUES (538, 18, '906316177', 'edenisotex@netscape.com');
INSERT INTO `ocpizza`.`contact` (`id`, `id_address`, `phone_number`, `email`) VALUES (539, 52, '298670040', 'ggrevesey@t.co');
INSERT INTO `ocpizza`.`contact` (`id`, `id_address`, `phone_number`, `email`) VALUES (540, 90, '802538790', 'oeldrittez@bigcartel.com');
INSERT INTO `ocpizza`.`contact` (`id`, `id_address`, `phone_number`, `email`) VALUES (541, 52, '335750988', 'lgrindellf0@earthlink.net');
INSERT INTO `ocpizza`.`contact` (`id`, `id_address`, `phone_number`, `email`) VALUES (542, 100, '651568037', 'cantoniasf1@youku.com');
INSERT INTO `ocpizza`.`contact` (`id`, `id_address`, `phone_number`, `email`) VALUES (543, 62, '751750072', 'vmaultf2@answers.com');
INSERT INTO `ocpizza`.`contact` (`id`, `id_address`, `phone_number`, `email`) VALUES (544, 93, '767095348', 'idannehlf3@google.com.hk');
INSERT INTO `ocpizza`.`contact` (`id`, `id_address`, `phone_number`, `email`) VALUES (545, 90, '626471024', 'cgristonf4@blogspot.com');
INSERT INTO `ocpizza`.`contact` (`id`, `id_address`, `phone_number`, `email`) VALUES (546, 79, '72335406', 'cdraynf5@slate.com');
INSERT INTO `ocpizza`.`contact` (`id`, `id_address`, `phone_number`, `email`) VALUES (547, 47, '466999806', 'fflecknoef6@miitbeian.gov.cn');
INSERT INTO `ocpizza`.`contact` (`id`, `id_address`, `phone_number`, `email`) VALUES (548, 93, '327466301', 'agorvettef7@artisteer.com');
INSERT INTO `ocpizza`.`contact` (`id`, `id_address`, `phone_number`, `email`) VALUES (549, 36, '711984806', 'ineliganf8@hugedomains.com');
INSERT INTO `ocpizza`.`contact` (`id`, `id_address`, `phone_number`, `email`) VALUES (550, 89, '98342234', 'iformiglif9@aol.com');
INSERT INTO `ocpizza`.`contact` (`id`, `id_address`, `phone_number`, `email`) VALUES (551, 38, '3690243', 'apaviafa@wiley.com');
INSERT INTO `ocpizza`.`contact` (`id`, `id_address`, `phone_number`, `email`) VALUES (552, 2, '377078649', 'ahaguefb@ftc.gov');
INSERT INTO `ocpizza`.`contact` (`id`, `id_address`, `phone_number`, `email`) VALUES (553, 82, '919458143', 'abuzzingfc@apple.com');
INSERT INTO `ocpizza`.`contact` (`id`, `id_address`, `phone_number`, `email`) VALUES (554, 35, '565249584', 'celsyfd@pcworld.com');
INSERT INTO `ocpizza`.`contact` (`id`, `id_address`, `phone_number`, `email`) VALUES (555, 6, '27885186', 'tperkinsfe@mlb.com');
INSERT INTO `ocpizza`.`contact` (`id`, `id_address`, `phone_number`, `email`) VALUES (556, 99, '549994022', 'tgatteridgeff@youtube.com');
INSERT INTO `ocpizza`.`contact` (`id`, `id_address`, `phone_number`, `email`) VALUES (557, 23, '827990652', 'mcadwellfg@alibaba.com');
INSERT INTO `ocpizza`.`contact` (`id`, `id_address`, `phone_number`, `email`) VALUES (558, 32, '963236742', 'tlongbottomfh@salon.com');
INSERT INTO `ocpizza`.`contact` (`id`, `id_address`, `phone_number`, `email`) VALUES (559, 13, '825157435', 'ajerredfi@ucoz.com');
INSERT INTO `ocpizza`.`contact` (`id`, `id_address`, `phone_number`, `email`) VALUES (560, 84, '677951228', 'pschubertfj@state.tx.us');
INSERT INTO `ocpizza`.`contact` (`id`, `id_address`, `phone_number`, `email`) VALUES (561, 90, '139886216', 'iidefk@wiley.com');
INSERT INTO `ocpizza`.`contact` (`id`, `id_address`, `phone_number`, `email`) VALUES (562, 53, '269804837', 'aehlerdingfl@aboutads.info');
INSERT INTO `ocpizza`.`contact` (`id`, `id_address`, `phone_number`, `email`) VALUES (563, 60, '255637806', 'gburghfm@shareasale.com');
INSERT INTO `ocpizza`.`contact` (`id`, `id_address`, `phone_number`, `email`) VALUES (564, 23, '921765400', 'eashfullfn@yale.edu');
INSERT INTO `ocpizza`.`contact` (`id`, `id_address`, `phone_number`, `email`) VALUES (565, 46, '419785289', 'swaldingfo@cloudflare.com');
INSERT INTO `ocpizza`.`contact` (`id`, `id_address`, `phone_number`, `email`) VALUES (566, 38, '968056304', 'jmcfaydenfp@hp.com');
INSERT INTO `ocpizza`.`contact` (`id`, `id_address`, `phone_number`, `email`) VALUES (567, 11, '116044803', 'ocurreenfq@behance.net');
INSERT INTO `ocpizza`.`contact` (`id`, `id_address`, `phone_number`, `email`) VALUES (568, 82, '464006417', 'wdunnanfr@reference.com');
INSERT INTO `ocpizza`.`contact` (`id`, `id_address`, `phone_number`, `email`) VALUES (569, 14, '179708482', 'jduesburyfs@example.com');
INSERT INTO `ocpizza`.`contact` (`id`, `id_address`, `phone_number`, `email`) VALUES (570, 99, '894966773', 'dkimblingft@ox.ac.uk');
INSERT INTO `ocpizza`.`contact` (`id`, `id_address`, `phone_number`, `email`) VALUES (571, 31, '593910899', 'klesserfu@ebay.co.uk');
INSERT INTO `ocpizza`.`contact` (`id`, `id_address`, `phone_number`, `email`) VALUES (572, 7, '51199535', 'afassefv@deviantart.com');
INSERT INTO `ocpizza`.`contact` (`id`, `id_address`, `phone_number`, `email`) VALUES (573, 39, '301921958', 'asturleyfw@wix.com');
INSERT INTO `ocpizza`.`contact` (`id`, `id_address`, `phone_number`, `email`) VALUES (574, 16, '261447998', 'ecorrieafx@creativecommons.org');
INSERT INTO `ocpizza`.`contact` (`id`, `id_address`, `phone_number`, `email`) VALUES (575, 5, '218689106', 'sgreenhowefy@netlog.com');
INSERT INTO `ocpizza`.`contact` (`id`, `id_address`, `phone_number`, `email`) VALUES (576, 86, '98274154', 'pboolsfz@pen.io');
INSERT INTO `ocpizza`.`contact` (`id`, `id_address`, `phone_number`, `email`) VALUES (577, 79, '309532594', 'dbenzieg0@free.fr');
INSERT INTO `ocpizza`.`contact` (`id`, `id_address`, `phone_number`, `email`) VALUES (578, 56, '297205016', 'lslowang1@blogspot.com');
INSERT INTO `ocpizza`.`contact` (`id`, `id_address`, `phone_number`, `email`) VALUES (579, 6, '831662359', 'mdurnog2@princeton.edu');
INSERT INTO `ocpizza`.`contact` (`id`, `id_address`, `phone_number`, `email`) VALUES (580, 43, '711448013', 'nextalg3@homestead.com');
INSERT INTO `ocpizza`.`contact` (`id`, `id_address`, `phone_number`, `email`) VALUES (581, 554, '55638433', 'fdeverallg4@zdnet.com');
INSERT INTO `ocpizza`.`contact` (`id`, `id_address`, `phone_number`, `email`) VALUES (582, 26, '624438368', 'lsnowdong5@bizjournals.com');
INSERT INTO `ocpizza`.`contact` (`id`, `id_address`, `phone_number`, `email`) VALUES (583, 20, '817369298', 'lworsnupg6@cbsnews.com');
INSERT INTO `ocpizza`.`contact` (`id`, `id_address`, `phone_number`, `email`) VALUES (584, 89, '294973230', 'mdanielsohng7@soup.io');
INSERT INTO `ocpizza`.`contact` (`id`, `id_address`, `phone_number`, `email`) VALUES (585, 34, '448245941', 'ascanterburyg8@independent.co.uk');
INSERT INTO `ocpizza`.`contact` (`id`, `id_address`, `phone_number`, `email`) VALUES (586, 67, '563645097', 'cradfordg9@sakura.ne.jp');
INSERT INTO `ocpizza`.`contact` (`id`, `id_address`, `phone_number`, `email`) VALUES (587, 100, '349729478', 'csevierga@simplemachines.org');
INSERT INTO `ocpizza`.`contact` (`id`, `id_address`, `phone_number`, `email`) VALUES (588, 4, '196857455', 'wrivilisgb@hatena.ne.jp');
INSERT INTO `ocpizza`.`contact` (`id`, `id_address`, `phone_number`, `email`) VALUES (589, 11, '646401201', 'chughsongc@wunderground.com');
INSERT INTO `ocpizza`.`contact` (`id`, `id_address`, `phone_number`, `email`) VALUES (590, 33, '512998758', 'rfenelowgd@networksolutions.com');
INSERT INTO `ocpizza`.`contact` (`id`, `id_address`, `phone_number`, `email`) VALUES (591, 28, '29031470', 'qmcdellge@artisteer.com');
INSERT INTO `ocpizza`.`contact` (`id`, `id_address`, `phone_number`, `email`) VALUES (592, 46, '892012046', 'ncumberpatchgf@cornell.edu');
INSERT INTO `ocpizza`.`contact` (`id`, `id_address`, `phone_number`, `email`) VALUES (593, 11, '518752166', 'banandgg@yellowbook.com');
INSERT INTO `ocpizza`.`contact` (`id`, `id_address`, `phone_number`, `email`) VALUES (594, 75, '292736098', 'chacongh@cdc.gov');
INSERT INTO `ocpizza`.`contact` (`id`, `id_address`, `phone_number`, `email`) VALUES (595, 53, '345666286', 'cmansfieldgi@a8.net');
INSERT INTO `ocpizza`.`contact` (`id`, `id_address`, `phone_number`, `email`) VALUES (596, 61, '998249434', 'bseabornegj@npr.org');
INSERT INTO `ocpizza`.`contact` (`id`, `id_address`, `phone_number`, `email`) VALUES (597, 94, '819894042', 'tjeavesgk@kickstarter.com');
INSERT INTO `ocpizza`.`contact` (`id`, `id_address`, `phone_number`, `email`) VALUES (598, 18, '217808246', 'adarbishiregl@cocolog-nifty.com');
INSERT INTO `ocpizza`.`contact` (`id`, `id_address`, `phone_number`, `email`) VALUES (599, 71, '989701291', 'asilvermangm@wix.com');
INSERT INTO `ocpizza`.`contact` (`id`, `id_address`, `phone_number`, `email`) VALUES (600, 13, '182021882', 'fcrecygn@squidoo.com');
INSERT INTO `ocpizza`.`contact` (`id`, `id_address`, `phone_number`, `email`) VALUES (601, 50, '8096418', 'etrowsdallgo@cornell.edu');
INSERT INTO `ocpizza`.`contact` (`id`, `id_address`, `phone_number`, `email`) VALUES (602, 12, '227109187', 'odroghangp@icio.us');
INSERT INTO `ocpizza`.`contact` (`id`, `id_address`, `phone_number`, `email`) VALUES (603, 75, '932001622', 'cmoulandgq@squarespace.com');
INSERT INTO `ocpizza`.`contact` (`id`, `id_address`, `phone_number`, `email`) VALUES (604, 50, '583901509', 'bdoswellgr@sitemeter.com');
INSERT INTO `ocpizza`.`contact` (`id`, `id_address`, `phone_number`, `email`) VALUES (605, 51, '871555851', 'acorleygs@gov.uk');
INSERT INTO `ocpizza`.`contact` (`id`, `id_address`, `phone_number`, `email`) VALUES (606, 50, '473989868', 'wrestongt@gnu.org');
INSERT INTO `ocpizza`.`contact` (`id`, `id_address`, `phone_number`, `email`) VALUES (607, 79, '24010821', 'rsommervillegu@issuu.com');
INSERT INTO `ocpizza`.`contact` (`id`, `id_address`, `phone_number`, `email`) VALUES (608, 56, '639900914', 'lbountiffgv@ebay.com');
INSERT INTO `ocpizza`.`contact` (`id`, `id_address`, `phone_number`, `email`) VALUES (609, 91, '982339045', 'rjubertgw@apple.com');
INSERT INTO `ocpizza`.`contact` (`id`, `id_address`, `phone_number`, `email`) VALUES (610, 68, '326260352', 'dgiannazzogx@youtube.com');
INSERT INTO `ocpizza`.`contact` (`id`, `id_address`, `phone_number`, `email`) VALUES (611, 60, '705598870', 'sbeldinggy@cargocollective.com');
INSERT INTO `ocpizza`.`contact` (`id`, `id_address`, `phone_number`, `email`) VALUES (612, 7, '121977562', 'cnorvillegz@msu.edu');
INSERT INTO `ocpizza`.`contact` (`id`, `id_address`, `phone_number`, `email`) VALUES (613, 38, '413987698', 'bdragonh0@latimes.com');
INSERT INTO `ocpizza`.`contact` (`id`, `id_address`, `phone_number`, `email`) VALUES (614, 63, '668627869', 'jcummingsh1@parallels.com');
INSERT INTO `ocpizza`.`contact` (`id`, `id_address`, `phone_number`, `email`) VALUES (615, 3, '968861078', 'rormeh2@businessweek.com');
INSERT INTO `ocpizza`.`contact` (`id`, `id_address`, `phone_number`, `email`) VALUES (616, 45, '19057440', 'agheeraerth3@bloomberg.com');
INSERT INTO `ocpizza`.`contact` (`id`, `id_address`, `phone_number`, `email`) VALUES (617, 49, '51104544', 'tantalffyh4@free.fr');
INSERT INTO `ocpizza`.`contact` (`id`, `id_address`, `phone_number`, `email`) VALUES (618, 50, '819774759', 'ljosilevichh5@360.cn');
INSERT INTO `ocpizza`.`contact` (`id`, `id_address`, `phone_number`, `email`) VALUES (619, 64, '695929771', 'gyakushkinh6@squarespace.com');
INSERT INTO `ocpizza`.`contact` (`id`, `id_address`, `phone_number`, `email`) VALUES (620, 20, '725302661', 'blovieh7@zimbio.com');
INSERT INTO `ocpizza`.`contact` (`id`, `id_address`, `phone_number`, `email`) VALUES (621, 3, '476058432', 'fbolteh8@miitbeian.gov.cn');
INSERT INTO `ocpizza`.`contact` (`id`, `id_address`, `phone_number`, `email`) VALUES (622, 60, '766487407', 'rgiovanazzih9@reddit.com');
INSERT INTO `ocpizza`.`contact` (`id`, `id_address`, `phone_number`, `email`) VALUES (623, 27, '581334810', 'sbielfeldha@bing.com');
INSERT INTO `ocpizza`.`contact` (`id`, `id_address`, `phone_number`, `email`) VALUES (624, 85, '41969305', 'amedlinghb@moonfruit.com');
INSERT INTO `ocpizza`.`contact` (`id`, `id_address`, `phone_number`, `email`) VALUES (625, 57, '442736558', 'tpolkhc@prweb.com');
INSERT INTO `ocpizza`.`contact` (`id`, `id_address`, `phone_number`, `email`) VALUES (626, 1, '7866254', 'bwitulhd@symantec.com');
INSERT INTO `ocpizza`.`contact` (`id`, `id_address`, `phone_number`, `email`) VALUES (627, 61, '635895078', 'jpendridhe@ca.gov');
INSERT INTO `ocpizza`.`contact` (`id`, `id_address`, `phone_number`, `email`) VALUES (628, 38, '509063144', 'fsangrahf@baidu.com');
INSERT INTO `ocpizza`.`contact` (`id`, `id_address`, `phone_number`, `email`) VALUES (629, 30, '158667045', 'gstclairhg@sina.com.cn');
INSERT INTO `ocpizza`.`contact` (`id`, `id_address`, `phone_number`, `email`) VALUES (630, 79, '552614470', 'bricciohh@umn.edu');
INSERT INTO `ocpizza`.`contact` (`id`, `id_address`, `phone_number`, `email`) VALUES (631, 79, '687128162', 'alampbrechthi@umn.edu');
INSERT INTO `ocpizza`.`contact` (`id`, `id_address`, `phone_number`, `email`) VALUES (632, 7, '499207368', 'fperishj@usda.gov');
INSERT INTO `ocpizza`.`contact` (`id`, `id_address`, `phone_number`, `email`) VALUES (633, 89, '85868847', 'adorrellhk@upenn.edu');
INSERT INTO `ocpizza`.`contact` (`id`, `id_address`, `phone_number`, `email`) VALUES (634, 82, '618876011', 'dverohl@ibm.com');
INSERT INTO `ocpizza`.`contact` (`id`, `id_address`, `phone_number`, `email`) VALUES (635, 35, '844153848', 'flakehm@theatlantic.com');
INSERT INTO `ocpizza`.`contact` (`id`, `id_address`, `phone_number`, `email`) VALUES (636, 74, '911948136', 'hmashalhn@cnn.com');
INSERT INTO `ocpizza`.`contact` (`id`, `id_address`, `phone_number`, `email`) VALUES (637, 44, '318969104', 'ttyndallho@wordpress.com');
INSERT INTO `ocpizza`.`contact` (`id`, `id_address`, `phone_number`, `email`) VALUES (638, 55, '905370658', 'mminetthp@shinystat.com');
INSERT INTO `ocpizza`.`contact` (`id`, `id_address`, `phone_number`, `email`) VALUES (639, 65, '76946697', 'jphilcoxhq@senate.gov');
INSERT INTO `ocpizza`.`contact` (`id`, `id_address`, `phone_number`, `email`) VALUES (640, 71, '406516339', 'cstuddardhr@hp.com');
INSERT INTO `ocpizza`.`contact` (`id`, `id_address`, `phone_number`, `email`) VALUES (641, 45, '858760410', 'pricardeths@de.vu');
INSERT INTO `ocpizza`.`contact` (`id`, `id_address`, `phone_number`, `email`) VALUES (642, 45, '968508447', 'rpoyntonht@naver.com');
INSERT INTO `ocpizza`.`contact` (`id`, `id_address`, `phone_number`, `email`) VALUES (643, 2, '854508658', 'froscamphu@vistaprint.com');
INSERT INTO `ocpizza`.`contact` (`id`, `id_address`, `phone_number`, `email`) VALUES (644, 93, '579166648', 'lpotterilhv@jalbum.net');
INSERT INTO `ocpizza`.`contact` (`id`, `id_address`, `phone_number`, `email`) VALUES (645, 94, '672020283', 'pmemmoryhw@gov.uk');
INSERT INTO `ocpizza`.`contact` (`id`, `id_address`, `phone_number`, `email`) VALUES (646, 50, '976282876', 'kmorenahx@ihg.com');
INSERT INTO `ocpizza`.`contact` (`id`, `id_address`, `phone_number`, `email`) VALUES (647, 91, '145063663', 'gsiflethy@ted.com');
INSERT INTO `ocpizza`.`contact` (`id`, `id_address`, `phone_number`, `email`) VALUES (648, 48, '238206674', 'rfaccinihz@histats.com');
INSERT INTO `ocpizza`.`contact` (`id`, `id_address`, `phone_number`, `email`) VALUES (649, 12, '8945588', 'ebriki0@naver.com');
INSERT INTO `ocpizza`.`contact` (`id`, `id_address`, `phone_number`, `email`) VALUES (650, 23, '47005543', 'ldaynteri1@google.com.hk');
INSERT INTO `ocpizza`.`contact` (`id`, `id_address`, `phone_number`, `email`) VALUES (651, 13, '563615069', 'djanzi2@mapquest.com');
INSERT INTO `ocpizza`.`contact` (`id`, `id_address`, `phone_number`, `email`) VALUES (652, 100, '281397952', 'fsimmeni3@europa.eu');
INSERT INTO `ocpizza`.`contact` (`id`, `id_address`, `phone_number`, `email`) VALUES (653, 9, '921287008', 'gblasiusi4@smh.com.au');
INSERT INTO `ocpizza`.`contact` (`id`, `id_address`, `phone_number`, `email`) VALUES (654, 18, '866405192', 'nmarioni5@usda.gov');
INSERT INTO `ocpizza`.`contact` (`id`, `id_address`, `phone_number`, `email`) VALUES (655, 71, '531704063', 'tbateupi6@rambler.ru');
INSERT INTO `ocpizza`.`contact` (`id`, `id_address`, `phone_number`, `email`) VALUES (656, 41, '171063489', 'pbrandrethi7@rakuten.co.jp');
INSERT INTO `ocpizza`.`contact` (`id`, `id_address`, `phone_number`, `email`) VALUES (657, 17, '471182606', 'drouxi8@ted.com');
INSERT INTO `ocpizza`.`contact` (`id`, `id_address`, `phone_number`, `email`) VALUES (658, 43, '628625802', 'havrahmi9@amazonaws.com');
INSERT INTO `ocpizza`.`contact` (`id`, `id_address`, `phone_number`, `email`) VALUES (659, 72, '844240937', 'wflattia@census.gov');
INSERT INTO `ocpizza`.`contact` (`id`, `id_address`, `phone_number`, `email`) VALUES (660, 82, '398816387', 'jmerielib@delicious.com');
INSERT INTO `ocpizza`.`contact` (`id`, `id_address`, `phone_number`, `email`) VALUES (661, 82, '344361980', 'ttoppasic@cnbc.com');
INSERT INTO `ocpizza`.`contact` (`id`, `id_address`, `phone_number`, `email`) VALUES (662, 56, '882848062', 'mferrieriid@exblog.jp');
INSERT INTO `ocpizza`.`contact` (`id`, `id_address`, `phone_number`, `email`) VALUES (663, 50, '128024081', 'swhittyie@edublogs.org');
INSERT INTO `ocpizza`.`contact` (`id`, `id_address`, `phone_number`, `email`) VALUES (664, 50, '168723369', 'tisenorif@harvard.edu');
INSERT INTO `ocpizza`.`contact` (`id`, `id_address`, `phone_number`, `email`) VALUES (665, 60, '367241207', 'bgehrickeig@unesco.org');
INSERT INTO `ocpizza`.`contact` (`id`, `id_address`, `phone_number`, `email`) VALUES (666, 98, '128119321', 'sribaih@cnet.com');
INSERT INTO `ocpizza`.`contact` (`id`, `id_address`, `phone_number`, `email`) VALUES (667, 39, '608001305', 'mhillhouseii@spiegel.de');
INSERT INTO `ocpizza`.`contact` (`id`, `id_address`, `phone_number`, `email`) VALUES (668, 33, '31825335', 'givettij@plala.or.jp');
INSERT INTO `ocpizza`.`contact` (`id`, `id_address`, `phone_number`, `email`) VALUES (669, 4, '255296640', 'dlittleproudik@upenn.edu');
INSERT INTO `ocpizza`.`contact` (`id`, `id_address`, `phone_number`, `email`) VALUES (670, 50, '137594956', 'qberzonil@ca.gov');
INSERT INTO `ocpizza`.`contact` (`id`, `id_address`, `phone_number`, `email`) VALUES (671, 88, '959345744', 'lmillerim@booking.com');
INSERT INTO `ocpizza`.`contact` (`id`, `id_address`, `phone_number`, `email`) VALUES (672, 62, '291827574', 'rballeinein@acquirethisname.com');
INSERT INTO `ocpizza`.`contact` (`id`, `id_address`, `phone_number`, `email`) VALUES (673, 35, '208044464', 'olauridsenio@virginia.edu');
INSERT INTO `ocpizza`.`contact` (`id`, `id_address`, `phone_number`, `email`) VALUES (674, 73, '216372030', 'acolleteip@unicef.org');
INSERT INTO `ocpizza`.`contact` (`id`, `id_address`, `phone_number`, `email`) VALUES (675, 6, '924277476', 'ktrawiniq@google.com');
INSERT INTO `ocpizza`.`contact` (`id`, `id_address`, `phone_number`, `email`) VALUES (676, 18, '407647498', 'tbuddleighir@cargocollective.com');
INSERT INTO `ocpizza`.`contact` (`id`, `id_address`, `phone_number`, `email`) VALUES (677, 86, '5505661', 'gcharnickis@army.mil');
INSERT INTO `ocpizza`.`contact` (`id`, `id_address`, `phone_number`, `email`) VALUES (678, 31, '314299917', 'skilnit@zdnet.com');
INSERT INTO `ocpizza`.`contact` (`id`, `id_address`, `phone_number`, `email`) VALUES (679, 83, '293243052', 'kmatleyiu@columbia.edu');
INSERT INTO `ocpizza`.`contact` (`id`, `id_address`, `phone_number`, `email`) VALUES (680, 86, '927376055', 'imallabundiv@hud.gov');
INSERT INTO `ocpizza`.`contact` (`id`, `id_address`, `phone_number`, `email`) VALUES (681, 1, '842124296', 'dgiacuboiw@state.gov');
INSERT INTO `ocpizza`.`contact` (`id`, `id_address`, `phone_number`, `email`) VALUES (682, 74, '437868511', 'hmeaseyix@admin.ch');
INSERT INTO `ocpizza`.`contact` (`id`, `id_address`, `phone_number`, `email`) VALUES (683, 54, '834028563', 'atrickeriy@examiner.com');
INSERT INTO `ocpizza`.`contact` (`id`, `id_address`, `phone_number`, `email`) VALUES (684, 26, '555464921', 'aburnselliz@geocities.com');
INSERT INTO `ocpizza`.`contact` (`id`, `id_address`, `phone_number`, `email`) VALUES (685, 95, '93185274', 'tgoodiej0@blog.com');
INSERT INTO `ocpizza`.`contact` (`id`, `id_address`, `phone_number`, `email`) VALUES (686, 33, '498656280', 'kcumminsj1@ca.gov');
INSERT INTO `ocpizza`.`contact` (`id`, `id_address`, `phone_number`, `email`) VALUES (687, 14, '787758026', 'ndeverej2@weather.com');
INSERT INTO `ocpizza`.`contact` (`id`, `id_address`, `phone_number`, `email`) VALUES (688, 8, '785507276', 'tlouchj3@smugmug.com');
INSERT INTO `ocpizza`.`contact` (`id`, `id_address`, `phone_number`, `email`) VALUES (689, 34, '859280981', 'wboarerj4@facebook.com');
INSERT INTO `ocpizza`.`contact` (`id`, `id_address`, `phone_number`, `email`) VALUES (690, 44, '205715862', 'ebeaulieuj5@prlog.org');
INSERT INTO `ocpizza`.`contact` (`id`, `id_address`, `phone_number`, `email`) VALUES (691, 46, '768032918', 'tclerkj6@theglobeandmail.com');
INSERT INTO `ocpizza`.`contact` (`id`, `id_address`, `phone_number`, `email`) VALUES (692, 45, '442304547', 'alaidlowj7@mashable.com');
INSERT INTO `ocpizza`.`contact` (`id`, `id_address`, `phone_number`, `email`) VALUES (693, 58, '108023017', 'rmuggj8@xrea.com');
INSERT INTO `ocpizza`.`contact` (`id`, `id_address`, `phone_number`, `email`) VALUES (694, 65, '385133750', 'bcanferj9@privacy.gov.au');
INSERT INTO `ocpizza`.`contact` (`id`, `id_address`, `phone_number`, `email`) VALUES (695, 47, '42391299', 'ifonzoneja@blog.com');
INSERT INTO `ocpizza`.`contact` (`id`, `id_address`, `phone_number`, `email`) VALUES (696, 79, '485377536', 'aallkinsjb@mediafire.com');
INSERT INTO `ocpizza`.`contact` (`id`, `id_address`, `phone_number`, `email`) VALUES (697, 83, '585082599', 'dkarlqvistjc@imdb.com');
INSERT INTO `ocpizza`.`contact` (`id`, `id_address`, `phone_number`, `email`) VALUES (698, 91, '309504995', 'sboarderjd@army.mil');
INSERT INTO `ocpizza`.`contact` (`id`, `id_address`, `phone_number`, `email`) VALUES (699, 58, '745182576', 'bjephsonje@berkeley.edu');
INSERT INTO `ocpizza`.`contact` (`id`, `id_address`, `phone_number`, `email`) VALUES (700, 7, '613289615', 'icrookstonjf@bandcamp.com');
INSERT INTO `ocpizza`.`contact` (`id`, `id_address`, `phone_number`, `email`) VALUES (701, 6, '286015110', 'tbrundrettjg@ovh.net');
INSERT INTO `ocpizza`.`contact` (`id`, `id_address`, `phone_number`, `email`) VALUES (702, 75, '756830990', 'hbernhardijh@nbcnews.com');
INSERT INTO `ocpizza`.`contact` (`id`, `id_address`, `phone_number`, `email`) VALUES (703, 66, '352161707', 'rblossji@unblog.fr');
INSERT INTO `ocpizza`.`contact` (`id`, `id_address`, `phone_number`, `email`) VALUES (704, 89, '821231803', 'tboldryjj@artisteer.com');
INSERT INTO `ocpizza`.`contact` (`id`, `id_address`, `phone_number`, `email`) VALUES (705, 81, '541416187', 'wmaeerjk@mlb.com');
INSERT INTO `ocpizza`.`contact` (`id`, `id_address`, `phone_number`, `email`) VALUES (706, 31, '605416204', 'ejedrasjl@independent.co.uk');
INSERT INTO `ocpizza`.`contact` (`id`, `id_address`, `phone_number`, `email`) VALUES (707, 30, '53299565', 'fvedikhovjm@constantcontact.com');
INSERT INTO `ocpizza`.`contact` (`id`, `id_address`, `phone_number`, `email`) VALUES (708, 3, '863379762', 'cmontesjn@paypal.com');
INSERT INTO `ocpizza`.`contact` (`id`, `id_address`, `phone_number`, `email`) VALUES (709, 71, '363922959', 'lstorriejo@cam.ac.uk');
INSERT INTO `ocpizza`.`contact` (`id`, `id_address`, `phone_number`, `email`) VALUES (710, 85, '216944370', 'sdahlmanjp@github.com');
INSERT INTO `ocpizza`.`contact` (`id`, `id_address`, `phone_number`, `email`) VALUES (711, 36, '99171798', 'mbaignardjq@upenn.edu');
INSERT INTO `ocpizza`.`contact` (`id`, `id_address`, `phone_number`, `email`) VALUES (712, 71, '746050139', 'zfattorinijr@tumblr.com');
INSERT INTO `ocpizza`.`contact` (`id`, `id_address`, `phone_number`, `email`) VALUES (713, 85, '519794042', 'rtanguyjs@nasa.gov');
INSERT INTO `ocpizza`.`contact` (`id`, `id_address`, `phone_number`, `email`) VALUES (714, 46, '831210615', 'gdelphjt@unesco.org');
INSERT INTO `ocpizza`.`contact` (`id`, `id_address`, `phone_number`, `email`) VALUES (715, 43, '815839302', 'lshipseyju@symantec.com');
INSERT INTO `ocpizza`.`contact` (`id`, `id_address`, `phone_number`, `email`) VALUES (716, 53, '824966225', 'mneevejv@answers.com');
INSERT INTO `ocpizza`.`contact` (`id`, `id_address`, `phone_number`, `email`) VALUES (717, 73, '601708921', 'earringtonjw@pen.io');
INSERT INTO `ocpizza`.`contact` (`id`, `id_address`, `phone_number`, `email`) VALUES (718, 81, '242881096', 'llethamjx@amazonaws.com');
INSERT INTO `ocpizza`.`contact` (`id`, `id_address`, `phone_number`, `email`) VALUES (719, 97, '16354463', 'hplakjy@about.me');
INSERT INTO `ocpizza`.`contact` (`id`, `id_address`, `phone_number`, `email`) VALUES (720, 94, '495636514', 'dvolontejz@princeton.edu');
INSERT INTO `ocpizza`.`contact` (`id`, `id_address`, `phone_number`, `email`) VALUES (721, 87, '724767298', 'astirlingk0@clickbank.net');
INSERT INTO `ocpizza`.`contact` (`id`, `id_address`, `phone_number`, `email`) VALUES (722, 53, '285392061', 'klindroosk1@indiegogo.com');
INSERT INTO `ocpizza`.`contact` (`id`, `id_address`, `phone_number`, `email`) VALUES (723, 72, '652983154', 'hharbererk2@list-manage.com');
INSERT INTO `ocpizza`.`contact` (`id`, `id_address`, `phone_number`, `email`) VALUES (724, 6, '327233712', 'nconklingk3@seesaa.net');
INSERT INTO `ocpizza`.`contact` (`id`, `id_address`, `phone_number`, `email`) VALUES (725, 3, '806777647', 'mdetheridgek4@shinystat.com');
INSERT INTO `ocpizza`.`contact` (`id`, `id_address`, `phone_number`, `email`) VALUES (726, 71, '932529419', 'iwestleyk5@flavors.me');
INSERT INTO `ocpizza`.`contact` (`id`, `id_address`, `phone_number`, `email`) VALUES (727, 23, '163946392', 'ekensettk6@xinhuanet.com');
INSERT INTO `ocpizza`.`contact` (`id`, `id_address`, `phone_number`, `email`) VALUES (728, 58, '307881242', 'rreenk7@opera.com');
INSERT INTO `ocpizza`.`contact` (`id`, `id_address`, `phone_number`, `email`) VALUES (729, 1, '822349223', 'awoodfordk8@tumblr.com');
INSERT INTO `ocpizza`.`contact` (`id`, `id_address`, `phone_number`, `email`) VALUES (730, 97, '275385252', 'djoriotk9@msu.edu');
INSERT INTO `ocpizza`.`contact` (`id`, `id_address`, `phone_number`, `email`) VALUES (731, 71, '357430147', 'lgodsafeka@themeforest.net');
INSERT INTO `ocpizza`.`contact` (`id`, `id_address`, `phone_number`, `email`) VALUES (732, 49, '209151709', 'mstazikerkb@cafepress.com');
INSERT INTO `ocpizza`.`contact` (`id`, `id_address`, `phone_number`, `email`) VALUES (733, 66, '702912147', 'msmardonkc@51.la');
INSERT INTO `ocpizza`.`contact` (`id`, `id_address`, `phone_number`, `email`) VALUES (734, 62, '157895064', 'mdesaverykd@simplemachines.org');
INSERT INTO `ocpizza`.`contact` (`id`, `id_address`, `phone_number`, `email`) VALUES (735, 81, '493995065', 'nbrideke@sourceforge.net');
INSERT INTO `ocpizza`.`contact` (`id`, `id_address`, `phone_number`, `email`) VALUES (736, 29, '684651232', 'mdestouchekf@cbsnews.com');
INSERT INTO `ocpizza`.`contact` (`id`, `id_address`, `phone_number`, `email`) VALUES (737, 43, '858341500', 'fhearsonkg@scribd.com');
INSERT INTO `ocpizza`.`contact` (`id`, `id_address`, `phone_number`, `email`) VALUES (738, 33, '886640937', 'daleswellkh@arstechnica.com');
INSERT INTO `ocpizza`.`contact` (`id`, `id_address`, `phone_number`, `email`) VALUES (739, 29, '98065889', 'iverdeyki@last.fm');
INSERT INTO `ocpizza`.`contact` (`id`, `id_address`, `phone_number`, `email`) VALUES (740, 14, '828401214', 'bhargittkj@cbc.ca');
INSERT INTO `ocpizza`.`contact` (`id`, `id_address`, `phone_number`, `email`) VALUES (741, 33, '857204678', 'erizzellikk@unc.edu');
INSERT INTO `ocpizza`.`contact` (`id`, `id_address`, `phone_number`, `email`) VALUES (742, 65, '131390346', 'rduthiekl@altervista.org');
INSERT INTO `ocpizza`.`contact` (`id`, `id_address`, `phone_number`, `email`) VALUES (743, 25, '69749493', 'skiffkm@irs.gov');
INSERT INTO `ocpizza`.`contact` (`id`, `id_address`, `phone_number`, `email`) VALUES (744, 53, '283645340', 'jmathekn@europa.eu');
INSERT INTO `ocpizza`.`contact` (`id`, `id_address`, `phone_number`, `email`) VALUES (745, 5, '796483114', 'fmobiusko@timesonline.co.uk');
INSERT INTO `ocpizza`.`contact` (`id`, `id_address`, `phone_number`, `email`) VALUES (746, 23, '921341440', 'mfeatherstonhaughkp@craigslist.org');
INSERT INTO `ocpizza`.`contact` (`id`, `id_address`, `phone_number`, `email`) VALUES (747, 44, '649561322', 'gmellandkq@google.pl');
INSERT INTO `ocpizza`.`contact` (`id`, `id_address`, `phone_number`, `email`) VALUES (748, 69, '856759500', 'aosmondkr@yelp.com');
INSERT INTO `ocpizza`.`contact` (`id`, `id_address`, `phone_number`, `email`) VALUES (749, 12, '38902096', 'chordellks@yellowbook.com');
INSERT INTO `ocpizza`.`contact` (`id`, `id_address`, `phone_number`, `email`) VALUES (750, 22, '784584604', 'rdemainekt@sohu.com');
INSERT INTO `ocpizza`.`contact` (`id`, `id_address`, `phone_number`, `email`) VALUES (751, 86, '999008676', 'svennardku@so-net.ne.jp');
INSERT INTO `ocpizza`.`contact` (`id`, `id_address`, `phone_number`, `email`) VALUES (752, 43, '256745239', 'bpatmorekv@bizjournals.com');
INSERT INTO `ocpizza`.`contact` (`id`, `id_address`, `phone_number`, `email`) VALUES (753, 6, '719519893', 'usmithieskw@mail.ru');
INSERT INTO `ocpizza`.`contact` (`id`, `id_address`, `phone_number`, `email`) VALUES (754, 71, '394640820', 'etidmankx@google.ca');
INSERT INTO `ocpizza`.`contact` (`id`, `id_address`, `phone_number`, `email`) VALUES (755, 70, '91600056', 'akleineky@utexas.edu');
INSERT INTO `ocpizza`.`contact` (`id`, `id_address`, `phone_number`, `email`) VALUES (756, 13, '384835763', 'ldoidgekz@friendfeed.com');
INSERT INTO `ocpizza`.`contact` (`id`, `id_address`, `phone_number`, `email`) VALUES (757, 77, '199995613', 'collerl0@hostgator.com');
INSERT INTO `ocpizza`.`contact` (`id`, `id_address`, `phone_number`, `email`) VALUES (758, 83, '976936026', 'idablel1@feedburner.com');
INSERT INTO `ocpizza`.`contact` (`id`, `id_address`, `phone_number`, `email`) VALUES (759, 15, '162744085', 'bhowchinl2@altervista.org');
INSERT INTO `ocpizza`.`contact` (`id`, `id_address`, `phone_number`, `email`) VALUES (760, 17, '916678667', 'raldersl3@chron.com');
INSERT INTO `ocpizza`.`contact` (`id`, `id_address`, `phone_number`, `email`) VALUES (761, 22, '35135785', 'lstanlackl4@behance.net');
INSERT INTO `ocpizza`.`contact` (`id`, `id_address`, `phone_number`, `email`) VALUES (762, 82, '226344762', 'hokieltl5@dropbox.com');
INSERT INTO `ocpizza`.`contact` (`id`, `id_address`, `phone_number`, `email`) VALUES (763, 42, '407413917', 'dbenezeitl6@howstuffworks.com');
INSERT INTO `ocpizza`.`contact` (`id`, `id_address`, `phone_number`, `email`) VALUES (764, 90, '95696793', 'gaslaml7@jimdo.com');
INSERT INTO `ocpizza`.`contact` (`id`, `id_address`, `phone_number`, `email`) VALUES (765, 34, '358569760', 'ethrusselll8@trellian.com');
INSERT INTO `ocpizza`.`contact` (`id`, `id_address`, `phone_number`, `email`) VALUES (766, 30, '931386942', 'ebenziel9@mapy.cz');
INSERT INTO `ocpizza`.`contact` (`id`, `id_address`, `phone_number`, `email`) VALUES (767, 86, '427706242', 'akleinhausla@bravesites.com');
INSERT INTO `ocpizza`.`contact` (`id`, `id_address`, `phone_number`, `email`) VALUES (768, 98, '614137056', 'edrakeleylb@comcast.net');
INSERT INTO `ocpizza`.`contact` (`id`, `id_address`, `phone_number`, `email`) VALUES (769, 84, '475418498', 'fdybaldlc@newsvine.com');
INSERT INTO `ocpizza`.`contact` (`id`, `id_address`, `phone_number`, `email`) VALUES (770, 49, '235390144', 'cralestoneld@mac.com');
INSERT INTO `ocpizza`.`contact` (`id`, `id_address`, `phone_number`, `email`) VALUES (771, 84, '648154230', 'candreale@dell.com');
INSERT INTO `ocpizza`.`contact` (`id`, `id_address`, `phone_number`, `email`) VALUES (772, 63, '331661986', 'ffotittlf@odnoklassniki.ru');
INSERT INTO `ocpizza`.`contact` (`id`, `id_address`, `phone_number`, `email`) VALUES (773, 1, '119325977', 'ablazejlg@chronoengine.com');
INSERT INTO `ocpizza`.`contact` (`id`, `id_address`, `phone_number`, `email`) VALUES (774, 1, '327254813', 'ldegregariolh@about.me');
INSERT INTO `ocpizza`.`contact` (`id`, `id_address`, `phone_number`, `email`) VALUES (775, 20, '879128332', 'wbrooksbyli@samsung.com');
INSERT INTO `ocpizza`.`contact` (`id`, `id_address`, `phone_number`, `email`) VALUES (776, 79, '304850108', 'cbarajalj@netvibes.com');
INSERT INTO `ocpizza`.`contact` (`id`, `id_address`, `phone_number`, `email`) VALUES (777, 7, '549870841', 'ccattowlk@skyrock.com');
INSERT INTO `ocpizza`.`contact` (`id`, `id_address`, `phone_number`, `email`) VALUES (778, 49, '782024987', 'tdeakinll@t-online.de');
INSERT INTO `ocpizza`.`contact` (`id`, `id_address`, `phone_number`, `email`) VALUES (779, 13, '325187662', 'shamblylm@fastcompany.com');
INSERT INTO `ocpizza`.`contact` (`id`, `id_address`, `phone_number`, `email`) VALUES (780, 11, '44022774', 'jtolputtln@netscape.com');
INSERT INTO `ocpizza`.`contact` (`id`, `id_address`, `phone_number`, `email`) VALUES (781, 96, '35872810', 'atailllo@macromedia.com');
INSERT INTO `ocpizza`.`contact` (`id`, `id_address`, `phone_number`, `email`) VALUES (782, 17, '617108804', 'afanninlp@vistaprint.com');
INSERT INTO `ocpizza`.`contact` (`id`, `id_address`, `phone_number`, `email`) VALUES (783, 91, '172572679', 'cmeasorlq@dell.com');
INSERT INTO `ocpizza`.`contact` (`id`, `id_address`, `phone_number`, `email`) VALUES (784, 15, '506949657', 'tdalstonlr@cbc.ca');
INSERT INTO `ocpizza`.`contact` (`id`, `id_address`, `phone_number`, `email`) VALUES (785, 76, '459657768', 'ppfaffells@digg.com');
INSERT INTO `ocpizza`.`contact` (`id`, `id_address`, `phone_number`, `email`) VALUES (786, 41, '811233353', 'jtumasianlt@google.com.br');
INSERT INTO `ocpizza`.`contact` (`id`, `id_address`, `phone_number`, `email`) VALUES (787, 52, '58546634', 'dzanottilu@smh.com.au');
INSERT INTO `ocpizza`.`contact` (`id`, `id_address`, `phone_number`, `email`) VALUES (788, 39, '182595274', 'vatacklv@si.edu');
INSERT INTO `ocpizza`.`contact` (`id`, `id_address`, `phone_number`, `email`) VALUES (789, 48, '32153908', 'akleynermanslw@ycombinator.com');
INSERT INTO `ocpizza`.`contact` (`id`, `id_address`, `phone_number`, `email`) VALUES (790, 14, '199050759', 'cdewickelx@netlog.com');
INSERT INTO `ocpizza`.`contact` (`id`, `id_address`, `phone_number`, `email`) VALUES (791, 41, '471120510', 'asahlstromly@sfgate.com');
INSERT INTO `ocpizza`.`contact` (`id`, `id_address`, `phone_number`, `email`) VALUES (792, 69, '115175278', 'kholburylz@com.com');
INSERT INTO `ocpizza`.`contact` (`id`, `id_address`, `phone_number`, `email`) VALUES (793, 51, '291994038', 'baronsonm0@umn.edu');
INSERT INTO `ocpizza`.`contact` (`id`, `id_address`, `phone_number`, `email`) VALUES (794, 87, '799882672', 'rimmerm1@cloudflare.com');
INSERT INTO `ocpizza`.`contact` (`id`, `id_address`, `phone_number`, `email`) VALUES (795, 23, '45412040', 'jmorm2@zdnet.com');
INSERT INTO `ocpizza`.`contact` (`id`, `id_address`, `phone_number`, `email`) VALUES (796, 92, '843651760', 'jgibberdm3@wikia.com');
INSERT INTO `ocpizza`.`contact` (`id`, `id_address`, `phone_number`, `email`) VALUES (797, 41, '549434924', 'dtrokerm4@csmonitor.com');
INSERT INTO `ocpizza`.`contact` (`id`, `id_address`, `phone_number`, `email`) VALUES (798, 7, '188899137', 'ajamesm5@forbes.com');
INSERT INTO `ocpizza`.`contact` (`id`, `id_address`, `phone_number`, `email`) VALUES (799, 87, '839689366', 'bguillotinm6@wikia.com');
INSERT INTO `ocpizza`.`contact` (`id`, `id_address`, `phone_number`, `email`) VALUES (800, 33, '161997744', 'csimanekm7@walmart.com');
INSERT INTO `ocpizza`.`contact` (`id`, `id_address`, `phone_number`, `email`) VALUES (801, 63, '731613790', 'awadhamsm8@guardian.co.uk');
INSERT INTO `ocpizza`.`contact` (`id`, `id_address`, `phone_number`, `email`) VALUES (802, 44, '252366409', 'pgiacomom9@indiegogo.com');
INSERT INTO `ocpizza`.`contact` (`id`, `id_address`, `phone_number`, `email`) VALUES (803, 98, '65942463', 'mabbisma@google.com');
INSERT INTO `ocpizza`.`contact` (`id`, `id_address`, `phone_number`, `email`) VALUES (804, 97, '271243444', 'ppepperellmb@vinaora.com');
INSERT INTO `ocpizza`.`contact` (`id`, `id_address`, `phone_number`, `email`) VALUES (805, 59, '876303614', 'pstqueninmc@loc.gov');
INSERT INTO `ocpizza`.`contact` (`id`, `id_address`, `phone_number`, `email`) VALUES (806, 27, '408579330', 'kiacobinimd@princeton.edu');
INSERT INTO `ocpizza`.`contact` (`id`, `id_address`, `phone_number`, `email`) VALUES (807, 94, '361183791', 'ccarrivickme@furl.net');
INSERT INTO `ocpizza`.`contact` (`id`, `id_address`, `phone_number`, `email`) VALUES (808, 3, '451160205', 'cstonardmf@redcross.org');
INSERT INTO `ocpizza`.`contact` (`id`, `id_address`, `phone_number`, `email`) VALUES (809, 1, '585462340', 'ksedgmanmg@networkadvertising.org');
INSERT INTO `ocpizza`.`contact` (`id`, `id_address`, `phone_number`, `email`) VALUES (810, 93, '877960172', 'tballinghallmh@marriott.com');
INSERT INTO `ocpizza`.`contact` (`id`, `id_address`, `phone_number`, `email`) VALUES (811, 243, '228808347', 'abettammi@creativecommons.org');
INSERT INTO `ocpizza`.`contact` (`id`, `id_address`, `phone_number`, `email`) VALUES (812, 28, '613088701', 'dungermj@rambler.ru');
INSERT INTO `ocpizza`.`contact` (`id`, `id_address`, `phone_number`, `email`) VALUES (813, 23, '102144019', 'mcorringtonmk@ustream.tv');
INSERT INTO `ocpizza`.`contact` (`id`, `id_address`, `phone_number`, `email`) VALUES (814, 4, '167933057', 'elarmettml@whitehouse.gov');
INSERT INTO `ocpizza`.`contact` (`id`, `id_address`, `phone_number`, `email`) VALUES (815, 72, '137599362', 'tkinlochmm@va.gov');
INSERT INTO `ocpizza`.`contact` (`id`, `id_address`, `phone_number`, `email`) VALUES (816, 32, '437657918', 'cayscoughmn@wunderground.com');
INSERT INTO `ocpizza`.`contact` (`id`, `id_address`, `phone_number`, `email`) VALUES (817, 3, '245033239', 'rwhethermo@amazon.co.jp');
INSERT INTO `ocpizza`.`contact` (`id`, `id_address`, `phone_number`, `email`) VALUES (818, 32, '124640664', 'mkeersmp@biglobe.ne.jp');
INSERT INTO `ocpizza`.`contact` (`id`, `id_address`, `phone_number`, `email`) VALUES (819, 13, '547573726', 'broberdsmq@live.com');
INSERT INTO `ocpizza`.`contact` (`id`, `id_address`, `phone_number`, `email`) VALUES (820, 96, '99880047', 'gbindleymr@prnewswire.com');
INSERT INTO `ocpizza`.`contact` (`id`, `id_address`, `phone_number`, `email`) VALUES (821, 86, '988409294', 'jslowleyms@netscape.com');
INSERT INTO `ocpizza`.`contact` (`id`, `id_address`, `phone_number`, `email`) VALUES (822, 16, '858246081', 'ggeorgotmt@buzzfeed.com');
INSERT INTO `ocpizza`.`contact` (`id`, `id_address`, `phone_number`, `email`) VALUES (823, 49, '204006683', 'esemmensmu@tmall.com');
INSERT INTO `ocpizza`.`contact` (`id`, `id_address`, `phone_number`, `email`) VALUES (824, 22, '737860234', 'lstanistretemv@fema.gov');
INSERT INTO `ocpizza`.`contact` (`id`, `id_address`, `phone_number`, `email`) VALUES (825, 32, '187470444', 'lpagittmw@google.it');
INSERT INTO `ocpizza`.`contact` (`id`, `id_address`, `phone_number`, `email`) VALUES (826, 231, '9974729', 'mministermx@ft.com');
INSERT INTO `ocpizza`.`contact` (`id`, `id_address`, `phone_number`, `email`) VALUES (827, 2, '318675282', 'agleadhellmy@desdev.cn');
INSERT INTO `ocpizza`.`contact` (`id`, `id_address`, `phone_number`, `email`) VALUES (828, 71, '563007085', 'icruessmz@flickr.com');
INSERT INTO `ocpizza`.`contact` (`id`, `id_address`, `phone_number`, `email`) VALUES (829, 5, '109768436', 'mburnagen0@fotki.com');
INSERT INTO `ocpizza`.`contact` (`id`, `id_address`, `phone_number`, `email`) VALUES (830, 67, '738494677', 'fjurcan1@csmonitor.com');
INSERT INTO `ocpizza`.`contact` (`id`, `id_address`, `phone_number`, `email`) VALUES (831, 13, '116071087', 'sandrin2@mit.edu');
INSERT INTO `ocpizza`.`contact` (`id`, `id_address`, `phone_number`, `email`) VALUES (832, 25, '577973866', 'mconnoldn3@clickbank.net');
INSERT INTO `ocpizza`.`contact` (`id`, `id_address`, `phone_number`, `email`) VALUES (833, 39, '446694814', 'fspuffardn4@typepad.com');
INSERT INTO `ocpizza`.`contact` (`id`, `id_address`, `phone_number`, `email`) VALUES (834, 53, '526881289', 'pheakn5@cbsnews.com');
INSERT INTO `ocpizza`.`contact` (`id`, `id_address`, `phone_number`, `email`) VALUES (835, 34, '761156782', 'flavarackn6@china.com.cn');
INSERT INTO `ocpizza`.`contact` (`id`, `id_address`, `phone_number`, `email`) VALUES (836, 69, '121395888', 'krumminn7@chron.com');
INSERT INTO `ocpizza`.`contact` (`id`, `id_address`, `phone_number`, `email`) VALUES (837, 17, '619526771', 'ndoleyn8@sogou.com');
INSERT INTO `ocpizza`.`contact` (`id`, `id_address`, `phone_number`, `email`) VALUES (838, 62, '641007053', 'gstummeyern9@zimbio.com');
INSERT INTO `ocpizza`.`contact` (`id`, `id_address`, `phone_number`, `email`) VALUES (839, 83, '402153074', 'hpieterickna@nytimes.com');
INSERT INTO `ocpizza`.`contact` (`id`, `id_address`, `phone_number`, `email`) VALUES (840, 12, '632858089', 'kwyernb@edublogs.org');
INSERT INTO `ocpizza`.`contact` (`id`, `id_address`, `phone_number`, `email`) VALUES (841, 29, '544594737', 'sbrutonnc@uiuc.edu');
INSERT INTO `ocpizza`.`contact` (`id`, `id_address`, `phone_number`, `email`) VALUES (842, 61, '324397479', 'cbernetnd@vk.com');
INSERT INTO `ocpizza`.`contact` (`id`, `id_address`, `phone_number`, `email`) VALUES (843, 23, '679595678', 'hsuddabyne@ted.com');
INSERT INTO `ocpizza`.`contact` (`id`, `id_address`, `phone_number`, `email`) VALUES (844, 87, '363640419', 'rswindinnf@woothemes.com');
INSERT INTO `ocpizza`.`contact` (`id`, `id_address`, `phone_number`, `email`) VALUES (845, 52, '626005783', 'bcalendarng@telegraph.co.uk');
INSERT INTO `ocpizza`.`contact` (`id`, `id_address`, `phone_number`, `email`) VALUES (846, 38, '193572279', 'gwoollardnh@eepurl.com');
INSERT INTO `ocpizza`.`contact` (`id`, `id_address`, `phone_number`, `email`) VALUES (847, 96, '914580313', 'codoughertyni@ox.ac.uk');
INSERT INTO `ocpizza`.`contact` (`id`, `id_address`, `phone_number`, `email`) VALUES (848, 15, '794733552', 'nbladonnj@paypal.com');
INSERT INTO `ocpizza`.`contact` (`id`, `id_address`, `phone_number`, `email`) VALUES (849, 91, '777871574', 'mlafontnk@harvard.edu');
INSERT INTO `ocpizza`.`contact` (`id`, `id_address`, `phone_number`, `email`) VALUES (850, 64, '217510468', 'nveldstranl@apple.com');
INSERT INTO `ocpizza`.`contact` (`id`, `id_address`, `phone_number`, `email`) VALUES (851, 95, '236452411', 'ajohnsnm@ask.com');
INSERT INTO `ocpizza`.`contact` (`id`, `id_address`, `phone_number`, `email`) VALUES (852, 46, '627010024', 'ibussellnn@parallels.com');
INSERT INTO `ocpizza`.`contact` (`id`, `id_address`, `phone_number`, `email`) VALUES (853, 63, '479123098', 'ashakeladeno@phpbb.com');
INSERT INTO `ocpizza`.`contact` (`id`, `id_address`, `phone_number`, `email`) VALUES (854, 62, '628830372', 'skennaghnp@columbia.edu');
INSERT INTO `ocpizza`.`contact` (`id`, `id_address`, `phone_number`, `email`) VALUES (855, 31, '615319713', 'kandreinq@sogou.com');
INSERT INTO `ocpizza`.`contact` (`id`, `id_address`, `phone_number`, `email`) VALUES (856, 18, '579363670', 'rchristoffenr@nih.gov');
INSERT INTO `ocpizza`.`contact` (`id`, `id_address`, `phone_number`, `email`) VALUES (857, 94, '625748726', 'bsapsfordens@shareasale.com');
INSERT INTO `ocpizza`.`contact` (`id`, `id_address`, `phone_number`, `email`) VALUES (858, 11, '716697130', 'sscottnt@themeforest.net');
INSERT INTO `ocpizza`.`contact` (`id`, `id_address`, `phone_number`, `email`) VALUES (859, 21, '387100300', 'mbunneynu@omniture.com');
INSERT INTO `ocpizza`.`contact` (`id`, `id_address`, `phone_number`, `email`) VALUES (860, 63, '903759432', 'jeakinsnv@mac.com');
INSERT INTO `ocpizza`.`contact` (`id`, `id_address`, `phone_number`, `email`) VALUES (861, 26, '536272325', 'lpietericknw@a8.net');
INSERT INTO `ocpizza`.`contact` (`id`, `id_address`, `phone_number`, `email`) VALUES (862, 61, '362124109', 'mnanninininx@harvard.edu');
INSERT INTO `ocpizza`.`contact` (`id`, `id_address`, `phone_number`, `email`) VALUES (863, 93, '391431720', 'esnapny@feedburner.com');
INSERT INTO `ocpizza`.`contact` (`id`, `id_address`, `phone_number`, `email`) VALUES (864, 1, '556371063', 'drumpnz@behance.net');
INSERT INTO `ocpizza`.`contact` (`id`, `id_address`, `phone_number`, `email`) VALUES (865, 654, '651781663', 'kdustingo0@army.mil');
INSERT INTO `ocpizza`.`contact` (`id`, `id_address`, `phone_number`, `email`) VALUES (866, 21, '121681256', 'lheislero1@slashdot.org');
INSERT INTO `ocpizza`.`contact` (`id`, `id_address`, `phone_number`, `email`) VALUES (867, 76, '672740241', 'krobertsono2@pen.io');
INSERT INTO `ocpizza`.`contact` (`id`, `id_address`, `phone_number`, `email`) VALUES (868, 76, '82876873', 'mperaccoo3@umn.edu');
INSERT INTO `ocpizza`.`contact` (`id`, `id_address`, `phone_number`, `email`) VALUES (869, 16, '315866045', 'mscraftono4@google.ca');
INSERT INTO `ocpizza`.`contact` (`id`, `id_address`, `phone_number`, `email`) VALUES (870, 55, '579532502', 'ldorlingo5@163.com');
INSERT INTO `ocpizza`.`contact` (`id`, `id_address`, `phone_number`, `email`) VALUES (871, 63, '712443439', 'gdanicko6@census.gov');
INSERT INTO `ocpizza`.`contact` (`id`, `id_address`, `phone_number`, `email`) VALUES (872, 54, '862766610', 'halchino7@wunderground.com');
INSERT INTO `ocpizza`.`contact` (`id`, `id_address`, `phone_number`, `email`) VALUES (873, 86, '62205707', 'pmacelroyo8@linkedin.com');
INSERT INTO `ocpizza`.`contact` (`id`, `id_address`, `phone_number`, `email`) VALUES (874, 12, '159588293', 'gspoltono9@intel.com');
INSERT INTO `ocpizza`.`contact` (`id`, `id_address`, `phone_number`, `email`) VALUES (875, 56, '22832437', 'asimecekoa@nydailynews.com');
INSERT INTO `ocpizza`.`contact` (`id`, `id_address`, `phone_number`, `email`) VALUES (876, 54, '234641819', 'sgammellob@e-recht24.de');
INSERT INTO `ocpizza`.`contact` (`id`, `id_address`, `phone_number`, `email`) VALUES (877, 68, '159843915', 'dsowthcoteoc@sogou.com');
INSERT INTO `ocpizza`.`contact` (`id`, `id_address`, `phone_number`, `email`) VALUES (878, 2, '427955143', 'okinnearod@last.fm');
INSERT INTO `ocpizza`.`contact` (`id`, `id_address`, `phone_number`, `email`) VALUES (879, 74, '866490282', 'tgillebertoe@bloomberg.com');
INSERT INTO `ocpizza`.`contact` (`id`, `id_address`, `phone_number`, `email`) VALUES (880, 53, '161327507', 'dscriptureof@prnewswire.com');
INSERT INTO `ocpizza`.`contact` (`id`, `id_address`, `phone_number`, `email`) VALUES (881, 96, '46929120', 'jkeningtonog@businessinsider.com');
INSERT INTO `ocpizza`.`contact` (`id`, `id_address`, `phone_number`, `email`) VALUES (882, 71, '797349508', 'bkinghamoh@instagram.com');
INSERT INTO `ocpizza`.`contact` (`id`, `id_address`, `phone_number`, `email`) VALUES (883, 27, '27333695', 'aleppingtonoi@theguardian.com');
INSERT INTO `ocpizza`.`contact` (`id`, `id_address`, `phone_number`, `email`) VALUES (884, 69, '169691717', 'mhayleroj@smh.com.au');
INSERT INTO `ocpizza`.`contact` (`id`, `id_address`, `phone_number`, `email`) VALUES (885, 63, '36620343', 'kgateleyok@creativecommons.org');
INSERT INTO `ocpizza`.`contact` (`id`, `id_address`, `phone_number`, `email`) VALUES (886, 29, '108045782', 'hgubbinsol@g.co');
INSERT INTO `ocpizza`.`contact` (`id`, `id_address`, `phone_number`, `email`) VALUES (887, 2, '617709502', 'dskippenom@cmu.edu');
INSERT INTO `ocpizza`.`contact` (`id`, `id_address`, `phone_number`, `email`) VALUES (888, 91, '353445655', 'tavramovicon@discovery.com');
INSERT INTO `ocpizza`.`contact` (`id`, `id_address`, `phone_number`, `email`) VALUES (889, 53, '407107995', 'crecordoo@scientificamerican.com');
INSERT INTO `ocpizza`.`contact` (`id`, `id_address`, `phone_number`, `email`) VALUES (890, 77, '928459643', 'trichardonop@mlb.com');
INSERT INTO `ocpizza`.`contact` (`id`, `id_address`, `phone_number`, `email`) VALUES (891, 80, '774508525', 'jpackoq@plala.or.jp');
INSERT INTO `ocpizza`.`contact` (`id`, `id_address`, `phone_number`, `email`) VALUES (892, 73, '779689536', 'johalleghaneor@sohu.com');
INSERT INTO `ocpizza`.`contact` (`id`, `id_address`, `phone_number`, `email`) VALUES (893, 43, '256693728', 'ccolchettos@acquirethisname.com');
INSERT INTO `ocpizza`.`contact` (`id`, `id_address`, `phone_number`, `email`) VALUES (894, 19, '824470009', 'mclouterot@home.pl');
INSERT INTO `ocpizza`.`contact` (`id`, `id_address`, `phone_number`, `email`) VALUES (895, 8, '409567884', 'avanneou@usa.gov');
INSERT INTO `ocpizza`.`contact` (`id`, `id_address`, `phone_number`, `email`) VALUES (896, 71, '403509046', 'imottersheadov@csmonitor.com');
INSERT INTO `ocpizza`.`contact` (`id`, `id_address`, `phone_number`, `email`) VALUES (897, 13, '87777959', 'abinnallow@eepurl.com');
INSERT INTO `ocpizza`.`contact` (`id`, `id_address`, `phone_number`, `email`) VALUES (898, 94, '86802568', 'isevittox@liveinternet.ru');
INSERT INTO `ocpizza`.`contact` (`id`, `id_address`, `phone_number`, `email`) VALUES (899, 54, '216946059', 'eozanneoy@blogs.com');
INSERT INTO `ocpizza`.`contact` (`id`, `id_address`, `phone_number`, `email`) VALUES (900, 51, '647320222', 'jhalmsoz@myspace.com');
INSERT INTO `ocpizza`.`contact` (`id`, `id_address`, `phone_number`, `email`) VALUES (901, 83, '895576803', 'abrokenshirep0@yolasite.com');
INSERT INTO `ocpizza`.`contact` (`id`, `id_address`, `phone_number`, `email`) VALUES (902, 30, '804707199', 'ageneryp1@wsj.com');
INSERT INTO `ocpizza`.`contact` (`id`, `id_address`, `phone_number`, `email`) VALUES (903, 98, '319488569', 'abroomfieldp2@wufoo.com');
INSERT INTO `ocpizza`.`contact` (`id`, `id_address`, `phone_number`, `email`) VALUES (904, 33, '515153627', 'llumberp3@nps.gov');
INSERT INTO `ocpizza`.`contact` (`id`, `id_address`, `phone_number`, `email`) VALUES (905, 76, '743403251', 'bmatisp4@ibm.com');
INSERT INTO `ocpizza`.`contact` (`id`, `id_address`, `phone_number`, `email`) VALUES (906, 59, '511918586', 'twhatep5@google.it');
INSERT INTO `ocpizza`.`contact` (`id`, `id_address`, `phone_number`, `email`) VALUES (907, 65, '743352556', 'nvolckerp6@pen.io');
INSERT INTO `ocpizza`.`contact` (`id`, `id_address`, `phone_number`, `email`) VALUES (908, 80, '383068253', 'mbellanyp7@blog.com');
INSERT INTO `ocpizza`.`contact` (`id`, `id_address`, `phone_number`, `email`) VALUES (909, 64, '537209825', 'hkarlikp8@eventbrite.com');
INSERT INTO `ocpizza`.`contact` (`id`, `id_address`, `phone_number`, `email`) VALUES (910, 29, '246106529', 'jbarep9@google.es');
INSERT INTO `ocpizza`.`contact` (`id`, `id_address`, `phone_number`, `email`) VALUES (911, 61, '941174551', 'vsteptopa@wisc.edu');
INSERT INTO `ocpizza`.`contact` (`id`, `id_address`, `phone_number`, `email`) VALUES (912, 15, '447251872', 'cpenrosepb@telegraph.co.uk');
INSERT INTO `ocpizza`.`contact` (`id`, `id_address`, `phone_number`, `email`) VALUES (913, 28, '826907425', 'egarfordpc@unblog.fr');
INSERT INTO `ocpizza`.`contact` (`id`, `id_address`, `phone_number`, `email`) VALUES (914, 83, '555114068', 'mpirniepd@amazonaws.com');
INSERT INTO `ocpizza`.`contact` (`id`, `id_address`, `phone_number`, `email`) VALUES (915, 23, '977456268', 'dandriuzzipe@cnbc.com');
INSERT INTO `ocpizza`.`contact` (`id`, `id_address`, `phone_number`, `email`) VALUES (916, 98, '483920295', 'adorotpf@google.com');
INSERT INTO `ocpizza`.`contact` (`id`, `id_address`, `phone_number`, `email`) VALUES (917, 50, '356875254', 'bentwhistlepg@google.com.au');
INSERT INTO `ocpizza`.`contact` (`id`, `id_address`, `phone_number`, `email`) VALUES (918, 19, '16584925', 'gspadaroph@free.fr');
INSERT INTO `ocpizza`.`contact` (`id`, `id_address`, `phone_number`, `email`) VALUES (919, 48, '892942956', 'skenwortheypi@newsvine.com');
INSERT INTO `ocpizza`.`contact` (`id`, `id_address`, `phone_number`, `email`) VALUES (920, 12, '474524107', 'ccheccipj@squidoo.com');
INSERT INTO `ocpizza`.`contact` (`id`, `id_address`, `phone_number`, `email`) VALUES (921, 78, '716190552', 'jgheorghiepk@w3.org');
INSERT INTO `ocpizza`.`contact` (`id`, `id_address`, `phone_number`, `email`) VALUES (922, 10, '693573226', 'achanderspl@hud.gov');
INSERT INTO `ocpizza`.`contact` (`id`, `id_address`, `phone_number`, `email`) VALUES (923, 22, '366213106', 'achinnickpm@ibm.com');
INSERT INTO `ocpizza`.`contact` (`id`, `id_address`, `phone_number`, `email`) VALUES (924, 46, '803926711', 'mmillershippn@rambler.ru');
INSERT INTO `ocpizza`.`contact` (`id`, `id_address`, `phone_number`, `email`) VALUES (925, 50, '521222780', 'mgilhampo@jigsy.com');
INSERT INTO `ocpizza`.`contact` (`id`, `id_address`, `phone_number`, `email`) VALUES (926, 66, '265264370', 'dharmantpp@sakura.ne.jp');
INSERT INTO `ocpizza`.`contact` (`id`, `id_address`, `phone_number`, `email`) VALUES (927, 46, '428550173', 'tmeaseypq@eepurl.com');
INSERT INTO `ocpizza`.`contact` (`id`, `id_address`, `phone_number`, `email`) VALUES (928, 21, '203841861', 'iaverallpr@symantec.com');
INSERT INTO `ocpizza`.`contact` (`id`, `id_address`, `phone_number`, `email`) VALUES (929, 95, '542139125', 'gmillsonps@mit.edu');
INSERT INTO `ocpizza`.`contact` (`id`, `id_address`, `phone_number`, `email`) VALUES (930, 1, '944577879', 'lcustancept@cocolog-nifty.com');
INSERT INTO `ocpizza`.`contact` (`id`, `id_address`, `phone_number`, `email`) VALUES (931, 84, '395086704', 'kfieldgatepu@businessweek.com');
INSERT INTO `ocpizza`.`contact` (`id`, `id_address`, `phone_number`, `email`) VALUES (932, 19, '148251135', 'sfairningtonpv@pcworld.com');
INSERT INTO `ocpizza`.`contact` (`id`, `id_address`, `phone_number`, `email`) VALUES (933, 47, '673722635', 'dewensonpw@domainmarket.com');
INSERT INTO `ocpizza`.`contact` (`id`, `id_address`, `phone_number`, `email`) VALUES (934, 27, '27215574', 'jmcardpx@amazon.com');
INSERT INTO `ocpizza`.`contact` (`id`, `id_address`, `phone_number`, `email`) VALUES (935, 41, '666726390', 'kgiacomellopy@ed.gov');
INSERT INTO `ocpizza`.`contact` (`id`, `id_address`, `phone_number`, `email`) VALUES (936, 99, '361459294', 'siskowpz@cpanel.net');
INSERT INTO `ocpizza`.`contact` (`id`, `id_address`, `phone_number`, `email`) VALUES (937, 64, '731347299', 'sdahlborgq0@tinyurl.com');
INSERT INTO `ocpizza`.`contact` (`id`, `id_address`, `phone_number`, `email`) VALUES (938, 95, '65162187', 'cwintq1@arizona.edu');
INSERT INTO `ocpizza`.`contact` (`id`, `id_address`, `phone_number`, `email`) VALUES (939, 7, '97472166', 'gmeachenq2@chicagotribune.com');
INSERT INTO `ocpizza`.`contact` (`id`, `id_address`, `phone_number`, `email`) VALUES (940, 71, '235089490', 'avaleriusq3@rambler.ru');
INSERT INTO `ocpizza`.`contact` (`id`, `id_address`, `phone_number`, `email`) VALUES (941, 47, '285226458', 'hpocknellq4@rambler.ru');
INSERT INTO `ocpizza`.`contact` (`id`, `id_address`, `phone_number`, `email`) VALUES (942, 77, '383919581', 'echoltonq5@bloglines.com');
INSERT INTO `ocpizza`.`contact` (`id`, `id_address`, `phone_number`, `email`) VALUES (943, 30, '679650037', 'lpennycookq6@nydailynews.com');
INSERT INTO `ocpizza`.`contact` (`id`, `id_address`, `phone_number`, `email`) VALUES (944, 81, '326701071', 'adessaurq7@privacy.gov.au');
INSERT INTO `ocpizza`.`contact` (`id`, `id_address`, `phone_number`, `email`) VALUES (945, 43, '863633732', 'frosenbloomq8@webnode.com');
INSERT INTO `ocpizza`.`contact` (`id`, `id_address`, `phone_number`, `email`) VALUES (946, 48, '223638397', 'ctyerq9@vkontakte.ru');
INSERT INTO `ocpizza`.`contact` (`id`, `id_address`, `phone_number`, `email`) VALUES (947, 253, '287749932', 'iseifqa@feedburner.com');
INSERT INTO `ocpizza`.`contact` (`id`, `id_address`, `phone_number`, `email`) VALUES (948, 50, '257181914', 'esampsonqb@bloglovin.com');
INSERT INTO `ocpizza`.`contact` (`id`, `id_address`, `phone_number`, `email`) VALUES (949, 70, '677168799', 'kdownsqc@redcross.org');
INSERT INTO `ocpizza`.`contact` (`id`, `id_address`, `phone_number`, `email`) VALUES (950, 91, '286001308', 'linghamqd@cbc.ca');
INSERT INTO `ocpizza`.`contact` (`id`, `id_address`, `phone_number`, `email`) VALUES (951, 88, '837114674', 'jdoncomqe@cnet.com');
INSERT INTO `ocpizza`.`contact` (`id`, `id_address`, `phone_number`, `email`) VALUES (952, 56, '929588383', 'lheadfordqf@histats.com');
INSERT INTO `ocpizza`.`contact` (`id`, `id_address`, `phone_number`, `email`) VALUES (953, 60, '593390102', 'adescoffierqg@amazon.de');
INSERT INTO `ocpizza`.`contact` (`id`, `id_address`, `phone_number`, `email`) VALUES (954, 46, '351964810', 'cghelardoniqh@storify.com');
INSERT INTO `ocpizza`.`contact` (`id`, `id_address`, `phone_number`, `email`) VALUES (955, 45, '663943415', 'rcoltenqi@scribd.com');
INSERT INTO `ocpizza`.`contact` (`id`, `id_address`, `phone_number`, `email`) VALUES (956, 27, '296134869', 'oburdsqj@china.com.cn');
INSERT INTO `ocpizza`.`contact` (`id`, `id_address`, `phone_number`, `email`) VALUES (957, 66, '686202379', 'hsplavenqk@bloomberg.com');
INSERT INTO `ocpizza`.`contact` (`id`, `id_address`, `phone_number`, `email`) VALUES (958, 49, '586731541', 'kugoql@usatoday.com');
INSERT INTO `ocpizza`.`contact` (`id`, `id_address`, `phone_number`, `email`) VALUES (959, 76, '29243603', 'mbrycesonqm@comsenz.com');
INSERT INTO `ocpizza`.`contact` (`id`, `id_address`, `phone_number`, `email`) VALUES (960, 22, '285858905', 'dbautisteqn@yahoo.com');
INSERT INTO `ocpizza`.`contact` (`id`, `id_address`, `phone_number`, `email`) VALUES (961, 41, '312628664', 'deyamqo@omniture.com');
INSERT INTO `ocpizza`.`contact` (`id`, `id_address`, `phone_number`, `email`) VALUES (962, 67, '356289230', 'estintonqp@facebook.com');
INSERT INTO `ocpizza`.`contact` (`id`, `id_address`, `phone_number`, `email`) VALUES (963, 22, '847668429', 'ckobeltqq@g.co');
INSERT INTO `ocpizza`.`contact` (`id`, `id_address`, `phone_number`, `email`) VALUES (964, 66, '929046160', 'cdafyddqr@mysql.com');
INSERT INTO `ocpizza`.`contact` (`id`, `id_address`, `phone_number`, `email`) VALUES (965, 2, '8209087', 'llillowqs@imdb.com');
INSERT INTO `ocpizza`.`contact` (`id`, `id_address`, `phone_number`, `email`) VALUES (966, 2, '768869748', 'velcoateqt@ft.com');
INSERT INTO `ocpizza`.`contact` (`id`, `id_address`, `phone_number`, `email`) VALUES (967, 53, '138394534', 'aviallqu@last.fm');
INSERT INTO `ocpizza`.`contact` (`id`, `id_address`, `phone_number`, `email`) VALUES (968, 99, '929749477', 'mpatekqv@homestead.com');
INSERT INTO `ocpizza`.`contact` (`id`, `id_address`, `phone_number`, `email`) VALUES (969, 89, '444908438', 'jdanielloqw@flickr.com');
INSERT INTO `ocpizza`.`contact` (`id`, `id_address`, `phone_number`, `email`) VALUES (970, 21, '229043761', 'ltommasettiqx@newsvine.com');
INSERT INTO `ocpizza`.`contact` (`id`, `id_address`, `phone_number`, `email`) VALUES (971, 60, '213554414', 'hbrinicombeqy@prlog.org');
INSERT INTO `ocpizza`.`contact` (`id`, `id_address`, `phone_number`, `email`) VALUES (972, 23, '222818567', 'tdelahuntyqz@de.vu');
INSERT INTO `ocpizza`.`contact` (`id`, `id_address`, `phone_number`, `email`) VALUES (973, 44, '92674834', 'okinder0@indiegogo.com');
INSERT INTO `ocpizza`.`contact` (`id`, `id_address`, `phone_number`, `email`) VALUES (974, 40, '836623968', 'ccastelainr1@microsoft.com');
INSERT INTO `ocpizza`.`contact` (`id`, `id_address`, `phone_number`, `email`) VALUES (975, 67, '255478134', 'kwhistlecroftr2@nasa.gov');
INSERT INTO `ocpizza`.`contact` (`id`, `id_address`, `phone_number`, `email`) VALUES (976, 47, '235568760', 'knorthfieldr3@mtv.com');
INSERT INTO `ocpizza`.`contact` (`id`, `id_address`, `phone_number`, `email`) VALUES (977, 49, '395581206', 'jdeinhardtr4@uiuc.edu');
INSERT INTO `ocpizza`.`contact` (`id`, `id_address`, `phone_number`, `email`) VALUES (978, 14, '736696527', 'ebartleyr5@google.nl');
INSERT INTO `ocpizza`.`contact` (`id`, `id_address`, `phone_number`, `email`) VALUES (979, 67, '841638762', 'adensier6@msu.edu');
INSERT INTO `ocpizza`.`contact` (`id`, `id_address`, `phone_number`, `email`) VALUES (980, 8, '254755763', 'mpabelikr7@constantcontact.com');
INSERT INTO `ocpizza`.`contact` (`id`, `id_address`, `phone_number`, `email`) VALUES (981, 43, '751144015', 'nbraniganr8@diigo.com');
INSERT INTO `ocpizza`.`contact` (`id`, `id_address`, `phone_number`, `email`) VALUES (982, 74, '379183273', 'tenokssonr9@wikispaces.com');
INSERT INTO `ocpizza`.`contact` (`id`, `id_address`, `phone_number`, `email`) VALUES (983, 23, '416312817', 'evonderdellra@vistaprint.com');
INSERT INTO `ocpizza`.`contact` (`id`, `id_address`, `phone_number`, `email`) VALUES (984, 53, '41660334', 'dfonzorb@cpanel.net');
INSERT INTO `ocpizza`.`contact` (`id`, `id_address`, `phone_number`, `email`) VALUES (985, 38, '585243432', 'cheasemanrc@uiuc.edu');
INSERT INTO `ocpizza`.`contact` (`id`, `id_address`, `phone_number`, `email`) VALUES (986, 65, '639417741', 'tpearrd@meetup.com');
INSERT INTO `ocpizza`.`contact` (`id`, `id_address`, `phone_number`, `email`) VALUES (987, 19, '713331394', 'ccorkere@deviantart.com');
INSERT INTO `ocpizza`.`contact` (`id`, `id_address`, `phone_number`, `email`) VALUES (988, 60, '444753933', 'arawlencerf@pen.io');
INSERT INTO `ocpizza`.`contact` (`id`, `id_address`, `phone_number`, `email`) VALUES (989, 46, '602663409', 'bgilmanrg@ovh.net');
INSERT INTO `ocpizza`.`contact` (`id`, `id_address`, `phone_number`, `email`) VALUES (990, 40, '663924605', 'msharnockrh@ezinearticles.com');
INSERT INTO `ocpizza`.`contact` (`id`, `id_address`, `phone_number`, `email`) VALUES (991, 95, '472643691', 'csliteri@baidu.com');
INSERT INTO `ocpizza`.`contact` (`id`, `id_address`, `phone_number`, `email`) VALUES (992, 65, '174509645', 'tbeebyrj@addthis.com');
INSERT INTO `ocpizza`.`contact` (`id`, `id_address`, `phone_number`, `email`) VALUES (993, 42, '609667622', 'mbenittirk@pcworld.com');
INSERT INTO `ocpizza`.`contact` (`id`, `id_address`, `phone_number`, `email`) VALUES (994, 13, '274957831', 'gjozefczakrl@army.mil');
INSERT INTO `ocpizza`.`contact` (`id`, `id_address`, `phone_number`, `email`) VALUES (995, 8, '749267563', 'fmacalindenrm@google.com.br');
INSERT INTO `ocpizza`.`contact` (`id`, `id_address`, `phone_number`, `email`) VALUES (996, 97, '841123083', 'pciottoirn@biglobe.ne.jp');
INSERT INTO `ocpizza`.`contact` (`id`, `id_address`, `phone_number`, `email`) VALUES (997, 29, '598915945', 'amccomiskeyro@paginegialle.it');
INSERT INTO `ocpizza`.`contact` (`id`, `id_address`, `phone_number`, `email`) VALUES (998, 65, '291424005', 'dneliganrp@thetimes.co.uk');
INSERT INTO `ocpizza`.`contact` (`id`, `id_address`, `phone_number`, `email`) VALUES (999, 85, '726322043', 'ofaddenrq@liveinternet.ru');
INSERT INTO `ocpizza`.`contact` (`id`, `id_address`, `phone_number`, `email`) VALUES (1000, 33, '511263427', 'hgumeyrr@constantcontact.com');

COMMIT;


-- -----------------------------------------------------
-- Data for table `ocpizza`.`shop`
-- -----------------------------------------------------
START TRANSACTION;
USE `ocpizza`;
INSERT INTO `ocpizza`.`shop` (`id`, `name`, `contact_id`) VALUES (1, 'Maraba', 1);
INSERT INTO `ocpizza`.`shop` (`id`, `name`, `contact_id`) VALUES (2, 'Berezniki', 2);
INSERT INTO `ocpizza`.`shop` (`id`, `name`, `contact_id`) VALUES (3, 'Pradera', 3);

COMMIT;


-- -----------------------------------------------------
-- Data for table `ocpizza`.`stock`
-- -----------------------------------------------------
START TRANSACTION;
USE `ocpizza`;
INSERT INTO `ocpizza`.`stock` (`id`, `id_shop`, `type`, `stock`) VALUES (1, 1, 'ingredient', 46017);
INSERT INTO `ocpizza`.`stock` (`id`, `id_shop`, `type`, `stock`) VALUES (2, 1, 'ingredient', 56798);
INSERT INTO `ocpizza`.`stock` (`id`, `id_shop`, `type`, `stock`) VALUES (3, 1, 'ingredient', 66995);
INSERT INTO `ocpizza`.`stock` (`id`, `id_shop`, `type`, `stock`) VALUES (4, 1, 'ingredient', 62589);
INSERT INTO `ocpizza`.`stock` (`id`, `id_shop`, `type`, `stock`) VALUES (5, 1, 'ingredient', 75348);
INSERT INTO `ocpizza`.`stock` (`id`, `id_shop`, `type`, `stock`) VALUES (6, 1, 'ingredient', 84807);
INSERT INTO `ocpizza`.`stock` (`id`, `id_shop`, `type`, `stock`) VALUES (7, 1, 'ingredient', 45405);
INSERT INTO `ocpizza`.`stock` (`id`, `id_shop`, `type`, `stock`) VALUES (8, 1, 'ingredient', 17711);
INSERT INTO `ocpizza`.`stock` (`id`, `id_shop`, `type`, `stock`) VALUES (9, 1, 'ingredient', 83486);
INSERT INTO `ocpizza`.`stock` (`id`, `id_shop`, `type`, `stock`) VALUES (10, 1, 'ingredient', 20377);
INSERT INTO `ocpizza`.`stock` (`id`, `id_shop`, `type`, `stock`) VALUES (11, 1, 'ingredient', 43458);
INSERT INTO `ocpizza`.`stock` (`id`, `id_shop`, `type`, `stock`) VALUES (12, 1, 'ingredient', 96157);
INSERT INTO `ocpizza`.`stock` (`id`, `id_shop`, `type`, `stock`) VALUES (13, 1, 'ingredient', 57613);
INSERT INTO `ocpizza`.`stock` (`id`, `id_shop`, `type`, `stock`) VALUES (14, 1, 'ingredient', 66589);
INSERT INTO `ocpizza`.`stock` (`id`, `id_shop`, `type`, `stock`) VALUES (15, 1, 'ingredient', 26506);
INSERT INTO `ocpizza`.`stock` (`id`, `id_shop`, `type`, `stock`) VALUES (16, 1, 'ingredient', 53356);
INSERT INTO `ocpizza`.`stock` (`id`, `id_shop`, `type`, `stock`) VALUES (17, 1, 'ingredient', 91987);
INSERT INTO `ocpizza`.`stock` (`id`, `id_shop`, `type`, `stock`) VALUES (18, 1, 'ingredient', 29035);
INSERT INTO `ocpizza`.`stock` (`id`, `id_shop`, `type`, `stock`) VALUES (19, 1, 'ingredient', 17403);
INSERT INTO `ocpizza`.`stock` (`id`, `id_shop`, `type`, `stock`) VALUES (20, 1, 'ingredient', 99712);
INSERT INTO `ocpizza`.`stock` (`id`, `id_shop`, `type`, `stock`) VALUES (21, 1, 'ingredient', 88918);
INSERT INTO `ocpizza`.`stock` (`id`, `id_shop`, `type`, `stock`) VALUES (22, 1, 'ingredient', 75228);
INSERT INTO `ocpizza`.`stock` (`id`, `id_shop`, `type`, `stock`) VALUES (1, 2, 'ingredient', 23569);
INSERT INTO `ocpizza`.`stock` (`id`, `id_shop`, `type`, `stock`) VALUES (2, 2, 'ingredient', 64424);
INSERT INTO `ocpizza`.`stock` (`id`, `id_shop`, `type`, `stock`) VALUES (3, 2, 'ingredient', 84852);
INSERT INTO `ocpizza`.`stock` (`id`, `id_shop`, `type`, `stock`) VALUES (4, 2, 'ingredient', 81377);
INSERT INTO `ocpizza`.`stock` (`id`, `id_shop`, `type`, `stock`) VALUES (5, 2, 'ingredient', 10911);
INSERT INTO `ocpizza`.`stock` (`id`, `id_shop`, `type`, `stock`) VALUES (6, 2, 'ingredient', 34508);
INSERT INTO `ocpizza`.`stock` (`id`, `id_shop`, `type`, `stock`) VALUES (7, 2, 'ingredient', 46538);
INSERT INTO `ocpizza`.`stock` (`id`, `id_shop`, `type`, `stock`) VALUES (8, 2, 'ingredient', 81997);
INSERT INTO `ocpizza`.`stock` (`id`, `id_shop`, `type`, `stock`) VALUES (9, 2, 'ingredient', 66869);
INSERT INTO `ocpizza`.`stock` (`id`, `id_shop`, `type`, `stock`) VALUES (10, 2, 'ingredient', 5015);
INSERT INTO `ocpizza`.`stock` (`id`, `id_shop`, `type`, `stock`) VALUES (11, 2, 'ingredient', 56358);
INSERT INTO `ocpizza`.`stock` (`id`, `id_shop`, `type`, `stock`) VALUES (12, 2, 'ingredient', 16768);
INSERT INTO `ocpizza`.`stock` (`id`, `id_shop`, `type`, `stock`) VALUES (13, 2, 'ingredient', 14862);
INSERT INTO `ocpizza`.`stock` (`id`, `id_shop`, `type`, `stock`) VALUES (14, 2, 'ingredient', 35987);
INSERT INTO `ocpizza`.`stock` (`id`, `id_shop`, `type`, `stock`) VALUES (15, 2, 'ingredient', 37590);
INSERT INTO `ocpizza`.`stock` (`id`, `id_shop`, `type`, `stock`) VALUES (16, 2, 'ingredient', 45957);
INSERT INTO `ocpizza`.`stock` (`id`, `id_shop`, `type`, `stock`) VALUES (17, 2, 'ingredient', 37251);
INSERT INTO `ocpizza`.`stock` (`id`, `id_shop`, `type`, `stock`) VALUES (18, 2, 'ingredient', 96734);
INSERT INTO `ocpizza`.`stock` (`id`, `id_shop`, `type`, `stock`) VALUES (19, 2, 'ingredient', 78459);
INSERT INTO `ocpizza`.`stock` (`id`, `id_shop`, `type`, `stock`) VALUES (20, 2, 'ingredient', 79604);
INSERT INTO `ocpizza`.`stock` (`id`, `id_shop`, `type`, `stock`) VALUES (21, 2, 'ingredient', 10387);
INSERT INTO `ocpizza`.`stock` (`id`, `id_shop`, `type`, `stock`) VALUES (22, 2, 'ingredient', 8315);
INSERT INTO `ocpizza`.`stock` (`id`, `id_shop`, `type`, `stock`) VALUES (1, 3, 'ingredient', 73490);
INSERT INTO `ocpizza`.`stock` (`id`, `id_shop`, `type`, `stock`) VALUES (2, 3, 'ingredient', 29769);
INSERT INTO `ocpizza`.`stock` (`id`, `id_shop`, `type`, `stock`) VALUES (3, 3, 'ingredient', 41778);
INSERT INTO `ocpizza`.`stock` (`id`, `id_shop`, `type`, `stock`) VALUES (4, 3, 'ingredient', 18467);
INSERT INTO `ocpizza`.`stock` (`id`, `id_shop`, `type`, `stock`) VALUES (5, 3, 'ingredient', 37698);
INSERT INTO `ocpizza`.`stock` (`id`, `id_shop`, `type`, `stock`) VALUES (6, 3, 'ingredient', 81972);
INSERT INTO `ocpizza`.`stock` (`id`, `id_shop`, `type`, `stock`) VALUES (7, 3, 'ingredient', 52060);
INSERT INTO `ocpizza`.`stock` (`id`, `id_shop`, `type`, `stock`) VALUES (8, 3, 'ingredient', 46016);
INSERT INTO `ocpizza`.`stock` (`id`, `id_shop`, `type`, `stock`) VALUES (9, 3, 'ingredient', 720);
INSERT INTO `ocpizza`.`stock` (`id`, `id_shop`, `type`, `stock`) VALUES (10, 3, 'ingredient', 69710);
INSERT INTO `ocpizza`.`stock` (`id`, `id_shop`, `type`, `stock`) VALUES (11, 3, 'ingredient', 1212);
INSERT INTO `ocpizza`.`stock` (`id`, `id_shop`, `type`, `stock`) VALUES (12, 3, 'ingredient', 66308);
INSERT INTO `ocpizza`.`stock` (`id`, `id_shop`, `type`, `stock`) VALUES (13, 3, 'ingredient', 25244);
INSERT INTO `ocpizza`.`stock` (`id`, `id_shop`, `type`, `stock`) VALUES (14, 3, 'ingredient', 84471);
INSERT INTO `ocpizza`.`stock` (`id`, `id_shop`, `type`, `stock`) VALUES (15, 3, 'ingredient', 45469);
INSERT INTO `ocpizza`.`stock` (`id`, `id_shop`, `type`, `stock`) VALUES (16, 3, 'ingredient', 37369);
INSERT INTO `ocpizza`.`stock` (`id`, `id_shop`, `type`, `stock`) VALUES (17, 3, 'ingredient', 11092);
INSERT INTO `ocpizza`.`stock` (`id`, `id_shop`, `type`, `stock`) VALUES (18, 3, 'ingredient', 20503);
INSERT INTO `ocpizza`.`stock` (`id`, `id_shop`, `type`, `stock`) VALUES (19, 3, 'ingredient', 74866);
INSERT INTO `ocpizza`.`stock` (`id`, `id_shop`, `type`, `stock`) VALUES (20, 3, 'ingredient', 28303);
INSERT INTO `ocpizza`.`stock` (`id`, `id_shop`, `type`, `stock`) VALUES (21, 3, 'ingredient', 66885);
INSERT INTO `ocpizza`.`stock` (`id`, `id_shop`, `type`, `stock`) VALUES (22, 3, 'ingredient', 704);
INSERT INTO `ocpizza`.`stock` (`id`, `id_shop`, `type`, `stock`) VALUES (1, 1, 'product', 98475);
INSERT INTO `ocpizza`.`stock` (`id`, `id_shop`, `type`, `stock`) VALUES (2, 1, 'product', 69588);
INSERT INTO `ocpizza`.`stock` (`id`, `id_shop`, `type`, `stock`) VALUES (3, 1, 'product', 27699);
INSERT INTO `ocpizza`.`stock` (`id`, `id_shop`, `type`, `stock`) VALUES (4, 1, 'product', 747);
INSERT INTO `ocpizza`.`stock` (`id`, `id_shop`, `type`, `stock`) VALUES (5, 1, 'product', 3336);
INSERT INTO `ocpizza`.`stock` (`id`, `id_shop`, `type`, `stock`) VALUES (6, 1, 'product', 38660);
INSERT INTO `ocpizza`.`stock` (`id`, `id_shop`, `type`, `stock`) VALUES (7, 1, 'product', 73912);
INSERT INTO `ocpizza`.`stock` (`id`, `id_shop`, `type`, `stock`) VALUES (1, 2, 'product', 53104);
INSERT INTO `ocpizza`.`stock` (`id`, `id_shop`, `type`, `stock`) VALUES (2, 2, 'product', 67806);
INSERT INTO `ocpizza`.`stock` (`id`, `id_shop`, `type`, `stock`) VALUES (3, 2, 'product', 75184);
INSERT INTO `ocpizza`.`stock` (`id`, `id_shop`, `type`, `stock`) VALUES (4, 2, 'product', 27165);
INSERT INTO `ocpizza`.`stock` (`id`, `id_shop`, `type`, `stock`) VALUES (5, 2, 'product', 53444);
INSERT INTO `ocpizza`.`stock` (`id`, `id_shop`, `type`, `stock`) VALUES (6, 2, 'product', 56037);
INSERT INTO `ocpizza`.`stock` (`id`, `id_shop`, `type`, `stock`) VALUES (7, 2, 'product', 19178);
INSERT INTO `ocpizza`.`stock` (`id`, `id_shop`, `type`, `stock`) VALUES (1, 3, 'product', 899);
INSERT INTO `ocpizza`.`stock` (`id`, `id_shop`, `type`, `stock`) VALUES (2, 3, 'product', 42265);
INSERT INTO `ocpizza`.`stock` (`id`, `id_shop`, `type`, `stock`) VALUES (3, 3, 'product', 9310);
INSERT INTO `ocpizza`.`stock` (`id`, `id_shop`, `type`, `stock`) VALUES (4, 3, 'product', 24233);
INSERT INTO `ocpizza`.`stock` (`id`, `id_shop`, `type`, `stock`) VALUES (5, 3, 'product', 55113);
INSERT INTO `ocpizza`.`stock` (`id`, `id_shop`, `type`, `stock`) VALUES (6, 3, 'product', 38877);
INSERT INTO `ocpizza`.`stock` (`id`, `id_shop`, `type`, `stock`) VALUES (7, 3, 'product', 53707);

COMMIT;


-- -----------------------------------------------------
-- Data for table `ocpizza`.`account`
-- -----------------------------------------------------
START TRANSACTION;
USE `ocpizza`;
INSERT INTO `ocpizza`.`account` (`id`, `login`, `password`) VALUES (1, 'jpyer0', 0x356D67695475766130);
INSERT INTO `ocpizza`.`account` (`id`, `login`, `password`) VALUES (2, 'greuben1', 0x57594A5451394362);
INSERT INTO `ocpizza`.`account` (`id`, `login`, `password`) VALUES (3, 'ehartburn2', 0x6168644F5A6B);
INSERT INTO `ocpizza`.`account` (`id`, `login`, `password`) VALUES (4, 'thaccleton3', 0x6F5472743436337A675A356A);
INSERT INTO `ocpizza`.`account` (`id`, `login`, `password`) VALUES (5, 'eduffell4', 0x70443541383256);
INSERT INTO `ocpizza`.`account` (`id`, `login`, `password`) VALUES (6, 'tcamois5', 0x764F43666B6B7541336250);
INSERT INTO `ocpizza`.`account` (`id`, `login`, `password`) VALUES (7, 'scantopher6', 0x795431485158);
INSERT INTO `ocpizza`.`account` (`id`, `login`, `password`) VALUES (8, 'dfreebury7', 0x6765366F6243);
INSERT INTO `ocpizza`.`account` (`id`, `login`, `password`) VALUES (9, 'dliff8', 0x4E55697936426F46554E);
INSERT INTO `ocpizza`.`account` (`id`, `login`, `password`) VALUES (10, 'mmullineux9', 0x426B425A7442555A637768);
INSERT INTO `ocpizza`.`account` (`id`, `login`, `password`) VALUES (11, 'mschenkela', 0x684F4276536C7071656C5049);
INSERT INTO `ocpizza`.`account` (`id`, `login`, `password`) VALUES (12, 'elarretb', 0x6C577549564C306C);
INSERT INTO `ocpizza`.`account` (`id`, `login`, `password`) VALUES (13, 'dollettc', 0x367430617A786769324C58);
INSERT INTO `ocpizza`.`account` (`id`, `login`, `password`) VALUES (14, 'medelstond', 0x546B62654E5032);
INSERT INTO `ocpizza`.`account` (`id`, `login`, `password`) VALUES (15, 'mbaptistee', 0x656F697472416F7562);
INSERT INTO `ocpizza`.`account` (`id`, `login`, `password`) VALUES (16, 'jgoncavesf', 0x4D41454E434739303466394D);
INSERT INTO `ocpizza`.`account` (`id`, `login`, `password`) VALUES (17, 'estelljesg', 0x42494F75484F77446353);
INSERT INTO `ocpizza`.`account` (`id`, `login`, `password`) VALUES (18, 'mtorricinah', 0x61456263343948727066);
INSERT INTO `ocpizza`.`account` (`id`, `login`, `password`) VALUES (19, 'tcominolii', 0x7533374338526163617652);
INSERT INTO `ocpizza`.`account` (`id`, `login`, `password`) VALUES (20, 'irablj', 0x6D4B676A744363425753);
INSERT INTO `ocpizza`.`account` (`id`, `login`, `password`) VALUES (21, 'ggiacobazzik', 0x3244566F3770473357);
INSERT INTO `ocpizza`.`account` (`id`, `login`, `password`) VALUES (22, 'gwindrossl', 0x377937436D7567416B463646);
INSERT INTO `ocpizza`.`account` (`id`, `login`, `password`) VALUES (23, 'bcomminsm', 0x796D4A306755425073367050);
INSERT INTO `ocpizza`.`account` (`id`, `login`, `password`) VALUES (24, 'sbrimilcomen', 0x7930394C704C51);
INSERT INTO `ocpizza`.`account` (`id`, `login`, `password`) VALUES (25, 'lballardo', 0x37764D71415853);
INSERT INTO `ocpizza`.`account` (`id`, `login`, `password`) VALUES (26, 'kmashalp', 0x656E5474584C4978716B546F);
INSERT INTO `ocpizza`.`account` (`id`, `login`, `password`) VALUES (27, 'aferonetq', 0x6378753335683169);
INSERT INTO `ocpizza`.`account` (`id`, `login`, `password`) VALUES (28, 'ksammesr', 0x384F4D4D624A6B6542);
INSERT INTO `ocpizza`.`account` (`id`, `login`, `password`) VALUES (29, 'amccullys', 0x727248777339);
INSERT INTO `ocpizza`.`account` (`id`, `login`, `password`) VALUES (30, 'mperagot', 0x3775653666385A55);
INSERT INTO `ocpizza`.`account` (`id`, `login`, `password`) VALUES (31, 'rhadwenu', 0x727531727636424D);
INSERT INTO `ocpizza`.`account` (`id`, `login`, `password`) VALUES (32, 'zlinckv', 0x346751697A6931484C);
INSERT INTO `ocpizza`.`account` (`id`, `login`, `password`) VALUES (33, 'kmayouw', 0x4F59456C46577731363039);
INSERT INTO `ocpizza`.`account` (`id`, `login`, `password`) VALUES (34, 'dhorriganx', 0x347437586D48);
INSERT INTO `ocpizza`.`account` (`id`, `login`, `password`) VALUES (35, 'malessandrucciy', 0x634A59434146);
INSERT INTO `ocpizza`.`account` (`id`, `login`, `password`) VALUES (36, 'favardz', 0x646D534D48334C);
INSERT INTO `ocpizza`.`account` (`id`, `login`, `password`) VALUES (37, 'nfransemai10', 0x35756950726F6E4E733063);
INSERT INTO `ocpizza`.`account` (`id`, `login`, `password`) VALUES (38, 'ahazelgrove11', 0x3338735A62627779787471);
INSERT INTO `ocpizza`.`account` (`id`, `login`, `password`) VALUES (39, 'achurchin12', 0x6A52376A6579664739);
INSERT INTO `ocpizza`.`account` (`id`, `login`, `password`) VALUES (40, 'jcowdery13', 0x74786177764463795A);
INSERT INTO `ocpizza`.`account` (`id`, `login`, `password`) VALUES (41, 'kcaddick14', 0x68304F546B67425158);
INSERT INTO `ocpizza`.`account` (`id`, `login`, `password`) VALUES (42, 'sgwillim15', 0x7147784B6E35364D6D704339);
INSERT INTO `ocpizza`.`account` (`id`, `login`, `password`) VALUES (43, 'mkadwallider16', 0x756D5932357054476374);
INSERT INTO `ocpizza`.`account` (`id`, `login`, `password`) VALUES (44, 'grevie17', 0x3455624E6F6D626544);
INSERT INTO `ocpizza`.`account` (`id`, `login`, `password`) VALUES (45, 'larundel18', 0x5A43566E514F6341);
INSERT INTO `ocpizza`.`account` (`id`, `login`, `password`) VALUES (46, 'bschulz19', 0x52506A6C306F6A52305976);
INSERT INTO `ocpizza`.`account` (`id`, `login`, `password`) VALUES (47, 'achelnam1a', 0x4444546964634938317475);
INSERT INTO `ocpizza`.`account` (`id`, `login`, `password`) VALUES (48, 'bbunclark1b', 0x6B6F55733739);
INSERT INTO `ocpizza`.`account` (`id`, `login`, `password`) VALUES (49, 'mdavidovich1c', 0x4D4330704739);
INSERT INTO `ocpizza`.`account` (`id`, `login`, `password`) VALUES (50, 'efiorentino1d', 0x594D554F53376C);
INSERT INTO `ocpizza`.`account` (`id`, `login`, `password`) VALUES (51, 'tgrime1e', 0x7257455864684C53);
INSERT INTO `ocpizza`.`account` (`id`, `login`, `password`) VALUES (52, 'drawcliff1f', 0x646464435276377862);
INSERT INTO `ocpizza`.`account` (`id`, `login`, `password`) VALUES (53, 'bfiggen1g', 0x424F716B786130);
INSERT INTO `ocpizza`.`account` (`id`, `login`, `password`) VALUES (54, 'wsamworth1h', 0x6666486B514C6F);
INSERT INTO `ocpizza`.`account` (`id`, `login`, `password`) VALUES (55, 'areye1i', 0x7A444831713431);
INSERT INTO `ocpizza`.`account` (`id`, `login`, `password`) VALUES (56, 'kwolstencroft1j', 0x38345563654559);
INSERT INTO `ocpizza`.`account` (`id`, `login`, `password`) VALUES (57, 'lshewen1k', 0x7A4935473468495845);
INSERT INTO `ocpizza`.`account` (`id`, `login`, `password`) VALUES (58, 'wsivyer1l', 0x4C46514C6C59);
INSERT INTO `ocpizza`.`account` (`id`, `login`, `password`) VALUES (59, 'fbrumbye1m', 0x4F56786E4E5774504F614D);
INSERT INTO `ocpizza`.`account` (`id`, `login`, `password`) VALUES (60, 'jprior1n', 0x674732546F71667A39455A77);
INSERT INTO `ocpizza`.`account` (`id`, `login`, `password`) VALUES (61, 'jsaintsbury1o', 0x465161563073);
INSERT INTO `ocpizza`.`account` (`id`, `login`, `password`) VALUES (62, 'fquinet1p', 0x646733316E647438);
INSERT INTO `ocpizza`.`account` (`id`, `login`, `password`) VALUES (63, 'mallridge1q', 0x31303044696A314679);
INSERT INTO `ocpizza`.`account` (`id`, `login`, `password`) VALUES (64, 'ostolz1r', 0x4B326A75706D55476579);
INSERT INTO `ocpizza`.`account` (`id`, `login`, `password`) VALUES (65, 'gbleasdale1s', 0x6C757A6F6D346D5953455369);
INSERT INTO `ocpizza`.`account` (`id`, `login`, `password`) VALUES (66, 'flemmers1t', 0x4E444A6852516C6C69);
INSERT INTO `ocpizza`.`account` (`id`, `login`, `password`) VALUES (67, 'stootin1u', 0x41446C4E714C6C566C3678);
INSERT INTO `ocpizza`.`account` (`id`, `login`, `password`) VALUES (68, 'rfasson1v', 0x43526C333671564C5538);
INSERT INTO `ocpizza`.`account` (`id`, `login`, `password`) VALUES (69, 'hargo1w', 0x4F79657A6572576E594352);
INSERT INTO `ocpizza`.`account` (`id`, `login`, `password`) VALUES (70, 'vemmert1x', 0x594A4B78753349504A4F3950);
INSERT INTO `ocpizza`.`account` (`id`, `login`, `password`) VALUES (71, 'spaulley1y', 0x444C7343776763);
INSERT INTO `ocpizza`.`account` (`id`, `login`, `password`) VALUES (72, 'nmoorhead1z', 0x586575464D67354E544A5967);
INSERT INTO `ocpizza`.`account` (`id`, `login`, `password`) VALUES (73, 'amingardo20', 0x49326870583558);
INSERT INTO `ocpizza`.`account` (`id`, `login`, `password`) VALUES (74, 'lbernardos21', 0x514843316B43);
INSERT INTO `ocpizza`.`account` (`id`, `login`, `password`) VALUES (75, 'itraise22', 0x39574541383174);
INSERT INTO `ocpizza`.`account` (`id`, `login`, `password`) VALUES (76, 'hbaxill23', 0x6449784373796B);
INSERT INTO `ocpizza`.`account` (`id`, `login`, `password`) VALUES (77, 'rguerrieri24', 0x55517341454F);
INSERT INTO `ocpizza`.`account` (`id`, `login`, `password`) VALUES (78, 'agofforth25', 0x6E68786C3358);
INSERT INTO `ocpizza`.`account` (`id`, `login`, `password`) VALUES (79, 'adrinan26', 0x6B75696E686943);
INSERT INTO `ocpizza`.`account` (`id`, `login`, `password`) VALUES (80, 'mrickaby27', 0x4A314D4A444B6D7137593664);
INSERT INTO `ocpizza`.`account` (`id`, `login`, `password`) VALUES (81, 'mgornar28', 0x746C58677A386D5478);
INSERT INTO `ocpizza`.`account` (`id`, `login`, `password`) VALUES (82, 'aburgwyn29', 0x5678506C366773626262356E);
INSERT INTO `ocpizza`.`account` (`id`, `login`, `password`) VALUES (83, 'emcanalley2a', 0x59656F7176743377);
INSERT INTO `ocpizza`.`account` (`id`, `login`, `password`) VALUES (84, 'tyellop2b', 0x496D43384759);
INSERT INTO `ocpizza`.`account` (`id`, `login`, `password`) VALUES (85, 'lkillik2c', 0x55526D59304F497A36);
INSERT INTO `ocpizza`.`account` (`id`, `login`, `password`) VALUES (86, 'jfoulsham2d', 0x755843616B6D725857);
INSERT INTO `ocpizza`.`account` (`id`, `login`, `password`) VALUES (87, 'mellcock2e', 0x464B74537447435647);
INSERT INTO `ocpizza`.`account` (`id`, `login`, `password`) VALUES (88, 'atimoney2f', 0x44535A3837574C446661);
INSERT INTO `ocpizza`.`account` (`id`, `login`, `password`) VALUES (89, 'tfritz2g', 0x467274385832);
INSERT INTO `ocpizza`.`account` (`id`, `login`, `password`) VALUES (90, 'aboyland2h', 0x66325951764368);
INSERT INTO `ocpizza`.`account` (`id`, `login`, `password`) VALUES (91, 'searpe2i', 0x6379684D5A4D7573476F33);
INSERT INTO `ocpizza`.`account` (`id`, `login`, `password`) VALUES (92, 'sjurries2j', 0x7678524942316931374F);
INSERT INTO `ocpizza`.`account` (`id`, `login`, `password`) VALUES (93, 'mkift2k', 0x4D5A373259346A63344275);
INSERT INTO `ocpizza`.`account` (`id`, `login`, `password`) VALUES (94, 'dcorneck2l', 0x32506A58567557);
INSERT INTO `ocpizza`.`account` (`id`, `login`, `password`) VALUES (95, 'vimore2m', 0x357864636C76734643534B55);
INSERT INTO `ocpizza`.`account` (`id`, `login`, `password`) VALUES (96, 'celrick2n', 0x424A56416A70536749594F);
INSERT INTO `ocpizza`.`account` (`id`, `login`, `password`) VALUES (97, 'bjankowski2o', 0x514B6948626C74);
INSERT INTO `ocpizza`.`account` (`id`, `login`, `password`) VALUES (98, 'akillick2p', 0x345A5862413530326F316755);
INSERT INTO `ocpizza`.`account` (`id`, `login`, `password`) VALUES (99, 'bwinspur2q', 0x6E6666687078314F37);
INSERT INTO `ocpizza`.`account` (`id`, `login`, `password`) VALUES (100, 'tgeeve2r', 0x34595234313150);
INSERT INTO `ocpizza`.`account` (`id`, `login`, `password`) VALUES (101, 'lcicchitello2s', 0x504E79504A6D776B363149);
INSERT INTO `ocpizza`.`account` (`id`, `login`, `password`) VALUES (102, 'ebraniff2t', 0x7A754951705A4131);
INSERT INTO `ocpizza`.`account` (`id`, `login`, `password`) VALUES (103, 'mmandry2u', 0x767739516333736C31314B);
INSERT INTO `ocpizza`.`account` (`id`, `login`, `password`) VALUES (104, 'syurocjhin2v', 0x485A3232564D3859);
INSERT INTO `ocpizza`.`account` (`id`, `login`, `password`) VALUES (105, 'gschaben2w', 0x7361396D4F334768);
INSERT INTO `ocpizza`.`account` (`id`, `login`, `password`) VALUES (106, 'grossi2x', 0x4C726B54387A4C);
INSERT INTO `ocpizza`.`account` (`id`, `login`, `password`) VALUES (107, 'bisacq2y', 0x3368424A7A59);
INSERT INTO `ocpizza`.`account` (`id`, `login`, `password`) VALUES (108, 'vhaines2z', 0x4239376C624332);
INSERT INTO `ocpizza`.`account` (`id`, `login`, `password`) VALUES (109, 'mlacheze30', 0x746E4F396447647264773772);
INSERT INTO `ocpizza`.`account` (`id`, `login`, `password`) VALUES (110, 'laiskovitch31', 0x684E517A5A44627669616D);
INSERT INTO `ocpizza`.`account` (`id`, `login`, `password`) VALUES (111, 'treame32', 0x655954354D78);
INSERT INTO `ocpizza`.`account` (`id`, `login`, `password`) VALUES (112, 'africke33', 0x48396734585669387039);
INSERT INTO `ocpizza`.`account` (`id`, `login`, `password`) VALUES (113, 'mmandifield34', 0x417A4564614A);
INSERT INTO `ocpizza`.`account` (`id`, `login`, `password`) VALUES (114, 'aheathwood35', 0x7147413449525343);
INSERT INTO `ocpizza`.`account` (`id`, `login`, `password`) VALUES (115, 'zsewards36', 0x547567325856794F32);
INSERT INTO `ocpizza`.`account` (`id`, `login`, `password`) VALUES (116, 'ksprason37', 0x427577347842);
INSERT INTO `ocpizza`.`account` (`id`, `login`, `password`) VALUES (117, 'bhecks38', 0x443470624746776E);
INSERT INTO `ocpizza`.`account` (`id`, `login`, `password`) VALUES (118, 'rarch39', 0x4B725A6335703074503447);
INSERT INTO `ocpizza`.`account` (`id`, `login`, `password`) VALUES (119, 'nbulman3a', 0x6945524666396154666F);
INSERT INTO `ocpizza`.`account` (`id`, `login`, `password`) VALUES (120, 'fklemmt3b', 0x336651686843334666);
INSERT INTO `ocpizza`.`account` (`id`, `login`, `password`) VALUES (121, 'truzicka3c', 0x73356E72694F564658);
INSERT INTO `ocpizza`.`account` (`id`, `login`, `password`) VALUES (122, 'cgun3d', 0x4D77505352516D504C355066);
INSERT INTO `ocpizza`.`account` (`id`, `login`, `password`) VALUES (123, 'gstonestreet3e', 0x734542363637516F);
INSERT INTO `ocpizza`.`account` (`id`, `login`, `password`) VALUES (124, 'mbane3f', 0x756E37424558);
INSERT INTO `ocpizza`.`account` (`id`, `login`, `password`) VALUES (125, 'amckimmey3g', 0x5273795A55616C45);
INSERT INTO `ocpizza`.`account` (`id`, `login`, `password`) VALUES (126, 'kemms3h', 0x766D684B4D72377162454C);
INSERT INTO `ocpizza`.`account` (`id`, `login`, `password`) VALUES (127, 'eliver3i', 0x566E5A4E546C44466D);
INSERT INTO `ocpizza`.`account` (`id`, `login`, `password`) VALUES (128, 'bmabey3j', 0x396464734A5061627033);
INSERT INTO `ocpizza`.`account` (`id`, `login`, `password`) VALUES (129, 'kmcging3k', 0x716E4432554D);
INSERT INTO `ocpizza`.`account` (`id`, `login`, `password`) VALUES (130, 'ndencs3l', 0x686B66343663586558);
INSERT INTO `ocpizza`.`account` (`id`, `login`, `password`) VALUES (131, 'ifencott3m', 0x6A44793855745531584A);
INSERT INTO `ocpizza`.`account` (`id`, `login`, `password`) VALUES (132, 'wmassen3n', 0x65686C773768513869743564);
INSERT INTO `ocpizza`.`account` (`id`, `login`, `password`) VALUES (133, 'lsawer3o', 0x387775435A757557774A);
INSERT INTO `ocpizza`.`account` (`id`, `login`, `password`) VALUES (134, 'hmeineken3p', 0x316D59666C566C455072);
INSERT INTO `ocpizza`.`account` (`id`, `login`, `password`) VALUES (135, 'lamaya3q', 0x3054656B4667695252304A);
INSERT INTO `ocpizza`.`account` (`id`, `login`, `password`) VALUES (136, 'schampionnet3r', 0x567267507361525454466853);
INSERT INTO `ocpizza`.`account` (`id`, `login`, `password`) VALUES (137, 'bchagg3s', 0x6F44694271334A6464633766);
INSERT INTO `ocpizza`.`account` (`id`, `login`, `password`) VALUES (138, 'ttitcomb3t', 0x566256793756634846);
INSERT INTO `ocpizza`.`account` (`id`, `login`, `password`) VALUES (139, 'aspensley3u', 0x4578657934655A47);
INSERT INTO `ocpizza`.`account` (`id`, `login`, `password`) VALUES (140, 'sbridgwood3v', 0x6C44556255576C61);
INSERT INTO `ocpizza`.`account` (`id`, `login`, `password`) VALUES (141, 'ccory3w', 0x7034447A5246377339);
INSERT INTO `ocpizza`.`account` (`id`, `login`, `password`) VALUES (142, 'lwinterscale3x', 0x50484271713469);
INSERT INTO `ocpizza`.`account` (`id`, `login`, `password`) VALUES (143, 'gpopley3y', 0x673143716E464B4D);
INSERT INTO `ocpizza`.`account` (`id`, `login`, `password`) VALUES (144, 'ccrosswaite3z', 0x454636746336744357717969);
INSERT INTO `ocpizza`.`account` (`id`, `login`, `password`) VALUES (145, 'amaseres40', 0x4374346C4F636B);
INSERT INTO `ocpizza`.`account` (`id`, `login`, `password`) VALUES (146, 'glathom41', 0x586565334E306A6B456D745A);
INSERT INTO `ocpizza`.`account` (`id`, `login`, `password`) VALUES (147, 'cstain42', 0x74624A485A5269504F414661);
INSERT INTO `ocpizza`.`account` (`id`, `login`, `password`) VALUES (148, 'ileworthy43', 0x45515257695163386A);
INSERT INTO `ocpizza`.`account` (`id`, `login`, `password`) VALUES (149, 'aomara44', 0x4A31484D55496B785659);
INSERT INTO `ocpizza`.`account` (`id`, `login`, `password`) VALUES (150, 'cattrill45', 0x67744637443771);
INSERT INTO `ocpizza`.`account` (`id`, `login`, `password`) VALUES (151, 'mkintish46', 0x315A645A32574C4F4E3369);
INSERT INTO `ocpizza`.`account` (`id`, `login`, `password`) VALUES (152, 'jdoers47', 0x79516B7554505932786A);
INSERT INTO `ocpizza`.`account` (`id`, `login`, `password`) VALUES (153, 'jwestmore48', 0x31304230666E);
INSERT INTO `ocpizza`.`account` (`id`, `login`, `password`) VALUES (154, 'fdreng49', 0x6F454273424C4B386342);
INSERT INTO `ocpizza`.`account` (`id`, `login`, `password`) VALUES (155, 'schown4a', 0x374637633539457241);
INSERT INTO `ocpizza`.`account` (`id`, `login`, `password`) VALUES (156, 'gnewnham4b', 0x71416A6F44593848);
INSERT INTO `ocpizza`.`account` (`id`, `login`, `password`) VALUES (157, 'fmedd4c', 0x65653273414877);
INSERT INTO `ocpizza`.`account` (`id`, `login`, `password`) VALUES (158, 'asueter4d', 0x7035674453473864);
INSERT INTO `ocpizza`.`account` (`id`, `login`, `password`) VALUES (159, 'afaughnan4e', 0x4A6D5038375A304163);
INSERT INTO `ocpizza`.`account` (`id`, `login`, `password`) VALUES (160, 'ocowderoy4f', 0x694C333461476C);
INSERT INTO `ocpizza`.`account` (`id`, `login`, `password`) VALUES (161, 'ktwitchett4g', 0x664F46746A6F);
INSERT INTO `ocpizza`.`account` (`id`, `login`, `password`) VALUES (162, 'lbeddis4h', 0x46553361354676);
INSERT INTO `ocpizza`.`account` (`id`, `login`, `password`) VALUES (163, 'ghucquart4i', 0x424255556D5571616539);
INSERT INTO `ocpizza`.`account` (`id`, `login`, `password`) VALUES (164, 'rcoultous4j', 0x386C51745259);
INSERT INTO `ocpizza`.`account` (`id`, `login`, `password`) VALUES (165, 'aabelovitz4k', 0x476A4376447853624B644D44);
INSERT INTO `ocpizza`.`account` (`id`, `login`, `password`) VALUES (166, 'dhillatt4l', 0x324B52495070754B59525436);
INSERT INTO `ocpizza`.`account` (`id`, `login`, `password`) VALUES (167, 'cbryett4m', 0x32384F614F516E4646757A34);
INSERT INTO `ocpizza`.`account` (`id`, `login`, `password`) VALUES (168, 'rscargle4n', 0x44685A783050);
INSERT INTO `ocpizza`.`account` (`id`, `login`, `password`) VALUES (169, 'otruluck4o', 0x6B5454584336307532);
INSERT INTO `ocpizza`.`account` (`id`, `login`, `password`) VALUES (170, 'rpearton4p', 0x793232597347554B);
INSERT INTO `ocpizza`.`account` (`id`, `login`, `password`) VALUES (171, 'edonovan4q', 0x705550463363);
INSERT INTO `ocpizza`.`account` (`id`, `login`, `password`) VALUES (172, 'dbartul4r', 0x68394C6F613879687835);
INSERT INTO `ocpizza`.`account` (`id`, `login`, `password`) VALUES (173, 'tiorio4s', 0x5457754A5142434A);
INSERT INTO `ocpizza`.`account` (`id`, `login`, `password`) VALUES (174, 'adaton4t', 0x7367696E4243);
INSERT INTO `ocpizza`.`account` (`id`, `login`, `password`) VALUES (175, 'awarfield4u', 0x6C4C3279764E625850714958);
INSERT INTO `ocpizza`.`account` (`id`, `login`, `password`) VALUES (176, 'gbabcock4v', 0x62616932796864486D4B3867);
INSERT INTO `ocpizza`.`account` (`id`, `login`, `password`) VALUES (177, 'jlovie4w', 0x6F48773866573574);
INSERT INTO `ocpizza`.`account` (`id`, `login`, `password`) VALUES (178, 'sreddlesden4x', 0x6A59315A634A);
INSERT INTO `ocpizza`.`account` (`id`, `login`, `password`) VALUES (179, 'dteanby4y', 0x4756717235796330745472);
INSERT INTO `ocpizza`.`account` (`id`, `login`, `password`) VALUES (180, 'kcuddy4z', 0x6E564A48435A3442);
INSERT INTO `ocpizza`.`account` (`id`, `login`, `password`) VALUES (181, 'nmcgeachey50', 0x514C506D4F3277417445);
INSERT INTO `ocpizza`.`account` (`id`, `login`, `password`) VALUES (182, 'okinson51', 0x6A50687646433353346B);
INSERT INTO `ocpizza`.`account` (`id`, `login`, `password`) VALUES (183, 'rdomesday52', 0x6A5146706D497A535679);
INSERT INTO `ocpizza`.`account` (`id`, `login`, `password`) VALUES (184, 'ccolquete53', 0x4A504B3835694F37626534);
INSERT INTO `ocpizza`.`account` (`id`, `login`, `password`) VALUES (185, 'akuhnert54', 0x7657534C4F67387653625761);
INSERT INTO `ocpizza`.`account` (`id`, `login`, `password`) VALUES (186, 'gmocher55', 0x4E587667426C454E525079);
INSERT INTO `ocpizza`.`account` (`id`, `login`, `password`) VALUES (187, 'cduckhouse56', 0x665157444476574C);
INSERT INTO `ocpizza`.`account` (`id`, `login`, `password`) VALUES (188, 'esigart57', 0x6D7074444E5167);
INSERT INTO `ocpizza`.`account` (`id`, `login`, `password`) VALUES (189, 'kpoacher58', 0x423369484433484D41);
INSERT INTO `ocpizza`.`account` (`id`, `login`, `password`) VALUES (190, 'cpetrie59', 0x3841316F3231);
INSERT INTO `ocpizza`.`account` (`id`, `login`, `password`) VALUES (191, 'fgateman5a', 0x4E4177676A7835686D47);
INSERT INTO `ocpizza`.`account` (`id`, `login`, `password`) VALUES (192, 'cilden5b', 0x6B4A57437175);
INSERT INTO `ocpizza`.`account` (`id`, `login`, `password`) VALUES (193, 'tminichi5c', 0x69426F4F42784D327A);
INSERT INTO `ocpizza`.`account` (`id`, `login`, `password`) VALUES (194, 'rlaughlin5d', 0x494632636A5630435934);
INSERT INTO `ocpizza`.`account` (`id`, `login`, `password`) VALUES (195, 'cklicher5e', 0x61784143304D4B42);
INSERT INTO `ocpizza`.`account` (`id`, `login`, `password`) VALUES (196, 'mloveard5f', 0x77516C753530394D3157);
INSERT INTO `ocpizza`.`account` (`id`, `login`, `password`) VALUES (197, 'hjako5g', 0x535A32754F6A7A4E744434);
INSERT INTO `ocpizza`.`account` (`id`, `login`, `password`) VALUES (198, 'akirkwood5h', 0x695A637133425A59);
INSERT INTO `ocpizza`.`account` (`id`, `login`, `password`) VALUES (199, 'gjewson5i', 0x4847775352537145);
INSERT INTO `ocpizza`.`account` (`id`, `login`, `password`) VALUES (200, 'asaxton5j', 0x5861564943344D36);
INSERT INTO `ocpizza`.`account` (`id`, `login`, `password`) VALUES (201, 'lgratrex5k', 0x35324176453870);
INSERT INTO `ocpizza`.`account` (`id`, `login`, `password`) VALUES (202, 'sbleaden5l', 0x7853456B657A39);
INSERT INTO `ocpizza`.`account` (`id`, `login`, `password`) VALUES (203, 'jhoggan5m', 0x68506F5556575259);
INSERT INTO `ocpizza`.`account` (`id`, `login`, `password`) VALUES (204, 'hbison5n', 0x4E446E516F4A);
INSERT INTO `ocpizza`.`account` (`id`, `login`, `password`) VALUES (205, 'rfilliskirk5o', 0x6A564343674736);
INSERT INTO `ocpizza`.`account` (`id`, `login`, `password`) VALUES (206, 'kbeckerleg5p', 0x7A4E587A695149);
INSERT INTO `ocpizza`.`account` (`id`, `login`, `password`) VALUES (207, 'cdmitriev5q', 0x57346F67797777);
INSERT INTO `ocpizza`.`account` (`id`, `login`, `password`) VALUES (208, 'lwickett5r', 0x6D306E6961744D);
INSERT INTO `ocpizza`.`account` (`id`, `login`, `password`) VALUES (209, 'emancer5s', 0x674C48677432747659);
INSERT INTO `ocpizza`.`account` (`id`, `login`, `password`) VALUES (210, 'dspiaggia5t', 0x4B65655A4356);
INSERT INTO `ocpizza`.`account` (`id`, `login`, `password`) VALUES (211, 'afoss5u', 0x614843636D465754);
INSERT INTO `ocpizza`.`account` (`id`, `login`, `password`) VALUES (212, 'twigelsworth5v', 0x5A766772747364385333);
INSERT INTO `ocpizza`.`account` (`id`, `login`, `password`) VALUES (213, 'pjumel5w', 0x69626E593530516B);
INSERT INTO `ocpizza`.`account` (`id`, `login`, `password`) VALUES (214, 'gshiels5x', 0x504756386230447843);
INSERT INTO `ocpizza`.`account` (`id`, `login`, `password`) VALUES (215, 'hharwick5y', 0x514D4643634E);
INSERT INTO `ocpizza`.`account` (`id`, `login`, `password`) VALUES (216, 'pcrannell5z', 0x46444C48517352);
INSERT INTO `ocpizza`.`account` (`id`, `login`, `password`) VALUES (217, 'thargreave60', 0x6F67494448684641);
INSERT INTO `ocpizza`.`account` (`id`, `login`, `password`) VALUES (218, 'frahlof61', 0x6E5464656B34553141);
INSERT INTO `ocpizza`.`account` (`id`, `login`, `password`) VALUES (219, 'rbeauchamp62', 0x4B4E6E55586E);
INSERT INTO `ocpizza`.`account` (`id`, `login`, `password`) VALUES (220, 'ppayne63', 0x644F4D41544E426C6D);
INSERT INTO `ocpizza`.`account` (`id`, `login`, `password`) VALUES (221, 'lpierri64', 0x35724F77534F577852503943);
INSERT INTO `ocpizza`.`account` (`id`, `login`, `password`) VALUES (222, 'msyversen65', 0x30474B7939456B);
INSERT INTO `ocpizza`.`account` (`id`, `login`, `password`) VALUES (223, 'pcosgry66', 0x766637447A4A6354);
INSERT INTO `ocpizza`.`account` (`id`, `login`, `password`) VALUES (224, 'spacher67', 0x5139626E3477695551);
INSERT INTO `ocpizza`.`account` (`id`, `login`, `password`) VALUES (225, 'hberger68', 0x71566D546550);
INSERT INTO `ocpizza`.`account` (`id`, `login`, `password`) VALUES (226, 'rscala69', 0x6D4C4D4C6D7833534B6B6F);
INSERT INTO `ocpizza`.`account` (`id`, `login`, `password`) VALUES (227, 'dtamsett6a', 0x4946495757576D3133616338);
INSERT INTO `ocpizza`.`account` (`id`, `login`, `password`) VALUES (228, 'rbruinemann6b', 0x7253726A635055507055);
INSERT INTO `ocpizza`.`account` (`id`, `login`, `password`) VALUES (229, 'mowbrick6c', 0x6B3453704D59715478344845);
INSERT INTO `ocpizza`.`account` (`id`, `login`, `password`) VALUES (230, 'ibrassington6d', 0x7A373437647747574338);
INSERT INTO `ocpizza`.`account` (`id`, `login`, `password`) VALUES (231, 'kflew6e', 0x545770506538627157695637);
INSERT INTO `ocpizza`.`account` (`id`, `login`, `password`) VALUES (232, 'brandales6f', 0x646F65743435706670554E);
INSERT INTO `ocpizza`.`account` (`id`, `login`, `password`) VALUES (233, 'bcrayden6g', 0x4A43487558385333);
INSERT INTO `ocpizza`.`account` (`id`, `login`, `password`) VALUES (234, 'mbeckles6h', 0x586643476A72646257416F35);
INSERT INTO `ocpizza`.`account` (`id`, `login`, `password`) VALUES (235, 'fblaske6i', 0x59495470377071543272);
INSERT INTO `ocpizza`.`account` (`id`, `login`, `password`) VALUES (236, 'gnutt6j', 0x4249656179395671);
INSERT INTO `ocpizza`.`account` (`id`, `login`, `password`) VALUES (237, 'wfountian6k', 0x35654575566475364F3055);
INSERT INTO `ocpizza`.`account` (`id`, `login`, `password`) VALUES (238, 'dleaves6l', 0x6A6B783877757446);
INSERT INTO `ocpizza`.`account` (`id`, `login`, `password`) VALUES (239, 'jsutor6m', 0x394450446E3532706D);
INSERT INTO `ocpizza`.`account` (`id`, `login`, `password`) VALUES (240, 'fmcshirie6n', 0x374372345668);
INSERT INTO `ocpizza`.`account` (`id`, `login`, `password`) VALUES (241, 'pmulvany6o', 0x486E71366436736C);
INSERT INTO `ocpizza`.`account` (`id`, `login`, `password`) VALUES (242, 'gbarbey6p', 0x327039796154776446694A51);
INSERT INTO `ocpizza`.`account` (`id`, `login`, `password`) VALUES (243, 'edutch6q', 0x32444C656342);
INSERT INTO `ocpizza`.`account` (`id`, `login`, `password`) VALUES (244, 'priggs6r', 0x664231686F354536);
INSERT INTO `ocpizza`.`account` (`id`, `login`, `password`) VALUES (245, 'gnormand6s', 0x4A6A316764617A5770);
INSERT INTO `ocpizza`.`account` (`id`, `login`, `password`) VALUES (246, 'qrhodef6t', 0x4A4958714F54356B);
INSERT INTO `ocpizza`.`account` (`id`, `login`, `password`) VALUES (247, 'abolduc6u', 0x4E5534694755546E57);
INSERT INTO `ocpizza`.`account` (`id`, `login`, `password`) VALUES (248, 'vheggadon6v', 0x545667544864537552797A36);
INSERT INTO `ocpizza`.`account` (`id`, `login`, `password`) VALUES (249, 'tingrem6w', 0x38786236386F);
INSERT INTO `ocpizza`.`account` (`id`, `login`, `password`) VALUES (250, 'rfritchley6x', 0x62666C504B68763850);
INSERT INTO `ocpizza`.`account` (`id`, `login`, `password`) VALUES (251, 'rsaura6y', 0x4F36785A74315975364B);
INSERT INTO `ocpizza`.`account` (`id`, `login`, `password`) VALUES (252, 'dblasing6z', 0x52323253796F);
INSERT INTO `ocpizza`.`account` (`id`, `login`, `password`) VALUES (253, 'bsperrett70', 0x456A5150313969467A4E);
INSERT INTO `ocpizza`.`account` (`id`, `login`, `password`) VALUES (254, 'medgson71', 0x35454B4767484F6933);
INSERT INTO `ocpizza`.`account` (`id`, `login`, `password`) VALUES (255, 'dbarrie72', 0x3335634F5933455879);
INSERT INTO `ocpizza`.`account` (`id`, `login`, `password`) VALUES (256, 'namphlett73', 0x46735A61464C6474477954);
INSERT INTO `ocpizza`.`account` (`id`, `login`, `password`) VALUES (257, 'kburkman74', 0x7471433873614F57763370);
INSERT INTO `ocpizza`.`account` (`id`, `login`, `password`) VALUES (258, 'rmonro75', 0x4130724B713477563379);
INSERT INTO `ocpizza`.`account` (`id`, `login`, `password`) VALUES (259, 'msteuhlmeyer76', 0x3155477175436861645966);
INSERT INTO `ocpizza`.`account` (`id`, `login`, `password`) VALUES (260, 'aquakley77', 0x554A4442726C);
INSERT INTO `ocpizza`.`account` (`id`, `login`, `password`) VALUES (261, 'tsimkins78', 0x535A4C6B576B);
INSERT INTO `ocpizza`.`account` (`id`, `login`, `password`) VALUES (262, 'hhaig79', 0x484F4E47584D323763);
INSERT INTO `ocpizza`.`account` (`id`, `login`, `password`) VALUES (263, 'eharbage7a', 0x546746766A3537726D7A6852);
INSERT INTO `ocpizza`.`account` (`id`, `login`, `password`) VALUES (264, 'jbickerdicke7b', 0x3331485238734B5136);
INSERT INTO `ocpizza`.`account` (`id`, `login`, `password`) VALUES (265, 'hphoenix7c', 0x6A30557464534B);
INSERT INTO `ocpizza`.`account` (`id`, `login`, `password`) VALUES (266, 'jrampage7d', 0x7443684878634E);
INSERT INTO `ocpizza`.`account` (`id`, `login`, `password`) VALUES (267, 'lkimbrough7e', 0x6671626F6F6A4F6276);
INSERT INTO `ocpizza`.`account` (`id`, `login`, `password`) VALUES (268, 'omacneely7f', 0x656545756F766F70);
INSERT INTO `ocpizza`.`account` (`id`, `login`, `password`) VALUES (269, 'ddawe7g', 0x53376750674B306A);
INSERT INTO `ocpizza`.`account` (`id`, `login`, `password`) VALUES (270, 'mllewellyn7h', 0x5848384A445773543976);
INSERT INTO `ocpizza`.`account` (`id`, `login`, `password`) VALUES (271, 'dwadmore7i', 0x346830677A4F5A4F46);
INSERT INTO `ocpizza`.`account` (`id`, `login`, `password`) VALUES (272, 'sfransman7j', 0x50514E36504475554B786241);
INSERT INTO `ocpizza`.`account` (`id`, `login`, `password`) VALUES (273, 'mcanfer7k', 0x43634B524C56);
INSERT INTO `ocpizza`.`account` (`id`, `login`, `password`) VALUES (274, 'msibyllina7l', 0x424C4E527838584B46);
INSERT INTO `ocpizza`.`account` (`id`, `login`, `password`) VALUES (275, 'kwhiskerd7m', 0x487559393970736F);
INSERT INTO `ocpizza`.`account` (`id`, `login`, `password`) VALUES (276, 'asaintsbury7n', 0x4E516A51584F76);
INSERT INTO `ocpizza`.`account` (`id`, `login`, `password`) VALUES (277, 'bbellinger7o', 0x4D4E574F554E5654);
INSERT INTO `ocpizza`.`account` (`id`, `login`, `password`) VALUES (278, 'jpoulden7p', 0x654665737A4A764433);
INSERT INTO `ocpizza`.`account` (`id`, `login`, `password`) VALUES (279, 'ehaysham7q', 0x32686B657048676E);
INSERT INTO `ocpizza`.`account` (`id`, `login`, `password`) VALUES (280, 'lechallie7r', 0x666650767354);
INSERT INTO `ocpizza`.`account` (`id`, `login`, `password`) VALUES (281, 'ndagg7s', 0x794871714733544D);
INSERT INTO `ocpizza`.`account` (`id`, `login`, `password`) VALUES (282, 'ajune7t', 0x6456736E6968703563);
INSERT INTO `ocpizza`.`account` (`id`, `login`, `password`) VALUES (283, 'jsilvermann7u', 0x48784C656F32);
INSERT INTO `ocpizza`.`account` (`id`, `login`, `password`) VALUES (284, 'jroll7v', 0x6A3754646532645467546D46);
INSERT INTO `ocpizza`.`account` (`id`, `login`, `password`) VALUES (285, 'lshoppee7w', 0x4A464674696B53);
INSERT INTO `ocpizza`.`account` (`id`, `login`, `password`) VALUES (286, 'ocolvie7x', 0x48447635456A79686F);
INSERT INTO `ocpizza`.`account` (`id`, `login`, `password`) VALUES (287, 'kfeathers7y', 0x374A6E6A3259447969);
INSERT INTO `ocpizza`.`account` (`id`, `login`, `password`) VALUES (288, 'tbangs7z', 0x6F5A55516F4269);
INSERT INTO `ocpizza`.`account` (`id`, `login`, `password`) VALUES (289, 'mbowdidge80', 0x7036784670656D58);
INSERT INTO `ocpizza`.`account` (`id`, `login`, `password`) VALUES (290, 'fivory81', 0x7A5556786C49577671546B5A);
INSERT INTO `ocpizza`.`account` (`id`, `login`, `password`) VALUES (291, 'cbissett82', 0x434C36674C587A6B5A);
INSERT INTO `ocpizza`.`account` (`id`, `login`, `password`) VALUES (292, 'lmaccracken83', 0x4F5336784F314F793432);
INSERT INTO `ocpizza`.`account` (`id`, `login`, `password`) VALUES (293, 'rglasard84', 0x49726C6A754D454F);
INSERT INTO `ocpizza`.`account` (`id`, `login`, `password`) VALUES (294, 'jcowpertwait85', 0x33474668614941);
INSERT INTO `ocpizza`.`account` (`id`, `login`, `password`) VALUES (295, 'wdantoni86', 0x49754F6D4B38614C);
INSERT INTO `ocpizza`.`account` (`id`, `login`, `password`) VALUES (296, 'wsasser87', 0x684969377033614E5065);
INSERT INTO `ocpizza`.`account` (`id`, `login`, `password`) VALUES (297, 'kbliss88', 0x656A47344E43);
INSERT INTO `ocpizza`.`account` (`id`, `login`, `password`) VALUES (298, 'utromans89', 0x36784853783251524E5A);
INSERT INTO `ocpizza`.`account` (`id`, `login`, `password`) VALUES (299, 'vfifield8a', 0x76614E6C3450714D4B);
INSERT INTO `ocpizza`.`account` (`id`, `login`, `password`) VALUES (300, 'gstapford8b', 0x3677754D58444E624566);
INSERT INTO `ocpizza`.`account` (`id`, `login`, `password`) VALUES (301, 'fvanyard8c', 0x4D51466A3661724E514732);
INSERT INTO `ocpizza`.`account` (`id`, `login`, `password`) VALUES (302, 'wnolot8d', 0x32356B494748);
INSERT INTO `ocpizza`.`account` (`id`, `login`, `password`) VALUES (303, 'hspearing8e', 0x706335466B3759);
INSERT INTO `ocpizza`.`account` (`id`, `login`, `password`) VALUES (304, 'eallman8f', 0x4F4A677A6A4952304F3269);
INSERT INTO `ocpizza`.`account` (`id`, `login`, `password`) VALUES (305, 'tstave8g', 0x6C475A365279);
INSERT INTO `ocpizza`.`account` (`id`, `login`, `password`) VALUES (306, 'mcicco8h', 0x51383662694B46486B58);
INSERT INTO `ocpizza`.`account` (`id`, `login`, `password`) VALUES (307, 'lremirez8i', 0x6B576A4F783748566B334B);
INSERT INTO `ocpizza`.`account` (`id`, `login`, `password`) VALUES (308, 'cliversidge8j', 0x46344E33625A306136516E6E);
INSERT INTO `ocpizza`.`account` (`id`, `login`, `password`) VALUES (309, 'mmacphee8k', 0x6830514F3632686F5439);
INSERT INTO `ocpizza`.`account` (`id`, `login`, `password`) VALUES (310, 'mgrouvel8l', 0x35455475627771);
INSERT INTO `ocpizza`.`account` (`id`, `login`, `password`) VALUES (311, 'cduddridge8m', 0x7032584C366965);
INSERT INTO `ocpizza`.`account` (`id`, `login`, `password`) VALUES (312, 'caikenhead8n', 0x776276744F3567);
INSERT INTO `ocpizza`.`account` (`id`, `login`, `password`) VALUES (313, 'mdaymond8o', 0x78347A396D66);
INSERT INTO `ocpizza`.`account` (`id`, `login`, `password`) VALUES (314, 'jhackly8p', 0x354E653054716450424146);
INSERT INTO `ocpizza`.`account` (`id`, `login`, `password`) VALUES (315, 'dcridlan8q', 0x6B3653314D737A6C31544A);
INSERT INTO `ocpizza`.`account` (`id`, `login`, `password`) VALUES (316, 'itschierasche8r', 0x686E336344356F);
INSERT INTO `ocpizza`.`account` (`id`, `login`, `password`) VALUES (317, 'ahullett8s', 0x505058687A4272503664);
INSERT INTO `ocpizza`.`account` (`id`, `login`, `password`) VALUES (318, 'rdunnico8t', 0x50563233564744495379);
INSERT INTO `ocpizza`.`account` (`id`, `login`, `password`) VALUES (319, 'hbalding8u', 0x4B32453331413648494C);
INSERT INTO `ocpizza`.`account` (`id`, `login`, `password`) VALUES (320, 'sraoult8v', 0x74734241476D4851);
INSERT INTO `ocpizza`.`account` (`id`, `login`, `password`) VALUES (321, 'hclausenthue8w', 0x7463326D79385A);
INSERT INTO `ocpizza`.`account` (`id`, `login`, `password`) VALUES (322, 'llenihan8x', 0x68444C386163633861613875);
INSERT INTO `ocpizza`.`account` (`id`, `login`, `password`) VALUES (323, 'lpinilla8y', 0x4B556273546D626C6457);
INSERT INTO `ocpizza`.`account` (`id`, `login`, `password`) VALUES (324, 'nwoodgate8z', 0x3638486B4F4F673368);
INSERT INTO `ocpizza`.`account` (`id`, `login`, `password`) VALUES (325, 'dcunniff90', 0x6452594D5455);
INSERT INTO `ocpizza`.`account` (`id`, `login`, `password`) VALUES (326, 'egillbey91', 0x6E726D72484170336438526B);
INSERT INTO `ocpizza`.`account` (`id`, `login`, `password`) VALUES (327, 'truller92', 0x64425550495A714C69615758);
INSERT INTO `ocpizza`.`account` (`id`, `login`, `password`) VALUES (328, 'jpearse93', 0x71714C4647746A);
INSERT INTO `ocpizza`.`account` (`id`, `login`, `password`) VALUES (329, 'csyalvester94', 0x426E6F4E733576773962);
INSERT INTO `ocpizza`.`account` (`id`, `login`, `password`) VALUES (330, 'tcarsey95', 0x353065366C56705974);
INSERT INTO `ocpizza`.`account` (`id`, `login`, `password`) VALUES (331, 'mgarnett96', 0x76516F386E724C6A357273);
INSERT INTO `ocpizza`.`account` (`id`, `login`, `password`) VALUES (332, 'rgravenell97', 0x7173493430775866);
INSERT INTO `ocpizza`.`account` (`id`, `login`, `password`) VALUES (333, 'jhallick98', 0x305674734D79);
INSERT INTO `ocpizza`.`account` (`id`, `login`, `password`) VALUES (334, 'kclurow99', 0x38666E7A4C75625A5A39);
INSERT INTO `ocpizza`.`account` (`id`, `login`, `password`) VALUES (335, 'snegro9a', 0x62616B4F524345356D466C);
INSERT INTO `ocpizza`.`account` (`id`, `login`, `password`) VALUES (336, 'cblake9b', 0x41707349774C7447754B5A30);
INSERT INTO `ocpizza`.`account` (`id`, `login`, `password`) VALUES (337, 'gblitz9c', 0x7A7A635A36426E76475863);
INSERT INTO `ocpizza`.`account` (`id`, `login`, `password`) VALUES (338, 'msaunders9d', 0x6F776C6E4E58);
INSERT INTO `ocpizza`.`account` (`id`, `login`, `password`) VALUES (339, 'ahortop9e', 0x47744D484739657979);
INSERT INTO `ocpizza`.`account` (`id`, `login`, `password`) VALUES (340, 'swoolland9f', 0x7751436F344231453462);
INSERT INTO `ocpizza`.`account` (`id`, `login`, `password`) VALUES (341, 'rcourtese9g', 0x66466C337150714E);
INSERT INTO `ocpizza`.`account` (`id`, `login`, `password`) VALUES (342, 'abandt9h', 0x33527A726348);
INSERT INTO `ocpizza`.`account` (`id`, `login`, `password`) VALUES (343, 'dgrimbleby9i', 0x474B5575554150);
INSERT INTO `ocpizza`.`account` (`id`, `login`, `password`) VALUES (344, 'cdudin9j', 0x6D4635653572497169713448);
INSERT INTO `ocpizza`.`account` (`id`, `login`, `password`) VALUES (345, 'csambath9k', 0x35326A5539376469);
INSERT INTO `ocpizza`.`account` (`id`, `login`, `password`) VALUES (346, 'lcurbishley9l', 0x34444D6F384B6D49776673);
INSERT INTO `ocpizza`.`account` (`id`, `login`, `password`) VALUES (347, 'pmajury9m', 0x6A654F466E62527454);
INSERT INTO `ocpizza`.`account` (`id`, `login`, `password`) VALUES (348, 'dbaddiley9n', 0x69386B747A4A7762);
INSERT INTO `ocpizza`.`account` (`id`, `login`, `password`) VALUES (349, 'ahamments9o', 0x70756D54374E436F4F493872);
INSERT INTO `ocpizza`.`account` (`id`, `login`, `password`) VALUES (350, 'pfraschetti9p', 0x6B344E50744D7750);
INSERT INTO `ocpizza`.`account` (`id`, `login`, `password`) VALUES (351, 'jchurchley9q', 0x566D384E574F307A3342);
INSERT INTO `ocpizza`.`account` (`id`, `login`, `password`) VALUES (352, 'etremblay9r', 0x763239493849334B);
INSERT INTO `ocpizza`.`account` (`id`, `login`, `password`) VALUES (353, 'mtrevan9s', 0x636F3973775A546C6E4F42);
INSERT INTO `ocpizza`.`account` (`id`, `login`, `password`) VALUES (354, 'naskwith9t', 0x746863637038747056);
INSERT INTO `ocpizza`.`account` (`id`, `login`, `password`) VALUES (355, 'mbattson9u', 0x79537272714E72);
INSERT INTO `ocpizza`.`account` (`id`, `login`, `password`) VALUES (356, 'paleevy9v', 0x394F6B6A48726F53);
INSERT INTO `ocpizza`.`account` (`id`, `login`, `password`) VALUES (357, 'ealbisser9w', 0x69506B774F736874);
INSERT INTO `ocpizza`.`account` (`id`, `login`, `password`) VALUES (358, 'nbaybutt9x', 0x56724C766F73);
INSERT INTO `ocpizza`.`account` (`id`, `login`, `password`) VALUES (359, 'ekerin9y', 0x44354433554653);
INSERT INTO `ocpizza`.`account` (`id`, `login`, `password`) VALUES (360, 'rball9z', 0x4E52494D514832);
INSERT INTO `ocpizza`.`account` (`id`, `login`, `password`) VALUES (361, 'wwithersa0', 0x5033587267707175736D764A);
INSERT INTO `ocpizza`.`account` (`id`, `login`, `password`) VALUES (362, 'dlandega1', 0x63446B3775566853);
INSERT INTO `ocpizza`.`account` (`id`, `login`, `password`) VALUES (363, 'jcoatea2', 0x5245785468527A3358);
INSERT INTO `ocpizza`.`account` (`id`, `login`, `password`) VALUES (364, 'hweatherburna3', 0x31795977737A62);
INSERT INTO `ocpizza`.`account` (`id`, `login`, `password`) VALUES (365, 'ilonghorna4', 0x517A6F79376C);
INSERT INTO `ocpizza`.`account` (`id`, `login`, `password`) VALUES (366, 'wchatela5', 0x356A5448587946);
INSERT INTO `ocpizza`.`account` (`id`, `login`, `password`) VALUES (367, 'rgrinsteda6', 0x43485470365A57587032);
INSERT INTO `ocpizza`.`account` (`id`, `login`, `password`) VALUES (368, 'mleggsa7', 0x32764A785539763636);
INSERT INTO `ocpizza`.`account` (`id`, `login`, `password`) VALUES (369, 'aelsaya8', 0x4A346C436767);
INSERT INTO `ocpizza`.`account` (`id`, `login`, `password`) VALUES (370, 'agregolottia9', 0x6C6F31665846726A6566);
INSERT INTO `ocpizza`.`account` (`id`, `login`, `password`) VALUES (371, 'skoschekaa', 0x663749316661437A4334);
INSERT INTO `ocpizza`.`account` (`id`, `login`, `password`) VALUES (372, 'cpidduckab', 0x64517279506C);
INSERT INTO `ocpizza`.`account` (`id`, `login`, `password`) VALUES (373, 'bpaternosterac', 0x4B48776270335850566935);
INSERT INTO `ocpizza`.`account` (`id`, `login`, `password`) VALUES (374, 'ckundertad', 0x4D586C3379436842664A5871);
INSERT INTO `ocpizza`.`account` (`id`, `login`, `password`) VALUES (375, 'zrotlaufae', 0x366A467A777042);
INSERT INTO `ocpizza`.`account` (`id`, `login`, `password`) VALUES (376, 'jgrandissonaf', 0x7064355675567033);
INSERT INTO `ocpizza`.`account` (`id`, `login`, `password`) VALUES (377, 'laxworthyag', 0x3038634F42634672);
INSERT INTO `ocpizza`.`account` (`id`, `login`, `password`) VALUES (378, 'vflayah', 0x754B6737597A39386C4B);
INSERT INTO `ocpizza`.`account` (`id`, `login`, `password`) VALUES (379, 'fclineckai', 0x70455A78444E);
INSERT INTO `ocpizza`.`account` (`id`, `login`, `password`) VALUES (380, 'mkubeckaaj', 0x483350547530316D53);
INSERT INTO `ocpizza`.`account` (`id`, `login`, `password`) VALUES (381, 'kfollitak', 0x794361356572);
INSERT INTO `ocpizza`.`account` (`id`, `login`, `password`) VALUES (382, 'hguttridgeal', 0x353075757745554B);
INSERT INTO `ocpizza`.`account` (`id`, `login`, `password`) VALUES (383, 'gloeberam', 0x7645676B6771);
INSERT INTO `ocpizza`.`account` (`id`, `login`, `password`) VALUES (384, 'bsimonninan', 0x666A4259665658);
INSERT INTO `ocpizza`.`account` (`id`, `login`, `password`) VALUES (385, 'sternottao', 0x4D574A436F7636384762);
INSERT INTO `ocpizza`.`account` (`id`, `login`, `password`) VALUES (386, 'mferraresiap', 0x4E7831314F4F4E);
INSERT INTO `ocpizza`.`account` (`id`, `login`, `password`) VALUES (387, 'mcundeaq', 0x736A695A6458396954764846);
INSERT INTO `ocpizza`.`account` (`id`, `login`, `password`) VALUES (388, 'tolliffar', 0x44634A4C4E546F53);
INSERT INTO `ocpizza`.`account` (`id`, `login`, `password`) VALUES (389, 'gswainas', 0x4C64316778564974304A6F);
INSERT INTO `ocpizza`.`account` (`id`, `login`, `password`) VALUES (390, 'aworsnopat', 0x6534374956797566);
INSERT INTO `ocpizza`.`account` (`id`, `login`, `password`) VALUES (391, 'mwrotchfordau', 0x4E365171554A33776F6646);
INSERT INTO `ocpizza`.`account` (`id`, `login`, `password`) VALUES (392, 'walexanderssonav', 0x586C55387045526D4B756F71);
INSERT INTO `ocpizza`.`account` (`id`, `login`, `password`) VALUES (393, 'cmalyanaw', 0x3274416D5046);
INSERT INTO `ocpizza`.`account` (`id`, `login`, `password`) VALUES (394, 'gyvonax', 0x39616F716A6E6252);
INSERT INTO `ocpizza`.`account` (`id`, `login`, `password`) VALUES (395, 'lingallay', 0x4D6B584B726D3631);
INSERT INTO `ocpizza`.`account` (`id`, `login`, `password`) VALUES (396, 'hgaitoneaz', 0x777A354D337345356F36486F);
INSERT INTO `ocpizza`.`account` (`id`, `login`, `password`) VALUES (397, 'skocheb0', 0x494A6872444A546635);
INSERT INTO `ocpizza`.`account` (`id`, `login`, `password`) VALUES (398, 'swadelingb1', 0x31594C594648);
INSERT INTO `ocpizza`.`account` (`id`, `login`, `password`) VALUES (399, 'adowzellb2', 0x46546B6A4C6D4857);
INSERT INTO `ocpizza`.`account` (`id`, `login`, `password`) VALUES (400, 'mtrenholmb3', 0x6C7A6A655475734D6939);
INSERT INTO `ocpizza`.`account` (`id`, `login`, `password`) VALUES (401, 'mbercherb4', 0x5170647950726444373633);
INSERT INTO `ocpizza`.`account` (`id`, `login`, `password`) VALUES (402, 'rguynemerb5', 0x73624A4346775539614150);
INSERT INTO `ocpizza`.`account` (`id`, `login`, `password`) VALUES (403, 'fonoulaneb6', 0x57626C457573354B4C5363);
INSERT INTO `ocpizza`.`account` (`id`, `login`, `password`) VALUES (404, 'dkingsworthb7', 0x4D543075723339);
INSERT INTO `ocpizza`.`account` (`id`, `login`, `password`) VALUES (405, 'ckenerb8', 0x336B796845524E);
INSERT INTO `ocpizza`.`account` (`id`, `login`, `password`) VALUES (406, 'hguiduccib9', 0x6D6375583246);
INSERT INTO `ocpizza`.`account` (`id`, `login`, `password`) VALUES (407, 'ncaneoba', 0x515866546479775533697A);
INSERT INTO `ocpizza`.`account` (`id`, `login`, `password`) VALUES (408, 'ahoferbb', 0x754C31553574464B);
INSERT INTO `ocpizza`.`account` (`id`, `login`, `password`) VALUES (409, 'poconorbc', 0x3974766B53467158);
INSERT INTO `ocpizza`.`account` (`id`, `login`, `password`) VALUES (410, 'rhenninghambd', 0x5A7679467A6D684F634B7041);
INSERT INTO `ocpizza`.`account` (`id`, `login`, `password`) VALUES (411, 'vgogginsbe', 0x6F456A304735);
INSERT INTO `ocpizza`.`account` (`id`, `login`, `password`) VALUES (412, 'mhallihanbf', 0x376E544D6F7250);
INSERT INTO `ocpizza`.`account` (`id`, `login`, `password`) VALUES (413, 'vahernebg', 0x705A304E4E6E5677);
INSERT INTO `ocpizza`.`account` (`id`, `login`, `password`) VALUES (414, 'hkebellbh', 0x6131676D4774356863);
INSERT INTO `ocpizza`.`account` (`id`, `login`, `password`) VALUES (415, 'jizkovicibi', 0x61524D4837466F3574325732);
INSERT INTO `ocpizza`.`account` (`id`, `login`, `password`) VALUES (416, 'kglasnerbj', 0x6933773041587A495166);
INSERT INTO `ocpizza`.`account` (`id`, `login`, `password`) VALUES (417, 'llamortbk', 0x36376557527678666A);
INSERT INTO `ocpizza`.`account` (`id`, `login`, `password`) VALUES (418, 'rlyffebl', 0x6C36636138394C);
INSERT INTO `ocpizza`.`account` (`id`, `login`, `password`) VALUES (419, 'rsegoebm', 0x326263454837317A48696931);
INSERT INTO `ocpizza`.`account` (`id`, `login`, `password`) VALUES (420, 'mdowderswellbn', 0x4C36344E485A443042496432);
INSERT INTO `ocpizza`.`account` (`id`, `login`, `password`) VALUES (421, 'adoullbo', 0x643854383551314465);
INSERT INTO `ocpizza`.`account` (`id`, `login`, `password`) VALUES (422, 'umessentbp', 0x72636E43424E364539);
INSERT INTO `ocpizza`.`account` (`id`, `login`, `password`) VALUES (423, 'rgilloranbq', 0x66616D7858737938424E);
INSERT INTO `ocpizza`.`account` (`id`, `login`, `password`) VALUES (424, 'gtownrowbr', 0x7572774464724E495470);
INSERT INTO `ocpizza`.`account` (`id`, `login`, `password`) VALUES (425, 'gmaidmentbs', 0x554659694A63616B);
INSERT INTO `ocpizza`.`account` (`id`, `login`, `password`) VALUES (426, 'jcasirolibt', 0x6854726A75497050);
INSERT INTO `ocpizza`.`account` (`id`, `login`, `password`) VALUES (427, 'dtombsbu', 0x644138746E7947);
INSERT INTO `ocpizza`.`account` (`id`, `login`, `password`) VALUES (428, 'ztarplybv', 0x5052336C736F);
INSERT INTO `ocpizza`.`account` (`id`, `login`, `password`) VALUES (429, 'jnelthropbw', 0x4A4833396F65);
INSERT INTO `ocpizza`.`account` (`id`, `login`, `password`) VALUES (430, 'rmacconnellbx', 0x5A71753177763546);
INSERT INTO `ocpizza`.`account` (`id`, `login`, `password`) VALUES (431, 'cmerrellby', 0x73566A4B496C52633263);
INSERT INTO `ocpizza`.`account` (`id`, `login`, `password`) VALUES (432, 'mfrielbz', 0x46564C5251574655366D);
INSERT INTO `ocpizza`.`account` (`id`, `login`, `password`) VALUES (433, 'fhodjettsc0', 0x446139754441437830);
INSERT INTO `ocpizza`.`account` (`id`, `login`, `password`) VALUES (434, 'mwoodvinec1', 0x43325958354B4851);
INSERT INTO `ocpizza`.`account` (`id`, `login`, `password`) VALUES (435, 'dhounsomec2', 0x34756E46413459);
INSERT INTO `ocpizza`.`account` (`id`, `login`, `password`) VALUES (436, 'sparkinsonc3', 0x4A6766305577);
INSERT INTO `ocpizza`.`account` (`id`, `login`, `password`) VALUES (437, 'rmolinec4', 0x56516146517A7948596C31);
INSERT INTO `ocpizza`.`account` (`id`, `login`, `password`) VALUES (438, 'rchampionc5', 0x48513444386A);
INSERT INTO `ocpizza`.`account` (`id`, `login`, `password`) VALUES (439, 'ecrookstonc6', 0x67547551386659);
INSERT INTO `ocpizza`.`account` (`id`, `login`, `password`) VALUES (440, 'anannettic7', 0x314C35796F6D4D);
INSERT INTO `ocpizza`.`account` (`id`, `login`, `password`) VALUES (441, 'pelfec8', 0x367473544F3477685934);
INSERT INTO `ocpizza`.`account` (`id`, `login`, `password`) VALUES (442, 'afeaveerc9', 0x476872364E696243);
INSERT INTO `ocpizza`.`account` (`id`, `login`, `password`) VALUES (443, 'zklempkeca', 0x6630317A77656D5171);
INSERT INTO `ocpizza`.`account` (`id`, `login`, `password`) VALUES (444, 'tarnoldicb', 0x3867434D51696E5362365343);
INSERT INTO `ocpizza`.`account` (`id`, `login`, `password`) VALUES (445, 'ainsworthcc', 0x6E3450704A79754B);
INSERT INTO `ocpizza`.`account` (`id`, `login`, `password`) VALUES (446, 'mculpincd', 0x4B734342495374416B6F48);
INSERT INTO `ocpizza`.`account` (`id`, `login`, `password`) VALUES (447, 'hgutmance', 0x5376727A4E346B79);
INSERT INTO `ocpizza`.`account` (`id`, `login`, `password`) VALUES (448, 'cnorkuttcf', 0x616964543858);
INSERT INTO `ocpizza`.`account` (`id`, `login`, `password`) VALUES (449, 'whaircg', 0x486F56446F444C566B61);
INSERT INTO `ocpizza`.`account` (`id`, `login`, `password`) VALUES (450, 'rnewgroshch', 0x536B756272346B344F5565);
INSERT INTO `ocpizza`.`account` (`id`, `login`, `password`) VALUES (451, 'ybaldingci', 0x735655365236776530);
INSERT INTO `ocpizza`.`account` (`id`, `login`, `password`) VALUES (452, 'bblakslandcj', 0x766B4558513934724F50);
INSERT INTO `ocpizza`.`account` (`id`, `login`, `password`) VALUES (453, 'gwarrellck', 0x4E4234765241654269424A);
INSERT INTO `ocpizza`.`account` (`id`, `login`, `password`) VALUES (454, 'rhardancl', 0x627638717A4E);
INSERT INTO `ocpizza`.`account` (`id`, `login`, `password`) VALUES (455, 'jleyninyecm', 0x55354B6C79616F4F55);
INSERT INTO `ocpizza`.`account` (`id`, `login`, `password`) VALUES (456, 'dcohalancn', 0x6F50754355694C);
INSERT INTO `ocpizza`.`account` (`id`, `login`, `password`) VALUES (457, 'ahimsworthco', 0x4C74777644574774506169);
INSERT INTO `ocpizza`.`account` (`id`, `login`, `password`) VALUES (458, 'gveldstracp', 0x3357656F71613663);
INSERT INTO `ocpizza`.`account` (`id`, `login`, `password`) VALUES (459, 'aannoncq', 0x763950356334363943513051);
INSERT INTO `ocpizza`.`account` (`id`, `login`, `password`) VALUES (460, 'mgeorgiadescr', 0x374361666F655777);
INSERT INTO `ocpizza`.`account` (`id`, `login`, `password`) VALUES (461, 'lbiercs', 0x46315A3168656C4D6F74664A);
INSERT INTO `ocpizza`.`account` (`id`, `login`, `password`) VALUES (462, 'rpaulilloct', 0x6875486D52655968417A5258);
INSERT INTO `ocpizza`.`account` (`id`, `login`, `password`) VALUES (463, 'jmaxworthycu', 0x52794150536D4330696A53);
INSERT INTO `ocpizza`.`account` (`id`, `login`, `password`) VALUES (464, 'sclaissecv', 0x71544D3776346B);
INSERT INTO `ocpizza`.`account` (`id`, `login`, `password`) VALUES (465, 'vragbornecw', 0x3353555259383135);
INSERT INTO `ocpizza`.`account` (`id`, `login`, `password`) VALUES (466, 'evanderbeekcx', 0x636F586C706B767A737A3356);
INSERT INTO `ocpizza`.`account` (`id`, `login`, `password`) VALUES (467, 'ideclerccy', 0x336341374B396F51);
INSERT INTO `ocpizza`.`account` (`id`, `login`, `password`) VALUES (468, 'gcousanscz', 0x5A6B59486253);
INSERT INTO `ocpizza`.`account` (`id`, `login`, `password`) VALUES (469, 'caddessd0', 0x6E74786A345065734A34);
INSERT INTO `ocpizza`.`account` (`id`, `login`, `password`) VALUES (470, 'gbrendishd1', 0x4E5A48597175);
INSERT INTO `ocpizza`.`account` (`id`, `login`, `password`) VALUES (471, 'tcookesd2', 0x7843444C766D6A7A4175);
INSERT INTO `ocpizza`.`account` (`id`, `login`, `password`) VALUES (472, 'sstangod3', 0x576B6D31756A774E796A);
INSERT INTO `ocpizza`.`account` (`id`, `login`, `password`) VALUES (473, 'jmanserd4', 0x494150384D436D73386A);
INSERT INTO `ocpizza`.`account` (`id`, `login`, `password`) VALUES (474, 'kdriversd5', 0x42527967394C494C4A);
INSERT INTO `ocpizza`.`account` (`id`, `login`, `password`) VALUES (475, 'jyuilled6', 0x766873554B644956506A6F);
INSERT INTO `ocpizza`.`account` (`id`, `login`, `password`) VALUES (476, 'lcalbaithed7', 0x4E3942557338364C4454);
INSERT INTO `ocpizza`.`account` (`id`, `login`, `password`) VALUES (477, 'wdonwelld8', 0x505347423972);
INSERT INTO `ocpizza`.`account` (`id`, `login`, `password`) VALUES (478, 'vedwinsd9', 0x5454797A5458394F);
INSERT INTO `ocpizza`.`account` (`id`, `login`, `password`) VALUES (479, 'uolesenda', 0x59646E37515771544C74);
INSERT INTO `ocpizza`.`account` (`id`, `login`, `password`) VALUES (480, 'ahenrionotdb', 0x5269474A4730446D6D6F4B);
INSERT INTO `ocpizza`.`account` (`id`, `login`, `password`) VALUES (481, 'jbeamentdc', 0x6D7350477678);
INSERT INTO `ocpizza`.`account` (`id`, `login`, `password`) VALUES (482, 'cdurramdd', 0x7866346F34654E);
INSERT INTO `ocpizza`.`account` (`id`, `login`, `password`) VALUES (483, 'tflexmande', 0x355A5153334D3346727A);
INSERT INTO `ocpizza`.`account` (`id`, `login`, `password`) VALUES (484, 'nmalterdf', 0x534E743070586945);
INSERT INTO `ocpizza`.`account` (`id`, `login`, `password`) VALUES (485, 'mjeavondg', 0x6165644531664E6D4E58);
INSERT INTO `ocpizza`.`account` (`id`, `login`, `password`) VALUES (486, 'akillingbackdh', 0x783768725A595A32776C);
INSERT INTO `ocpizza`.`account` (`id`, `login`, `password`) VALUES (487, 'csoandi', 0x3471634346534236473733);
INSERT INTO `ocpizza`.`account` (`id`, `login`, `password`) VALUES (488, 'ndevonportdj', 0x6C5932315A7A76794163);
INSERT INTO `ocpizza`.`account` (`id`, `login`, `password`) VALUES (489, 'adadddk', 0x524D684F3549);
INSERT INTO `ocpizza`.`account` (`id`, `login`, `password`) VALUES (490, 'pquickendendl', 0x356D49336B7957377A);
INSERT INTO `ocpizza`.`account` (`id`, `login`, `password`) VALUES (491, 'mmacdaiddm', 0x694E427A537A4377);
INSERT INTO `ocpizza`.`account` (`id`, `login`, `password`) VALUES (492, 'bgangedn', 0x747736556F58344657);
INSERT INTO `ocpizza`.`account` (`id`, `login`, `password`) VALUES (493, 'cvandrilldo', 0x773569384C7666733331);
INSERT INTO `ocpizza`.`account` (`id`, `login`, `password`) VALUES (494, 'gdungeedp', 0x6539325473576D71);
INSERT INTO `ocpizza`.`account` (`id`, `login`, `password`) VALUES (495, 'scopleydq', 0x444E654B444463365251);
INSERT INTO `ocpizza`.`account` (`id`, `login`, `password`) VALUES (496, 'lgavedr', 0x335A4F5543454E5249);
INSERT INTO `ocpizza`.`account` (`id`, `login`, `password`) VALUES (497, 'bhoundsonds', 0x6A52506F5674754A);
INSERT INTO `ocpizza`.`account` (`id`, `login`, `password`) VALUES (498, 'bburdfielddt', 0x674F68476C4952663870);
INSERT INTO `ocpizza`.`account` (`id`, `login`, `password`) VALUES (499, 'tpreddydu', 0x436E64325747363876);
INSERT INTO `ocpizza`.`account` (`id`, `login`, `password`) VALUES (500, 'ckinnarddv', 0x426545396E756C754D526346);
INSERT INTO `ocpizza`.`account` (`id`, `login`, `password`) VALUES (501, 'wgoligherdw', 0x54385676613831566738);
INSERT INTO `ocpizza`.`account` (`id`, `login`, `password`) VALUES (502, 'cdownedx', 0x6D644B62347076584C71);
INSERT INTO `ocpizza`.`account` (`id`, `login`, `password`) VALUES (503, 'msnoddendy', 0x747972357056355475376C33);
INSERT INTO `ocpizza`.`account` (`id`, `login`, `password`) VALUES (504, 'nhenriedz', 0x426B737A4F597638);
INSERT INTO `ocpizza`.`account` (`id`, `login`, `password`) VALUES (505, 'zprobarte0', 0x4B47596A634C583442623054);
INSERT INTO `ocpizza`.`account` (`id`, `login`, `password`) VALUES (506, 'kjuliffe1', 0x4F4A6631696D6C49675A);
INSERT INTO `ocpizza`.`account` (`id`, `login`, `password`) VALUES (507, 'dschrodere2', 0x384F6A6571677975776D);
INSERT INTO `ocpizza`.`account` (`id`, `login`, `password`) VALUES (508, 'rmarchingtone3', 0x4F55316666556E6C4948);
INSERT INTO `ocpizza`.`account` (`id`, `login`, `password`) VALUES (509, 'jkoubue4', 0x794B654F6D5556494A38);
INSERT INTO `ocpizza`.`account` (`id`, `login`, `password`) VALUES (510, 'dblagdene5', 0x614C4A42506573);
INSERT INTO `ocpizza`.`account` (`id`, `login`, `password`) VALUES (511, 'mmadigane6', 0x4531706D5A51);
INSERT INTO `ocpizza`.`account` (`id`, `login`, `password`) VALUES (512, 'gluarde7', 0x506E79355163796B);
INSERT INTO `ocpizza`.`account` (`id`, `login`, `password`) VALUES (513, 'qeaddye8', 0x6E67484D356B);
INSERT INTO `ocpizza`.`account` (`id`, `login`, `password`) VALUES (514, 'ebaldoccie9', 0x646939584A5A66526C6472);
INSERT INTO `ocpizza`.`account` (`id`, `login`, `password`) VALUES (515, 'igappea', 0x70485465663343);
INSERT INTO `ocpizza`.`account` (`id`, `login`, `password`) VALUES (516, 'elauritzeneb', 0x434D5178425942);
INSERT INTO `ocpizza`.`account` (`id`, `login`, `password`) VALUES (517, 'hmunslowec', 0x53346D3965754A);
INSERT INTO `ocpizza`.`account` (`id`, `login`, `password`) VALUES (518, 'klobbed', 0x71516B683546);
INSERT INTO `ocpizza`.`account` (`id`, `login`, `password`) VALUES (519, 'tlindee', 0x786642544C314F706D41);
INSERT INTO `ocpizza`.`account` (`id`, `login`, `password`) VALUES (520, 'rbrambleef', 0x58415A53346135734A7A52);
INSERT INTO `ocpizza`.`account` (`id`, `login`, `password`) VALUES (521, 'bbamptoneg', 0x3348437A494A6A395646);
INSERT INTO `ocpizza`.`account` (`id`, `login`, `password`) VALUES (522, 'ccunradieh', 0x4B625242637465);
INSERT INTO `ocpizza`.`account` (`id`, `login`, `password`) VALUES (523, 'djuschkaei', 0x52504D4D624433);
INSERT INTO `ocpizza`.`account` (`id`, `login`, `password`) VALUES (524, 'cmarkwelleyej', 0x46696253577A685056);
INSERT INTO `ocpizza`.`account` (`id`, `login`, `password`) VALUES (525, 'vlamieek', 0x695172354A3344);
INSERT INTO `ocpizza`.`account` (`id`, `login`, `password`) VALUES (526, 'bgaviniel', 0x744B776A506C615A63);
INSERT INTO `ocpizza`.`account` (`id`, `login`, `password`) VALUES (527, 'abrineem', 0x6D7965753269796D4F6C);
INSERT INTO `ocpizza`.`account` (`id`, `login`, `password`) VALUES (528, 'kbickleen', 0x334C37726E46754F6579784D);
INSERT INTO `ocpizza`.`account` (`id`, `login`, `password`) VALUES (529, 'pdrowsfieldeo', 0x4A4B6872737A5751);
INSERT INTO `ocpizza`.`account` (`id`, `login`, `password`) VALUES (530, 'ateresiep', 0x473655546C6377746E);
INSERT INTO `ocpizza`.`account` (`id`, `login`, `password`) VALUES (531, 'rzamboninieq', 0x454334376B78);
INSERT INTO `ocpizza`.`account` (`id`, `login`, `password`) VALUES (532, 'eschadeer', 0x7772545A3273);
INSERT INTO `ocpizza`.`account` (`id`, `login`, `password`) VALUES (533, 'asueteres', 0x383571306275415A514D7363);
INSERT INTO `ocpizza`.`account` (`id`, `login`, `password`) VALUES (534, 'afalkuset', 0x5362576574756B34);
INSERT INTO `ocpizza`.`account` (`id`, `login`, `password`) VALUES (535, 'aoehmeu', 0x756747306B5947);
INSERT INTO `ocpizza`.`account` (`id`, `login`, `password`) VALUES (536, 'mbodemeaidev', 0x5734746A594474);
INSERT INTO `ocpizza`.`account` (`id`, `login`, `password`) VALUES (537, 'lweinew', 0x30516D6665714147);
INSERT INTO `ocpizza`.`account` (`id`, `login`, `password`) VALUES (538, 'tglencrosex', 0x4C493634397A4A6E654A6D67);
INSERT INTO `ocpizza`.`account` (`id`, `login`, `password`) VALUES (539, 'trattenburyey', 0x665A6F716879497473);
INSERT INTO `ocpizza`.`account` (`id`, `login`, `password`) VALUES (540, 'lskellonez', 0x5572385A6A667A6657794D4E);
INSERT INTO `ocpizza`.`account` (`id`, `login`, `password`) VALUES (541, 'cedief0', 0x447143447668);
INSERT INTO `ocpizza`.`account` (`id`, `login`, `password`) VALUES (542, 'gchelleyf1', 0x69476F4259446839727255);
INSERT INTO `ocpizza`.`account` (`id`, `login`, `password`) VALUES (543, 'srevettf2', 0x41516954427A77);
INSERT INTO `ocpizza`.`account` (`id`, `login`, `password`) VALUES (544, 'mceschif3', 0x70786B52696B5970);
INSERT INTO `ocpizza`.`account` (`id`, `login`, `password`) VALUES (545, 'nmodenf4', 0x53724A4A7241);
INSERT INTO `ocpizza`.`account` (`id`, `login`, `password`) VALUES (546, 'hwhitnellf5', 0x3136775A4B41776B38);
INSERT INTO `ocpizza`.`account` (`id`, `login`, `password`) VALUES (547, 'scocozzaf6', 0x546534584A746E59356B326B);
INSERT INTO `ocpizza`.`account` (`id`, `login`, `password`) VALUES (548, 'wworlandf7', 0x7542776F4B367636);
INSERT INTO `ocpizza`.`account` (`id`, `login`, `password`) VALUES (549, 'jsartonf8', 0x66386F5A725158554A747149);
INSERT INTO `ocpizza`.`account` (`id`, `login`, `password`) VALUES (550, 'kwaplintonf9', 0x6361584941553567446867);
INSERT INTO `ocpizza`.`account` (`id`, `login`, `password`) VALUES (551, 'fbrumptonfa', 0x7062385841356E55);
INSERT INTO `ocpizza`.`account` (`id`, `login`, `password`) VALUES (552, 'ckornilyevfb', 0x6433574E49737538);
INSERT INTO `ocpizza`.`account` (`id`, `login`, `password`) VALUES (553, 'ealeksashinfc', 0x454D3238584F5058);
INSERT INTO `ocpizza`.`account` (`id`, `login`, `password`) VALUES (554, 'jchazottefd', 0x5A485235786D);
INSERT INTO `ocpizza`.`account` (`id`, `login`, `password`) VALUES (555, 'bclarafe', 0x3564504F786B49454A363563);
INSERT INTO `ocpizza`.`account` (`id`, `login`, `password`) VALUES (556, 'rbainsff', 0x57393066734F32576164625A);
INSERT INTO `ocpizza`.`account` (`id`, `login`, `password`) VALUES (557, 'cdallasfg', 0x7731454B5472705079);
INSERT INTO `ocpizza`.`account` (`id`, `login`, `password`) VALUES (558, 'abirkettfh', 0x6C654F50725232346845);
INSERT INTO `ocpizza`.`account` (`id`, `login`, `password`) VALUES (559, 'grobertotfi', 0x346C74424E6D45624941);
INSERT INTO `ocpizza`.`account` (`id`, `login`, `password`) VALUES (560, 'kbayldonfj', 0x4D3265714F4A5958364C);
INSERT INTO `ocpizza`.`account` (`id`, `login`, `password`) VALUES (561, 'bbusswellfk', 0x797A676E5468696349563255);
INSERT INTO `ocpizza`.`account` (`id`, `login`, `password`) VALUES (562, 'pizkovicifl', 0x514537456243);
INSERT INTO `ocpizza`.`account` (`id`, `login`, `password`) VALUES (563, 'gfrankowskifm', 0x56627737364C);
INSERT INTO `ocpizza`.`account` (`id`, `login`, `password`) VALUES (564, 'thousonfn', 0x684D3735745178337A63354D);
INSERT INTO `ocpizza`.`account` (`id`, `login`, `password`) VALUES (565, 'wmoresidefo', 0x76523864775441);
INSERT INTO `ocpizza`.`account` (`id`, `login`, `password`) VALUES (566, 'ejoplinfp', 0x4E594C53354338757055);
INSERT INTO `ocpizza`.`account` (`id`, `login`, `password`) VALUES (567, 'bboustredfq', 0x786F67524B4B344250616A32);
INSERT INTO `ocpizza`.`account` (`id`, `login`, `password`) VALUES (568, 'lmustonfr', 0x624737444553544C624D4D41);
INSERT INTO `ocpizza`.`account` (`id`, `login`, `password`) VALUES (569, 'jalfonsettofs', 0x44314D57364348);
INSERT INTO `ocpizza`.`account` (`id`, `login`, `password`) VALUES (570, 'lbaniardft', 0x75624B5252567031);
INSERT INTO `ocpizza`.`account` (`id`, `login`, `password`) VALUES (571, 'wansterfu', 0x4C46784563613338);
INSERT INTO `ocpizza`.`account` (`id`, `login`, `password`) VALUES (572, 'rhullyfv', 0x72454A6E344C355154);
INSERT INTO `ocpizza`.`account` (`id`, `login`, `password`) VALUES (573, 'adoyfw', 0x4C5857714B53);
INSERT INTO `ocpizza`.`account` (`id`, `login`, `password`) VALUES (574, 'vajeanfx', 0x41747A596147696E56);
INSERT INTO `ocpizza`.`account` (`id`, `login`, `password`) VALUES (575, 'rvodenfy', 0x314933466C6546);
INSERT INTO `ocpizza`.`account` (`id`, `login`, `password`) VALUES (576, 'llademannfz', 0x58534E64536839);
INSERT INTO `ocpizza`.`account` (`id`, `login`, `password`) VALUES (577, 'kemburyg0', 0x54513444464F713748424E35);
INSERT INTO `ocpizza`.`account` (`id`, `login`, `password`) VALUES (578, 'lnotog1', 0x39745670625A);
INSERT INTO `ocpizza`.`account` (`id`, `login`, `password`) VALUES (579, 'stoplingg2', 0x6246676B63485246);
INSERT INTO `ocpizza`.`account` (`id`, `login`, `password`) VALUES (580, 'lavramovicg3', 0x69763176375736366831);
INSERT INTO `ocpizza`.`account` (`id`, `login`, `password`) VALUES (581, 'mpawsong4', 0x66785875624A4145304E7133);
INSERT INTO `ocpizza`.`account` (`id`, `login`, `password`) VALUES (582, 'rfallensg5', 0x654432755A4D);
INSERT INTO `ocpizza`.`account` (`id`, `login`, `password`) VALUES (583, 'ngoddeng6', 0x4F4F495031566D784D4D6158);
INSERT INTO `ocpizza`.`account` (`id`, `login`, `password`) VALUES (584, 'lfranckg7', 0x4A706877634B);
INSERT INTO `ocpizza`.`account` (`id`, `login`, `password`) VALUES (585, 'bgilpillang8', 0x55797564744B);
INSERT INTO `ocpizza`.`account` (`id`, `login`, `password`) VALUES (586, 'kmatijasevicg9', 0x7A6858354D36564642);
INSERT INTO `ocpizza`.`account` (`id`, `login`, `password`) VALUES (587, 'fvarfolomeevga', 0x67466933375533654A515557);
INSERT INTO `ocpizza`.`account` (`id`, `login`, `password`) VALUES (588, 'hdinckegb', 0x794A556F616B466F55466E71);
INSERT INTO `ocpizza`.`account` (`id`, `login`, `password`) VALUES (589, 'pscophamgc', 0x6161736C56786C43);
INSERT INTO `ocpizza`.`account` (`id`, `login`, `password`) VALUES (590, 'lmichingd', 0x42615767544F3037);
INSERT INTO `ocpizza`.`account` (`id`, `login`, `password`) VALUES (591, 'sfaderge', 0x455A4969517A30326774);
INSERT INTO `ocpizza`.`account` (`id`, `login`, `password`) VALUES (592, 'rwarretgf', 0x717A69716A38383130587053);
INSERT INTO `ocpizza`.`account` (`id`, `login`, `password`) VALUES (593, 'kmatsellgg', 0x353475486B386971);
INSERT INTO `ocpizza`.`account` (`id`, `login`, `password`) VALUES (594, 'pneylongh', 0x684A4C50727130);
INSERT INTO `ocpizza`.`account` (`id`, `login`, `password`) VALUES (595, 'esouthangi', 0x59344E61675152713953);
INSERT INTO `ocpizza`.`account` (`id`, `login`, `password`) VALUES (596, 'klaffangj', 0x5567776879575A55417374);
INSERT INTO `ocpizza`.`account` (`id`, `login`, `password`) VALUES (597, 'mclaveringgk', 0x475465657A44626B4F586B4C);
INSERT INTO `ocpizza`.`account` (`id`, `login`, `password`) VALUES (598, 'apudnergl', 0x396D7658543172626134);
INSERT INTO `ocpizza`.`account` (`id`, `login`, `password`) VALUES (599, 'bjakogm', 0x684D4D42586B41496265336F);
INSERT INTO `ocpizza`.`account` (`id`, `login`, `password`) VALUES (600, 'cshaylorgn', 0x6C46523175366A457876);
INSERT INTO `ocpizza`.`account` (`id`, `login`, `password`) VALUES (601, 'ceastburygo', 0x77393037556A6B33634F);
INSERT INTO `ocpizza`.`account` (`id`, `login`, `password`) VALUES (602, 'vponcetgp', 0x37446A4F4E594435695042);
INSERT INTO `ocpizza`.`account` (`id`, `login`, `password`) VALUES (603, 'gbradegq', 0x727375616A69433577446E34);
INSERT INTO `ocpizza`.`account` (`id`, `login`, `password`) VALUES (604, 'rgallegosgr', 0x4B5972565130525A);
INSERT INTO `ocpizza`.`account` (`id`, `login`, `password`) VALUES (605, 'peubankgs', 0x644436324267544C41746D);
INSERT INTO `ocpizza`.`account` (`id`, `login`, `password`) VALUES (606, 'dgoldneygt', 0x455057756C714C);
INSERT INTO `ocpizza`.`account` (`id`, `login`, `password`) VALUES (607, 'anerhenygu', 0x5847447241613577686755);
INSERT INTO `ocpizza`.`account` (`id`, `login`, `password`) VALUES (608, 'rmurrishgv', 0x54307A6F36334A43);
INSERT INTO `ocpizza`.`account` (`id`, `login`, `password`) VALUES (609, 'jliddicoatgw', 0x427A5951744F4F463733);
INSERT INTO `ocpizza`.`account` (`id`, `login`, `password`) VALUES (610, 'pbattabeegx', 0x757938575362);
INSERT INTO `ocpizza`.`account` (`id`, `login`, `password`) VALUES (611, 'mdyetgy', 0x4E494B534535676134);
INSERT INTO `ocpizza`.`account` (`id`, `login`, `password`) VALUES (612, 'lvossinggz', 0x33506A55454E6574726538);
INSERT INTO `ocpizza`.`account` (`id`, `login`, `password`) VALUES (613, 'slapwoodh0', 0x38696E30696C53643368);
INSERT INTO `ocpizza`.`account` (`id`, `login`, `password`) VALUES (614, 'lmacgorleyh1', 0x737151513469736B357A7443);
INSERT INTO `ocpizza`.`account` (`id`, `login`, `password`) VALUES (615, 'rstallwoodh2', 0x63736E30366B466444);
INSERT INTO `ocpizza`.`account` (`id`, `login`, `password`) VALUES (616, 'bfonteh3', 0x6C5A5844614A436865377677);
INSERT INTO `ocpizza`.`account` (`id`, `login`, `password`) VALUES (617, 'savissh4', 0x3670517550326B6B65634439);
INSERT INTO `ocpizza`.`account` (`id`, `login`, `password`) VALUES (618, 'lsimmonetth5', 0x58647571454438344C);
INSERT INTO `ocpizza`.`account` (`id`, `login`, `password`) VALUES (619, 'tliebmannh6', 0x39706C535A68543253);
INSERT INTO `ocpizza`.`account` (`id`, `login`, `password`) VALUES (620, 'fsiebarth7', 0x696E5231614D);
INSERT INTO `ocpizza`.`account` (`id`, `login`, `password`) VALUES (621, 'gpendellh8', 0x637448765436724D56663977);
INSERT INTO `ocpizza`.`account` (`id`, `login`, `password`) VALUES (622, 'hfowlstonh9', 0x5A7472775145);
INSERT INTO `ocpizza`.`account` (`id`, `login`, `password`) VALUES (623, 'ppetegreeha', 0x564E4A4D505648);
INSERT INTO `ocpizza`.`account` (`id`, `login`, `password`) VALUES (624, 'rgleavehb', 0x766F646E345736);
INSERT INTO `ocpizza`.`account` (`id`, `login`, `password`) VALUES (625, 'bgabbatthc', 0x7035664874486E);
INSERT INTO `ocpizza`.`account` (`id`, `login`, `password`) VALUES (626, 'jeltunhd', 0x334D4E66786C613237365435);
INSERT INTO `ocpizza`.`account` (`id`, `login`, `password`) VALUES (627, 'apoynzerhe', 0x317171597067783876);
INSERT INTO `ocpizza`.`account` (`id`, `login`, `password`) VALUES (628, 'ncumminehf', 0x7A6B504C7A52363068564155);
INSERT INTO `ocpizza`.`account` (`id`, `login`, `password`) VALUES (629, 'lsparkehg', 0x4255484E4637);
INSERT INTO `ocpizza`.`account` (`id`, `login`, `password`) VALUES (630, 'aronchihh', 0x4C354447577652665073);
INSERT INTO `ocpizza`.`account` (`id`, `login`, `password`) VALUES (631, 'oterbruggenhi', 0x4E6A4665424C45313767);
INSERT INTO `ocpizza`.`account` (`id`, `login`, `password`) VALUES (632, 'rpiotrowskihj', 0x3351306474696B55353369);
INSERT INTO `ocpizza`.`account` (`id`, `login`, `password`) VALUES (633, 'napplefordhk', 0x6F72617969326361395266);
INSERT INTO `ocpizza`.`account` (`id`, `login`, `password`) VALUES (634, 'fkempstonehl', 0x466F51703058);
INSERT INTO `ocpizza`.`account` (`id`, `login`, `password`) VALUES (635, 'epeerlesshm', 0x4765744E324A6D795431);
INSERT INTO `ocpizza`.`account` (`id`, `login`, `password`) VALUES (636, 'ebooelnhn', 0x3444514934686D58);
INSERT INTO `ocpizza`.`account` (`id`, `login`, `password`) VALUES (637, 'btwistho', 0x6F6B506349523031437659);
INSERT INTO `ocpizza`.`account` (`id`, `login`, `password`) VALUES (638, 'dfreynehp', 0x616B65366F34);
INSERT INTO `ocpizza`.`account` (`id`, `login`, `password`) VALUES (639, 'tchalicehq', 0x536D44484A4C);
INSERT INTO `ocpizza`.`account` (`id`, `login`, `password`) VALUES (640, 'esancrofthr', 0x6F726F69663334);
INSERT INTO `ocpizza`.`account` (`id`, `login`, `password`) VALUES (641, 'rdickeyhs', 0x6B6858716835);
INSERT INTO `ocpizza`.`account` (`id`, `login`, `password`) VALUES (642, 'kmonksfieldht', 0x586B70494774);
INSERT INTO `ocpizza`.`account` (`id`, `login`, `password`) VALUES (643, 'rkonnekehu', 0x564D6573527879);
INSERT INTO `ocpizza`.`account` (`id`, `login`, `password`) VALUES (644, 'grockwellhv', 0x4B6948565432666F57);
INSERT INTO `ocpizza`.`account` (`id`, `login`, `password`) VALUES (645, 'msoldihw', 0x6A546B30464763);
INSERT INTO `ocpizza`.`account` (`id`, `login`, `password`) VALUES (646, 'jmcdaidhx', 0x4353384F4333484232);
INSERT INTO `ocpizza`.`account` (`id`, `login`, `password`) VALUES (647, 'kquiddingtonhy', 0x6A4A646A4C446251324748);
INSERT INTO `ocpizza`.`account` (`id`, `login`, `password`) VALUES (648, 'asommerlyhz', 0x5348336378546679);
INSERT INTO `ocpizza`.`account` (`id`, `login`, `password`) VALUES (649, 'delphinstoni0', 0x35727554734431795277);
INSERT INTO `ocpizza`.`account` (`id`, `login`, `password`) VALUES (650, 'canchori1', 0x37466E49456641);
INSERT INTO `ocpizza`.`account` (`id`, `login`, `password`) VALUES (651, 'kfarnalli2', 0x4557703764344B4730);
INSERT INTO `ocpizza`.`account` (`id`, `login`, `password`) VALUES (652, 'cpharoi3', 0x416E66364D7A5746);
INSERT INTO `ocpizza`.`account` (`id`, `login`, `password`) VALUES (653, 'kshambrooki4', 0x4C766D67503850744D3851);
INSERT INTO `ocpizza`.`account` (`id`, `login`, `password`) VALUES (654, 'sgeraldi5', 0x48444861714963386E);
INSERT INTO `ocpizza`.`account` (`id`, `login`, `password`) VALUES (655, 'hmargrami6', 0x78714D736173);
INSERT INTO `ocpizza`.`account` (`id`, `login`, `password`) VALUES (656, 'prenaki7', 0x67704D337A71643577);
INSERT INTO `ocpizza`.`account` (`id`, `login`, `password`) VALUES (657, 'gbailyi8', 0x5A68744E3061426F4A4D77);
INSERT INTO `ocpizza`.`account` (`id`, `login`, `password`) VALUES (658, 'efallowsi9', 0x636750544739696769);
INSERT INTO `ocpizza`.`account` (`id`, `login`, `password`) VALUES (659, 'eshickleia', 0x656D4C716A564B3562);
INSERT INTO `ocpizza`.`account` (`id`, `login`, `password`) VALUES (660, 'ldunstallib', 0x45306772724E724948);
INSERT INTO `ocpizza`.`account` (`id`, `login`, `password`) VALUES (661, 'krattryic', 0x7671366444466A);
INSERT INTO `ocpizza`.`account` (`id`, `login`, `password`) VALUES (662, 'lgimenoid', 0x6B6B656E4150545642);
INSERT INTO `ocpizza`.`account` (`id`, `login`, `password`) VALUES (663, 'ncawseyie', 0x494A556331677A485275);
INSERT INTO `ocpizza`.`account` (`id`, `login`, `password`) VALUES (664, 'fgealleif', 0x6B6E506C657065647A53);
INSERT INTO `ocpizza`.`account` (`id`, `login`, `password`) VALUES (665, 'adoucheig', 0x7367796976333438);
INSERT INTO `ocpizza`.`account` (`id`, `login`, `password`) VALUES (666, 'lmorchih', 0x567368414A4C6C);
INSERT INTO `ocpizza`.`account` (`id`, `login`, `password`) VALUES (667, 'alipproseii', 0x77426D7436344C7A567068);
INSERT INTO `ocpizza`.`account` (`id`, `login`, `password`) VALUES (668, 'vpallesenij', 0x6A544D56476770);
INSERT INTO `ocpizza`.`account` (`id`, `login`, `password`) VALUES (669, 'bfergussonik', 0x38656276336F);
INSERT INTO `ocpizza`.`account` (`id`, `login`, `password`) VALUES (670, 'jelstowil', 0x6B6A357059416261336A7A);
INSERT INTO `ocpizza`.`account` (`id`, `login`, `password`) VALUES (671, 'ekigelmanim', 0x3146634D52624D593452);
INSERT INTO `ocpizza`.`account` (`id`, `login`, `password`) VALUES (672, 'kspearmanin', 0x623361644F755447514B59);
INSERT INTO `ocpizza`.`account` (`id`, `login`, `password`) VALUES (673, 'lethridgeio', 0x365A58626E5A544A69496B);
INSERT INTO `ocpizza`.`account` (`id`, `login`, `password`) VALUES (674, 'hdebenhamip', 0x33704E4D665345);
INSERT INTO `ocpizza`.`account` (`id`, `login`, `password`) VALUES (675, 'ebreckwelliq', 0x324A36773634494952504A);
INSERT INTO `ocpizza`.`account` (`id`, `login`, `password`) VALUES (676, 'vthrustleir', 0x796E6445324C6630);
INSERT INTO `ocpizza`.`account` (`id`, `login`, `password`) VALUES (677, 'oslamakeris', 0x32327046676D7651);
INSERT INTO `ocpizza`.`account` (`id`, `login`, `password`) VALUES (678, 'mseaversit', 0x5968664B56387674336E70);
INSERT INTO `ocpizza`.`account` (`id`, `login`, `password`) VALUES (679, 'cmallaniu', 0x664B62313054);
INSERT INTO `ocpizza`.`account` (`id`, `login`, `password`) VALUES (680, 'haistropiv', 0x6B4963545763);
INSERT INTO `ocpizza`.`account` (`id`, `login`, `password`) VALUES (681, 'ljahnsiw', 0x426A386971524242);
INSERT INTO `ocpizza`.`account` (`id`, `login`, `password`) VALUES (682, 'awaszczykix', 0x77354541723853567674);
INSERT INTO `ocpizza`.`account` (`id`, `login`, `password`) VALUES (683, 'bcourageiy', 0x6A687246317847);
INSERT INTO `ocpizza`.`account` (`id`, `login`, `password`) VALUES (684, 'bsmoughtoniz', 0x37335968335469434B4C7263);
INSERT INTO `ocpizza`.`account` (`id`, `login`, `password`) VALUES (685, 'kaxcelj0', 0x45373872776D7163);
INSERT INTO `ocpizza`.`account` (`id`, `login`, `password`) VALUES (686, 'nkobpacj1', 0x4143656E564934);
INSERT INTO `ocpizza`.`account` (`id`, `login`, `password`) VALUES (687, 'rottoj2', 0x49655576514A3962304A);
INSERT INTO `ocpizza`.`account` (`id`, `login`, `password`) VALUES (688, 'tsnasdellj3', 0x4A38376B366B5257);
INSERT INTO `ocpizza`.`account` (`id`, `login`, `password`) VALUES (689, 'charriskinej4', 0x7871377131354958);
INSERT INTO `ocpizza`.`account` (`id`, `login`, `password`) VALUES (690, 'aclevej5', 0x6976375331584B73);
INSERT INTO `ocpizza`.`account` (`id`, `login`, `password`) VALUES (691, 'mhumbyj6', 0x4E7751453573766D4D55);
INSERT INTO `ocpizza`.`account` (`id`, `login`, `password`) VALUES (692, 'bjeffersonj7', 0x504E326C786848513857);
INSERT INTO `ocpizza`.`account` (`id`, `login`, `password`) VALUES (693, 'aodriscolej8', 0x3750614538526933);
INSERT INTO `ocpizza`.`account` (`id`, `login`, `password`) VALUES (694, 'afassj9', 0x4A3870694F4B736A7849);
INSERT INTO `ocpizza`.`account` (`id`, `login`, `password`) VALUES (695, 'mdyshartja', 0x4C713841486A324E385238);
INSERT INTO `ocpizza`.`account` (`id`, `login`, `password`) VALUES (696, 'breevesjb', 0x73634872356F7844317278);
INSERT INTO `ocpizza`.`account` (`id`, `login`, `password`) VALUES (697, 'cshillinglawjc', 0x304D35426644447A74);
INSERT INTO `ocpizza`.`account` (`id`, `login`, `password`) VALUES (698, 'wreussjd', 0x4A524D5352644D);
INSERT INTO `ocpizza`.`account` (`id`, `login`, `password`) VALUES (699, 'echappelje', 0x777465554762);
INSERT INTO `ocpizza`.`account` (`id`, `login`, `password`) VALUES (700, 'cturnockjf', 0x76786161426D487153586C);
INSERT INTO `ocpizza`.`account` (`id`, `login`, `password`) VALUES (701, 'agusneyjg', 0x7A4A4175726A4773515A7A);
INSERT INTO `ocpizza`.`account` (`id`, `login`, `password`) VALUES (702, 'jpatryjh', 0x6C474D304A464334736A);
INSERT INTO `ocpizza`.`account` (`id`, `login`, `password`) VALUES (703, 'kkleinhautji', 0x5256734A7277677447633664);
INSERT INTO `ocpizza`.`account` (`id`, `login`, `password`) VALUES (704, 'fdugmorejj', 0x3172487753373630);
INSERT INTO `ocpizza`.`account` (`id`, `login`, `password`) VALUES (705, 'lpawlaczykjk', 0x417051536F4A3844);
INSERT INTO `ocpizza`.`account` (`id`, `login`, `password`) VALUES (706, 'ysesonjl', 0x705A32446B3038456C5858);
INSERT INTO `ocpizza`.`account` (`id`, `login`, `password`) VALUES (707, 'dairthjm', 0x435639785955566E);
INSERT INTO `ocpizza`.`account` (`id`, `login`, `password`) VALUES (708, 'feliyahujn', 0x6A62645A57766555386C);
INSERT INTO `ocpizza`.`account` (`id`, `login`, `password`) VALUES (709, 'ufludejo', 0x71575676756B5650346558);
INSERT INTO `ocpizza`.`account` (`id`, `login`, `password`) VALUES (710, 'mivashechkinjp', 0x33464766695A356352);
INSERT INTO `ocpizza`.`account` (`id`, `login`, `password`) VALUES (711, 'smckinleyjq', 0x374753574E6463);
INSERT INTO `ocpizza`.`account` (`id`, `login`, `password`) VALUES (712, 'atampinjr', 0x384641474D3075656E67);
INSERT INTO `ocpizza`.`account` (`id`, `login`, `password`) VALUES (713, 'mbausjs', 0x4F74635966764F424D7746);
INSERT INTO `ocpizza`.`account` (`id`, `login`, `password`) VALUES (714, 'trowlingsjt', 0x516C6D4C7853);
INSERT INTO `ocpizza`.`account` (`id`, `login`, `password`) VALUES (715, 'cjewissju', 0x46596C68323330);
INSERT INTO `ocpizza`.`account` (`id`, `login`, `password`) VALUES (716, 'afeastjv', 0x306E4A4D587449);
INSERT INTO `ocpizza`.`account` (`id`, `login`, `password`) VALUES (717, 'taspyjw', 0x343144716E396F58);
INSERT INTO `ocpizza`.`account` (`id`, `login`, `password`) VALUES (718, 'vhaskurjx', 0x434F4C6C6A41727A5361);
INSERT INTO `ocpizza`.`account` (`id`, `login`, `password`) VALUES (719, 'ncouvetjy', 0x4A39414A3278675968);
INSERT INTO `ocpizza`.`account` (`id`, `login`, `password`) VALUES (720, 'ltegellerjz', 0x42454D77544C44466F);
INSERT INTO `ocpizza`.`account` (`id`, `login`, `password`) VALUES (721, 'tiannuzzellik0', 0x775076796733);
INSERT INTO `ocpizza`.`account` (`id`, `login`, `password`) VALUES (722, 'agorgerk1', 0x306C52755062);
INSERT INTO `ocpizza`.`account` (`id`, `login`, `password`) VALUES (723, 'vcansdillk2', 0x50634A786F686E78);
INSERT INTO `ocpizza`.`account` (`id`, `login`, `password`) VALUES (724, 'cmanuelek3', 0x4E537666546B3447);
INSERT INTO `ocpizza`.`account` (`id`, `login`, `password`) VALUES (725, 'mwhithornk4', 0x45784A52507538574D);
INSERT INTO `ocpizza`.`account` (`id`, `login`, `password`) VALUES (726, 'ncoldmank5', 0x35496D57425443);
INSERT INTO `ocpizza`.`account` (`id`, `login`, `password`) VALUES (727, 'kwiddowsonk6', 0x58784D75436E5132);
INSERT INTO `ocpizza`.`account` (`id`, `login`, `password`) VALUES (728, 'bdealyk7', 0x4B32676650706277);
INSERT INTO `ocpizza`.`account` (`id`, `login`, `password`) VALUES (729, 'rconantk8', 0x5A3743786F5A7A38);
INSERT INTO `ocpizza`.`account` (`id`, `login`, `password`) VALUES (730, 'croylek9', 0x67386A41466677327437);
INSERT INTO `ocpizza`.`account` (`id`, `login`, `password`) VALUES (731, 'cwatkinska', 0x48447757496961);
INSERT INTO `ocpizza`.`account` (`id`, `login`, `password`) VALUES (732, 'ndeningtonkb', 0x5A656770754276506D534D66);
INSERT INTO `ocpizza`.`account` (`id`, `login`, `password`) VALUES (733, 'aaberdalgykc', 0x414869614E6B337A46);
INSERT INTO `ocpizza`.`account` (`id`, `login`, `password`) VALUES (734, 'jspourskd', 0x446431716A574D);
INSERT INTO `ocpizza`.`account` (`id`, `login`, `password`) VALUES (735, 'ecamellike', 0x314E6D5A686943313079);
INSERT INTO `ocpizza`.`account` (`id`, `login`, `password`) VALUES (736, 'cbaudainkf', 0x57616F4668364D775251);
INSERT INTO `ocpizza`.`account` (`id`, `login`, `password`) VALUES (737, 'ppowlettkg', 0x524D4D743859376656624643);
INSERT INTO `ocpizza`.`account` (`id`, `login`, `password`) VALUES (738, 'nledwitchkh', 0x46746F34666433);
INSERT INTO `ocpizza`.`account` (`id`, `login`, `password`) VALUES (739, 'gbernki', 0x473962355742717844);
INSERT INTO `ocpizza`.`account` (`id`, `login`, `password`) VALUES (740, 'bkisbeykj', 0x46796233577057597850);
INSERT INTO `ocpizza`.`account` (`id`, `login`, `password`) VALUES (741, 'sbrameltkk', 0x41684C4B6562);
INSERT INTO `ocpizza`.`account` (`id`, `login`, `password`) VALUES (742, 'lmcdarmidkl', 0x4748344147626457344948);
INSERT INTO `ocpizza`.`account` (`id`, `login`, `password`) VALUES (743, 'nshrivekm', 0x354866364D4234);
INSERT INTO `ocpizza`.`account` (`id`, `login`, `password`) VALUES (744, 'cmingayekn', 0x6142797A4241);
INSERT INTO `ocpizza`.`account` (`id`, `login`, `password`) VALUES (745, 'cdoudko', 0x4573785875324B);
INSERT INTO `ocpizza`.`account` (`id`, `login`, `password`) VALUES (746, 'biannuzzikp', 0x63626C397357);
INSERT INTO `ocpizza`.`account` (`id`, `login`, `password`) VALUES (747, 'zpauligkq', 0x42567169386C384D);
INSERT INTO `ocpizza`.`account` (`id`, `login`, `password`) VALUES (748, 'pgouchkr', 0x743665445868656267);
INSERT INTO `ocpizza`.`account` (`id`, `login`, `password`) VALUES (749, 'mlidgertwoodks', 0x5756464549303179347A71);
INSERT INTO `ocpizza`.`account` (`id`, `login`, `password`) VALUES (750, 'htiltkt', 0x7A7051584D3834435630);
INSERT INTO `ocpizza`.`account` (`id`, `login`, `password`) VALUES (751, 'mbyneku', 0x5A524375587469);
INSERT INTO `ocpizza`.`account` (`id`, `login`, `password`) VALUES (752, 'ctinglykv', 0x4454764A6C686A);
INSERT INTO `ocpizza`.`account` (`id`, `login`, `password`) VALUES (753, 'aconeleykw', 0x794979364C6E3764577370);
INSERT INTO `ocpizza`.`account` (`id`, `login`, `password`) VALUES (754, 'ascoulerkx', 0x633536716744574D6D64784D);
INSERT INTO `ocpizza`.`account` (`id`, `login`, `password`) VALUES (755, 'wblanchflowerky', 0x5854513555627A4C49347537);
INSERT INTO `ocpizza`.`account` (`id`, `login`, `password`) VALUES (756, 'kshovellerkz', 0x4E485A473055397642);
INSERT INTO `ocpizza`.`account` (`id`, `login`, `password`) VALUES (757, 'cbarrarl0', 0x3264664E4A394F45);
INSERT INTO `ocpizza`.`account` (`id`, `login`, `password`) VALUES (758, 'jquaill1', 0x556F4C5A316C487A4832);
INSERT INTO `ocpizza`.`account` (`id`, `login`, `password`) VALUES (759, 'hquantl2', 0x5069546172556A41);
INSERT INTO `ocpizza`.`account` (`id`, `login`, `password`) VALUES (760, 'cdidomenicol3', 0x445253333061);
INSERT INTO `ocpizza`.`account` (`id`, `login`, `password`) VALUES (761, 'mforesl4', 0x3476614F74734B72736E);
INSERT INTO `ocpizza`.`account` (`id`, `login`, `password`) VALUES (762, 'cgalliardl5', 0x375946346C4F7A7A61647044);
INSERT INTO `ocpizza`.`account` (`id`, `login`, `password`) VALUES (763, 'dguillonl6', 0x676E47686A4B78);
INSERT INTO `ocpizza`.`account` (`id`, `login`, `password`) VALUES (764, 'rbegganl7', 0x68507354594830);
INSERT INTO `ocpizza`.`account` (`id`, `login`, `password`) VALUES (765, 'bchrestienl8', 0x4E777262464349);
INSERT INTO `ocpizza`.`account` (`id`, `login`, `password`) VALUES (766, 'abedwardl9', 0x4D6979496F4C3639564F);
INSERT INTO `ocpizza`.`account` (`id`, `login`, `password`) VALUES (767, 'kboxhallla', 0x696E6F755436724C68654C);
INSERT INTO `ocpizza`.`account` (`id`, `login`, `password`) VALUES (768, 'lmackerethlb', 0x7A6E454F3453);
INSERT INTO `ocpizza`.`account` (`id`, `login`, `password`) VALUES (769, 'sroadlc', 0x41493763386E68);
INSERT INTO `ocpizza`.`account` (`id`, `login`, `password`) VALUES (770, 'rnolteld', 0x6F645133666245676B7A55);
INSERT INTO `ocpizza`.`account` (`id`, `login`, `password`) VALUES (771, 'jskellionle', 0x524A3166756F49666336);
INSERT INTO `ocpizza`.`account` (`id`, `login`, `password`) VALUES (772, 'mlestorlf', 0x436271477862637352);
INSERT INTO `ocpizza`.`account` (`id`, `login`, `password`) VALUES (773, 'esmoutlg', 0x34594E39306A32434D6D);
INSERT INTO `ocpizza`.`account` (`id`, `login`, `password`) VALUES (774, 'aurreylh', 0x743861546A74);
INSERT INTO `ocpizza`.`account` (`id`, `login`, `password`) VALUES (775, 'mrubanenkoli', 0x6C5137795A7636716C);
INSERT INTO `ocpizza`.`account` (`id`, `login`, `password`) VALUES (776, 'mlevinlj', 0x434A6C57724F78675361);
INSERT INTO `ocpizza`.`account` (`id`, `login`, `password`) VALUES (777, 'crammelk', 0x544550734765737737);
INSERT INTO `ocpizza`.`account` (`id`, `login`, `password`) VALUES (778, 'dchurchillll', 0x7453765A643158);
INSERT INTO `ocpizza`.`account` (`id`, `login`, `password`) VALUES (779, 'kfortunelm', 0x586653454E3162454A);
INSERT INTO `ocpizza`.`account` (`id`, `login`, `password`) VALUES (780, 'rtorbeckln', 0x74446E31674B49);
INSERT INTO `ocpizza`.`account` (`id`, `login`, `password`) VALUES (781, 'kkoppecklo', 0x6674366451544D41);
INSERT INTO `ocpizza`.`account` (`id`, `login`, `password`) VALUES (782, 'tsurgenorlp', 0x3366574C3767596653);
INSERT INTO `ocpizza`.`account` (`id`, `login`, `password`) VALUES (783, 'mmacleselq', 0x42597A6731384F4F46);
INSERT INTO `ocpizza`.`account` (`id`, `login`, `password`) VALUES (784, 'bduckerlr', 0x34453643565266);
INSERT INTO `ocpizza`.`account` (`id`, `login`, `password`) VALUES (785, 'adudlestonls', 0x364533756A513777);
INSERT INTO `ocpizza`.`account` (`id`, `login`, `password`) VALUES (786, 'csewartlt', 0x414F3575795959);
INSERT INTO `ocpizza`.`account` (`id`, `login`, `password`) VALUES (787, 'hclemmowlu', 0x51536D4870636D7866);
INSERT INTO `ocpizza`.`account` (`id`, `login`, `password`) VALUES (788, 'gtyerslv', 0x6C4F4961493042);
INSERT INTO `ocpizza`.`account` (`id`, `login`, `password`) VALUES (789, 'bfitchettlw', 0x7433783936617876554A);
INSERT INTO `ocpizza`.`account` (`id`, `login`, `password`) VALUES (790, 'cwillsmorelx', 0x30705A597752344651);
INSERT INTO `ocpizza`.`account` (`id`, `login`, `password`) VALUES (791, 'wdakersly', 0x7444596566446968304C79);
INSERT INTO `ocpizza`.`account` (`id`, `login`, `password`) VALUES (792, 'sloffellz', 0x73793862473074625A523062);
INSERT INTO `ocpizza`.`account` (`id`, `login`, `password`) VALUES (793, 'kcoulbeckm0', 0x576B38586F64494F);
INSERT INTO `ocpizza`.`account` (`id`, `login`, `password`) VALUES (794, 'vghelardonim1', 0x5A734C6E3049646E4877386F);
INSERT INTO `ocpizza`.`account` (`id`, `login`, `password`) VALUES (795, 'sloinesm2', 0x7567536A44483874);
INSERT INTO `ocpizza`.`account` (`id`, `login`, `password`) VALUES (796, 'bbultitudem3', 0x5A41546556566274436871);
INSERT INTO `ocpizza`.`account` (`id`, `login`, `password`) VALUES (797, 'gloadm4', 0x4246675A4C706D52474E7176);
INSERT INTO `ocpizza`.`account` (`id`, `login`, `password`) VALUES (798, 'bcomminm5', 0x32456447576A);
INSERT INTO `ocpizza`.`account` (`id`, `login`, `password`) VALUES (799, 'hlabetm6', 0x7348593941664454);
INSERT INTO `ocpizza`.`account` (`id`, `login`, `password`) VALUES (800, 'mkenderdinem7', 0x43304A374E6F6F);
INSERT INTO `ocpizza`.`account` (`id`, `login`, `password`) VALUES (801, 'malbertim8', 0x6230454E495872);
INSERT INTO `ocpizza`.`account` (`id`, `login`, `password`) VALUES (802, 'gannablem9', 0x4662424941383639797549);
INSERT INTO `ocpizza`.`account` (`id`, `login`, `password`) VALUES (803, 'tduffetma', 0x6259446267773952387674);
INSERT INTO `ocpizza`.`account` (`id`, `login`, `password`) VALUES (804, 'dfirkmb', 0x48333743553036777548);
INSERT INTO `ocpizza`.`account` (`id`, `login`, `password`) VALUES (805, 'ssulllymc', 0x5066374742663254);
INSERT INTO `ocpizza`.`account` (`id`, `login`, `password`) VALUES (806, 'jrumpmd', 0x305465716170796B736C4F74);
INSERT INTO `ocpizza`.`account` (`id`, `login`, `password`) VALUES (807, 'kmatyatinme', 0x7A64326474365044);
INSERT INTO `ocpizza`.`account` (`id`, `login`, `password`) VALUES (808, 'lvaladezmf', 0x6D5374686B6F6545785A7A76);
INSERT INTO `ocpizza`.`account` (`id`, `login`, `password`) VALUES (809, 'cgonnelymg', 0x6E6D42744553564C6B);
INSERT INTO `ocpizza`.`account` (`id`, `login`, `password`) VALUES (810, 'mduxfieldmh', 0x50674857584138384337);
INSERT INTO `ocpizza`.`account` (`id`, `login`, `password`) VALUES (811, 'vgrationmi', 0x62794B5A726A3051);
INSERT INTO `ocpizza`.`account` (`id`, `login`, `password`) VALUES (812, 'rstambridgemj', 0x4967577465766E74);
INSERT INTO `ocpizza`.`account` (`id`, `login`, `password`) VALUES (813, 'grobelowmk', 0x41657076744A6843304E);
INSERT INTO `ocpizza`.`account` (`id`, `login`, `password`) VALUES (814, 'zelmarml', 0x4F4B727562744A74);
INSERT INTO `ocpizza`.`account` (`id`, `login`, `password`) VALUES (815, 'mormemm', 0x46416D42386C316F5534);
INSERT INTO `ocpizza`.`account` (`id`, `login`, `password`) VALUES (816, 'coldridgemn', 0x466F56574653574852);
INSERT INTO `ocpizza`.`account` (`id`, `login`, `password`) VALUES (817, 'enewsonmo', 0x5753706466366A556A);
INSERT INTO `ocpizza`.`account` (`id`, `login`, `password`) VALUES (818, 'gblaydmp', 0x724D50554A494A72333179);
INSERT INTO `ocpizza`.`account` (`id`, `login`, `password`) VALUES (819, 'ebucktroutmq', 0x4D326D577865336F6D4B);
INSERT INTO `ocpizza`.`account` (`id`, `login`, `password`) VALUES (820, 'bsantacrolemr', 0x617656653569506D);
INSERT INTO `ocpizza`.`account` (`id`, `login`, `password`) VALUES (821, 'ipimlettms', 0x45356A623642);
INSERT INTO `ocpizza`.`account` (`id`, `login`, `password`) VALUES (822, 'ksandalmt', 0x62444C43667A);
INSERT INTO `ocpizza`.`account` (`id`, `login`, `password`) VALUES (823, 'oleckeymu', 0x54594E70347A);
INSERT INTO `ocpizza`.`account` (`id`, `login`, `password`) VALUES (824, 'mmessenbirdmv', 0x76774D686E48);
INSERT INTO `ocpizza`.`account` (`id`, `login`, `password`) VALUES (825, 'cbiddlestonemw', 0x4E6A57423974564B566F);
INSERT INTO `ocpizza`.`account` (`id`, `login`, `password`) VALUES (826, 'egaffonmx', 0x7257624F617054);
INSERT INTO `ocpizza`.`account` (`id`, `login`, `password`) VALUES (827, 'sgrigoronimy', 0x5268394E6B3462753859);
INSERT INTO `ocpizza`.`account` (`id`, `login`, `password`) VALUES (828, 'slawlandmz', 0x79526D3257625768);
INSERT INTO `ocpizza`.`account` (`id`, `login`, `password`) VALUES (829, 'wcassn0', 0x3262303734476961);
INSERT INTO `ocpizza`.`account` (`id`, `login`, `password`) VALUES (830, 'bmcchruitern1', 0x375A7944567248);
INSERT INTO `ocpizza`.`account` (`id`, `login`, `password`) VALUES (831, 'smollern2', 0x5944586E57674F626C365A);
INSERT INTO `ocpizza`.`account` (`id`, `login`, `password`) VALUES (832, 'cgridleyn3', 0x36345568666B7A);
INSERT INTO `ocpizza`.`account` (`id`, `login`, `password`) VALUES (833, 'staffen4', 0x496C474C6C6E684655713346);
INSERT INTO `ocpizza`.`account` (`id`, `login`, `password`) VALUES (834, 'lbadhamn5', 0x793952456736);
INSERT INTO `ocpizza`.`account` (`id`, `login`, `password`) VALUES (835, 'bburstowen6', 0x726D6B454F464733774359);
INSERT INTO `ocpizza`.`account` (`id`, `login`, `password`) VALUES (836, 'mkewardn7', 0x315958536646506B6A);
INSERT INTO `ocpizza`.`account` (`id`, `login`, `password`) VALUES (837, 'dmclaggann8', 0x6B386A554171);
INSERT INTO `ocpizza`.`account` (`id`, `login`, `password`) VALUES (838, 'jdrinkalen9', 0x4D6E49696E384C4B);
INSERT INTO `ocpizza`.`account` (`id`, `login`, `password`) VALUES (839, 'tstenhousena', 0x787665454F746D32);
INSERT INTO `ocpizza`.`account` (`id`, `login`, `password`) VALUES (840, 'sclairnb', 0x58334251393766);
INSERT INTO `ocpizza`.`account` (`id`, `login`, `password`) VALUES (841, 'mtroync', 0x4152757A424E);
INSERT INTO `ocpizza`.`account` (`id`, `login`, `password`) VALUES (842, 'mdictynd', 0x6A663137394D4C4C425875);
INSERT INTO `ocpizza`.`account` (`id`, `login`, `password`) VALUES (843, 'bpigeonne', 0x73344A4752787A58);
INSERT INTO `ocpizza`.`account` (`id`, `login`, `password`) VALUES (844, 'hmayohnf', 0x3032457037635A6238);
INSERT INTO `ocpizza`.`account` (`id`, `login`, `password`) VALUES (845, 'litzaksonng', 0x686A36464747);
INSERT INTO `ocpizza`.`account` (`id`, `login`, `password`) VALUES (846, 'aaucoatenh', 0x7A4B5643314E);
INSERT INTO `ocpizza`.`account` (`id`, `login`, `password`) VALUES (847, 'mlawleffni', 0x5462393438586B4265);
INSERT INTO `ocpizza`.`account` (`id`, `login`, `password`) VALUES (848, 'sshobrooknj', 0x4B4B6F61694A384C66394F34);
INSERT INTO `ocpizza`.`account` (`id`, `login`, `password`) VALUES (849, 'bpimlocknk', 0x4953356A7A4F764A614D);
INSERT INTO `ocpizza`.`account` (`id`, `login`, `password`) VALUES (850, 'mbeardallnl', 0x374B5333524D4A6C357568);
INSERT INTO `ocpizza`.`account` (`id`, `login`, `password`) VALUES (851, 'ablaydesnm', 0x334C5533504E303748);
INSERT INTO `ocpizza`.`account` (`id`, `login`, `password`) VALUES (852, 'abrieretonnn', 0x4B5171637655);
INSERT INTO `ocpizza`.`account` (`id`, `login`, `password`) VALUES (853, 'gbaumeno', 0x5342666F644539);
INSERT INTO `ocpizza`.`account` (`id`, `login`, `password`) VALUES (854, 'sheadechnp', 0x313274776636564E6D4C);
INSERT INTO `ocpizza`.`account` (`id`, `login`, `password`) VALUES (855, 'mreeknq', 0x4A67574B6962684D6D593566);
INSERT INTO `ocpizza`.`account` (`id`, `login`, `password`) VALUES (856, 'ashoorbrookenr', 0x62706E5A6D6E6A);
INSERT INTO `ocpizza`.`account` (`id`, `login`, `password`) VALUES (857, 'doneillns', 0x6D4A74783744);
INSERT INTO `ocpizza`.`account` (`id`, `login`, `password`) VALUES (858, 'tbawlesnt', 0x5778636D3634614748364C);
INSERT INTO `ocpizza`.`account` (`id`, `login`, `password`) VALUES (859, 'fshortcliffenu', 0x71645757756E6C65506B4E);
INSERT INTO `ocpizza`.`account` (`id`, `login`, `password`) VALUES (860, 'ghydechambersnv', 0x4445564B7863);
INSERT INTO `ocpizza`.`account` (`id`, `login`, `password`) VALUES (861, 'lpettsnw', 0x6965426B39616441);
INSERT INTO `ocpizza`.`account` (`id`, `login`, `password`) VALUES (862, 'akitternx', 0x6E474267766662);
INSERT INTO `ocpizza`.`account` (`id`, `login`, `password`) VALUES (863, 'fcastagnony', 0x435445463339);
INSERT INTO `ocpizza`.`account` (`id`, `login`, `password`) VALUES (864, 'gmcmanamennz', 0x4E594F434F484339336D45);
INSERT INTO `ocpizza`.`account` (`id`, `login`, `password`) VALUES (865, 'jshintono0', 0x585643316B6D6454464B3262);
INSERT INTO `ocpizza`.`account` (`id`, `login`, `password`) VALUES (866, 'tbrunskillo1', 0x42786A36494C);
INSERT INTO `ocpizza`.`account` (`id`, `login`, `password`) VALUES (867, 'cbehlingo2', 0x51485044396B7344756A);
INSERT INTO `ocpizza`.`account` (`id`, `login`, `password`) VALUES (868, 'mmonkhouseo3', 0x48544F584C686D4D33);
INSERT INTO `ocpizza`.`account` (`id`, `login`, `password`) VALUES (869, 'itoffanellio4', 0x73766545486B4351474A62);
INSERT INTO `ocpizza`.`account` (`id`, `login`, `password`) VALUES (870, 'oforesighto5', 0x5956526C396A);
INSERT INTO `ocpizza`.`account` (`id`, `login`, `password`) VALUES (871, 'ayeeleso6', 0x67506F70505949696E73);
INSERT INTO `ocpizza`.`account` (`id`, `login`, `password`) VALUES (872, 'dnoado7', 0x4E4E67706361646C5A736F);
INSERT INTO `ocpizza`.`account` (`id`, `login`, `password`) VALUES (873, 'csindleo8', 0x4D736C7A6D503172487674);
INSERT INTO `ocpizza`.`account` (`id`, `login`, `password`) VALUES (874, 'mhanneo9', 0x446246333351424B);
INSERT INTO `ocpizza`.`account` (`id`, `login`, `password`) VALUES (875, 'cduinbletonoa', 0x625346516B50);
INSERT INTO `ocpizza`.`account` (`id`, `login`, `password`) VALUES (876, 'rgarahanob', 0x5255464C4D734F307A);
INSERT INTO `ocpizza`.`account` (`id`, `login`, `password`) VALUES (877, 'dcantooc', 0x715447657667785A4436);
INSERT INTO `ocpizza`.`account` (`id`, `login`, `password`) VALUES (878, 'kkubinod', 0x6D615A565A79424B66756D33);
INSERT INTO `ocpizza`.`account` (`id`, `login`, `password`) VALUES (879, 'sdavsonoe', 0x657A4632444464434B73);
INSERT INTO `ocpizza`.`account` (`id`, `login`, `password`) VALUES (880, 'mbagshawof', 0x6B63556F325073);
INSERT INTO `ocpizza`.`account` (`id`, `login`, `password`) VALUES (881, 'nkupperog', 0x4A6C694B7859);
INSERT INTO `ocpizza`.`account` (`id`, `login`, `password`) VALUES (882, 'tcrinsonoh', 0x5142514246503465356B);
INSERT INTO `ocpizza`.`account` (`id`, `login`, `password`) VALUES (883, 'mpaitonoi', 0x49657642693543384A613156);
INSERT INTO `ocpizza`.`account` (`id`, `login`, `password`) VALUES (884, 'jcasselyoj', 0x564D47755467765A4F);
INSERT INTO `ocpizza`.`account` (`id`, `login`, `password`) VALUES (885, 'mswindellsok', 0x343654427A41);
INSERT INTO `ocpizza`.`account` (`id`, `login`, `password`) VALUES (886, 'hverlingol', 0x64346E6D4D6E706474334A);
INSERT INTO `ocpizza`.`account` (`id`, `login`, `password`) VALUES (887, 'whawkswoodom', 0x69776F31486C78474C384C36);
INSERT INTO `ocpizza`.`account` (`id`, `login`, `password`) VALUES (888, 'smounseyon', 0x6E7867425052);
INSERT INTO `ocpizza`.`account` (`id`, `login`, `password`) VALUES (889, 'cogradyoo', 0x7455456E61616D4F48);
INSERT INTO `ocpizza`.`account` (`id`, `login`, `password`) VALUES (890, 'dsawbridgeop', 0x664561326E4D47626E38316A);
INSERT INTO `ocpizza`.`account` (`id`, `login`, `password`) VALUES (891, 'kclemensonoq', 0x32736E64475072);
INSERT INTO `ocpizza`.`account` (`id`, `login`, `password`) VALUES (892, 'rfloodor', 0x445451784868);
INSERT INTO `ocpizza`.`account` (`id`, `login`, `password`) VALUES (893, 'pbyrdos', 0x576A726D33307A6A4571644F);
INSERT INTO `ocpizza`.`account` (`id`, `login`, `password`) VALUES (894, 'mdufferot', 0x78344D63714F);
INSERT INTO `ocpizza`.`account` (`id`, `login`, `password`) VALUES (895, 'kbambroughou', 0x5773786846327070545634);
INSERT INTO `ocpizza`.`account` (`id`, `login`, `password`) VALUES (896, 'mmatkinov', 0x55326566494E6B364B7A62);
INSERT INTO `ocpizza`.`account` (`id`, `login`, `password`) VALUES (897, 'rframeow', 0x754F6C41464F6167675859);
INSERT INTO `ocpizza`.`account` (`id`, `login`, `password`) VALUES (898, 'qspellardox', 0x3367476F6C6D3366755235);
INSERT INTO `ocpizza`.`account` (`id`, `login`, `password`) VALUES (899, 'klineenoy', 0x5961326E794F);
INSERT INTO `ocpizza`.`account` (`id`, `login`, `password`) VALUES (900, 'nvaudoz', 0x34695343435571787666);
INSERT INTO `ocpizza`.`account` (`id`, `login`, `password`) VALUES (901, 'llamburnep0', 0x463748457662);
INSERT INTO `ocpizza`.`account` (`id`, `login`, `password`) VALUES (902, 'cprandyp1', 0x4F594D67543367);
INSERT INTO `ocpizza`.`account` (`id`, `login`, `password`) VALUES (903, 'ttallp2', 0x43474B436B7877);
INSERT INTO `ocpizza`.`account` (`id`, `login`, `password`) VALUES (904, 'speacockp3', 0x746E59724937487056575830);
INSERT INTO `ocpizza`.`account` (`id`, `login`, `password`) VALUES (905, 'mcarletonp4', 0x6F5A6F626E3154554C3734);
INSERT INTO `ocpizza`.`account` (`id`, `login`, `password`) VALUES (906, 'dmacgillespiep5', 0x4B6B66565165325A5A793768);
INSERT INTO `ocpizza`.`account` (`id`, `login`, `password`) VALUES (907, 'smcdonoughp6', 0x715A76436C6A30);
INSERT INTO `ocpizza`.`account` (`id`, `login`, `password`) VALUES (908, 'cgerrietp7', 0x486B336648356F);
INSERT INTO `ocpizza`.`account` (`id`, `login`, `password`) VALUES (909, 'cverrallsp8', 0x6B656741663956446761);
INSERT INTO `ocpizza`.`account` (`id`, `login`, `password`) VALUES (910, 'whazelgrovep9', 0x4A74734D73686B734E);
INSERT INTO `ocpizza`.`account` (`id`, `login`, `password`) VALUES (911, 'cguiverpa', 0x6D614C704A4362594E6E);
INSERT INTO `ocpizza`.`account` (`id`, `login`, `password`) VALUES (912, 'bshaudfurthpb', 0x385970516B3035336D62);
INSERT INTO `ocpizza`.`account` (`id`, `login`, `password`) VALUES (913, 'bclaysonpc', 0x37573759587A55396C7930);
INSERT INTO `ocpizza`.`account` (`id`, `login`, `password`) VALUES (914, 'abaudetpd', 0x5069396854505471756B5079);
INSERT INTO `ocpizza`.`account` (`id`, `login`, `password`) VALUES (915, 'ksimonettpe', 0x596A694D6C32395A62456767);
INSERT INTO `ocpizza`.`account` (`id`, `login`, `password`) VALUES (916, 'bhanleypf', 0x4D624259494A65);
INSERT INTO `ocpizza`.`account` (`id`, `login`, `password`) VALUES (917, 'tprimettpg', 0x79494C4F527046706136);
INSERT INTO `ocpizza`.`account` (`id`, `login`, `password`) VALUES (918, 'ikeetingph', 0x416D325151715763554C);
INSERT INTO `ocpizza`.`account` (`id`, `login`, `password`) VALUES (919, 'gmurtaghpi', 0x747A71696D335672457168);
INSERT INTO `ocpizza`.`account` (`id`, `login`, `password`) VALUES (920, 'locurranpj', 0x6B524262576E4D);
INSERT INTO `ocpizza`.`account` (`id`, `login`, `password`) VALUES (921, 'pdressellpk', 0x4D4F59546B776C35734C73);
INSERT INTO `ocpizza`.`account` (`id`, `login`, `password`) VALUES (922, 'jblackburnpl', 0x55427A776851704458);
INSERT INTO `ocpizza`.`account` (`id`, `login`, `password`) VALUES (923, 'paylettpm', 0x34736462366C763570);
INSERT INTO `ocpizza`.`account` (`id`, `login`, `password`) VALUES (924, 'cbilovuspn', 0x4A45654A34765137);
INSERT INTO `ocpizza`.`account` (`id`, `login`, `password`) VALUES (925, 'vupcraftpo', 0x6568503944625650);
INSERT INTO `ocpizza`.`account` (`id`, `login`, `password`) VALUES (926, 'jfitzroypp', 0x32794B785673);
INSERT INTO `ocpizza`.`account` (`id`, `login`, `password`) VALUES (927, 'lmarrianpq', 0x70517148727644585650);
INSERT INTO `ocpizza`.`account` (`id`, `login`, `password`) VALUES (928, 'jbattersbypr', 0x493566704335436C);
INSERT INTO `ocpizza`.`account` (`id`, `login`, `password`) VALUES (929, 'bhowardgaterps', 0x3155625A483665705A);
INSERT INTO `ocpizza`.`account` (`id`, `login`, `password`) VALUES (930, 'bloveringpt', 0x347944734C38387A6D36736C);
INSERT INTO `ocpizza`.`account` (`id`, `login`, `password`) VALUES (931, 'msauterpu', 0x6357537974494564635170);
INSERT INTO `ocpizza`.`account` (`id`, `login`, `password`) VALUES (932, 'sreuterpv', 0x6B6C456F39493959587A5148);
INSERT INTO `ocpizza`.`account` (`id`, `login`, `password`) VALUES (933, 'mlowtonpw', 0x7136305075544B68);
INSERT INTO `ocpizza`.`account` (`id`, `login`, `password`) VALUES (934, 'rscocroftpx', 0x547A6F556F705770716B);
INSERT INTO `ocpizza`.`account` (`id`, `login`, `password`) VALUES (935, 'esenechellpy', 0x56705A39706E6B625A);
INSERT INTO `ocpizza`.`account` (`id`, `login`, `password`) VALUES (936, 'bwynepz', 0x7637344763676239);
INSERT INTO `ocpizza`.`account` (`id`, `login`, `password`) VALUES (937, 'akurtenq0', 0x6D463257643246);
INSERT INTO `ocpizza`.`account` (`id`, `login`, `password`) VALUES (938, 'ebracknellq1', 0x756151645253537A67);
INSERT INTO `ocpizza`.`account` (`id`, `login`, `password`) VALUES (939, 'karonsteinq2', 0x7567676345525741);
INSERT INTO `ocpizza`.`account` (`id`, `login`, `password`) VALUES (940, 'acathenodq3', 0x6C524C47646641);
INSERT INTO `ocpizza`.`account` (`id`, `login`, `password`) VALUES (941, 'kscoyneq4', 0x6B71704F5677474F4B);
INSERT INTO `ocpizza`.`account` (`id`, `login`, `password`) VALUES (942, 'dtheodorisq5', 0x6B7671344456314B5A);
INSERT INTO `ocpizza`.`account` (`id`, `login`, `password`) VALUES (943, 'lousbieq6', 0x654D50665936326E77);
INSERT INTO `ocpizza`.`account` (`id`, `login`, `password`) VALUES (944, 'rgerritzenq7', 0x575339734D7866446E78676D);
INSERT INTO `ocpizza`.`account` (`id`, `login`, `password`) VALUES (945, 'ldevaneyq8', 0x4D3379537A765A);
INSERT INTO `ocpizza`.`account` (`id`, `login`, `password`) VALUES (946, 'kbotwoodq9', 0x43624D31626A3271593547);
INSERT INTO `ocpizza`.`account` (`id`, `login`, `password`) VALUES (947, 'ccourageqa', 0x7770336650736D645743);
INSERT INTO `ocpizza`.`account` (`id`, `login`, `password`) VALUES (948, 'gjedrzejewiczqb', 0x4C35366C674D64);
INSERT INTO `ocpizza`.`account` (`id`, `login`, `password`) VALUES (949, 'rwhatsizeqc', 0x376834323163584537);
INSERT INTO `ocpizza`.`account` (`id`, `login`, `password`) VALUES (950, 'mdcostaqd', 0x39384D5474787031345144);
INSERT INTO `ocpizza`.`account` (`id`, `login`, `password`) VALUES (951, 'kcreboqe', 0x4F754B504730664636);
INSERT INTO `ocpizza`.`account` (`id`, `login`, `password`) VALUES (952, 'mmunseyqf', 0x66566135796A614352504D39);
INSERT INTO `ocpizza`.`account` (`id`, `login`, `password`) VALUES (953, 'vgullivanqg', 0x7377494C57456B6B7676);
INSERT INTO `ocpizza`.`account` (`id`, `login`, `password`) VALUES (954, 'schessqh', 0x493178616D7258525A);
INSERT INTO `ocpizza`.`account` (`id`, `login`, `password`) VALUES (955, 'ceasdonqi', 0x38713344636761);
INSERT INTO `ocpizza`.`account` (`id`, `login`, `password`) VALUES (956, 'isibbeqj', 0x4F6C683751566C495A6176);
INSERT INTO `ocpizza`.`account` (`id`, `login`, `password`) VALUES (957, 'jaucourteqk', 0x4D685770593563);
INSERT INTO `ocpizza`.`account` (`id`, `login`, `password`) VALUES (958, 'gwharmbyql', 0x6178476D454C6A6952);
INSERT INTO `ocpizza`.`account` (`id`, `login`, `password`) VALUES (959, 'jgaskerqm', 0x64703777464357566E);
INSERT INTO `ocpizza`.`account` (`id`, `login`, `password`) VALUES (960, 'amatussevichqn', 0x7A7752376943647A);
INSERT INTO `ocpizza`.`account` (`id`, `login`, `password`) VALUES (961, 'adillonqo', 0x6B754C71534C6E45373878);
INSERT INTO `ocpizza`.`account` (`id`, `login`, `password`) VALUES (962, 'rjachimakqp', 0x55774232697155626161);
INSERT INTO `ocpizza`.`account` (`id`, `login`, `password`) VALUES (963, 'rmutchqq', 0x533354587047);
INSERT INTO `ocpizza`.`account` (`id`, `login`, `password`) VALUES (964, 'pgiacopettiqr', 0x62655A563470526837686C);
INSERT INTO `ocpizza`.`account` (`id`, `login`, `password`) VALUES (965, 'tvedenyakinqs', 0x57557068376B493952414136);
INSERT INTO `ocpizza`.`account` (`id`, `login`, `password`) VALUES (966, 'cmayouqt', 0x3345694238714845527A42);
INSERT INTO `ocpizza`.`account` (`id`, `login`, `password`) VALUES (967, 'kbesekequ', 0x70427A586B44493546366E);
INSERT INTO `ocpizza`.`account` (`id`, `login`, `password`) VALUES (968, 'kyorkstonqv', 0x4575416F446A4B6C654A3563);
INSERT INTO `ocpizza`.`account` (`id`, `login`, `password`) VALUES (969, 'livashinnikovqw', 0x79644855345A32584D436837);
INSERT INTO `ocpizza`.`account` (`id`, `login`, `password`) VALUES (970, 'fboheyqx', 0x4C7772564A7770);
INSERT INTO `ocpizza`.`account` (`id`, `login`, `password`) VALUES (971, 'gpichefordqy', 0x4B546A58456A4131394C);
INSERT INTO `ocpizza`.`account` (`id`, `login`, `password`) VALUES (972, 'tbrimblecombqz', 0x7063436B76754C6855);
INSERT INTO `ocpizza`.`account` (`id`, `login`, `password`) VALUES (973, 'agurkor0', 0x32704A78526842);
INSERT INTO `ocpizza`.`account` (`id`, `login`, `password`) VALUES (974, 'mberriballr1', 0x523156676A7442);
INSERT INTO `ocpizza`.`account` (`id`, `login`, `password`) VALUES (975, 'kinnottr2', 0x58655376524755744145);
INSERT INTO `ocpizza`.`account` (`id`, `login`, `password`) VALUES (976, 'cpickwellr3', 0x566C384E7275);
INSERT INTO `ocpizza`.`account` (`id`, `login`, `password`) VALUES (977, 'kwinslettr4', 0x42785157543944327975);
INSERT INTO `ocpizza`.`account` (`id`, `login`, `password`) VALUES (978, 'dmaciejar5', 0x7539636F5A6A504B7046686F);
INSERT INTO `ocpizza`.`account` (`id`, `login`, `password`) VALUES (979, 'sfraynr6', 0x6A5477664951);
INSERT INTO `ocpizza`.`account` (`id`, `login`, `password`) VALUES (980, 'ikieldr7', 0x3534525A4C7263745536);
INSERT INTO `ocpizza`.`account` (`id`, `login`, `password`) VALUES (981, 'dstintonr8', 0x5433304F6237395079);
INSERT INTO `ocpizza`.`account` (`id`, `login`, `password`) VALUES (982, 'dnunesnabarror9', 0x486C34636476465850);
INSERT INTO `ocpizza`.`account` (`id`, `login`, `password`) VALUES (983, 'tbengtsonra', 0x316276316663);
INSERT INTO `ocpizza`.`account` (`id`, `login`, `password`) VALUES (984, 'jrowdenrb', 0x386F435857756458);
INSERT INTO `ocpizza`.`account` (`id`, `login`, `password`) VALUES (985, 'apaulatrc', 0x6C593565574334);
INSERT INTO `ocpizza`.`account` (`id`, `login`, `password`) VALUES (986, 'mwhitewoodrd', 0x67475748345675);
INSERT INTO `ocpizza`.`account` (`id`, `login`, `password`) VALUES (987, 'jvaggsre', 0x7173447865396E4A41355177);
INSERT INTO `ocpizza`.`account` (`id`, `login`, `password`) VALUES (988, 'bdwyrrf', 0x65457361776C6E55733269);
INSERT INTO `ocpizza`.`account` (`id`, `login`, `password`) VALUES (989, 'jspontonrg', 0x7567493644766349);
INSERT INTO `ocpizza`.`account` (`id`, `login`, `password`) VALUES (990, 'sbaudinsrh', 0x5658584A33674A);
INSERT INTO `ocpizza`.`account` (`id`, `login`, `password`) VALUES (991, 'fzywickiri', 0x6B4A37356569626232);
INSERT INTO `ocpizza`.`account` (`id`, `login`, `password`) VALUES (992, 'ymaccaguerj', 0x74517038634C);
INSERT INTO `ocpizza`.`account` (`id`, `login`, `password`) VALUES (993, 'kbrainrk', 0x6B3859634F6650304967);
INSERT INTO `ocpizza`.`account` (`id`, `login`, `password`) VALUES (994, 'pcoolbearrl', 0x5369384B68574A51454831);
INSERT INTO `ocpizza`.`account` (`id`, `login`, `password`) VALUES (995, 'bmackellarrm', 0x4F435A38576473);
INSERT INTO `ocpizza`.`account` (`id`, `login`, `password`) VALUES (996, 'mbrunarn', 0x67764534726C3651786774);
INSERT INTO `ocpizza`.`account` (`id`, `login`, `password`) VALUES (997, 'bjoutapaviciusro', 0x69355455575A416F4F347A61);
INSERT INTO `ocpizza`.`account` (`id`, `login`, `password`) VALUES (998, 'wbridgemanrp', 0x75626A395368413363);
INSERT INTO `ocpizza`.`account` (`id`, `login`, `password`) VALUES (999, 'aridwoodrq', 0x3552355A51674D6D42);
INSERT INTO `ocpizza`.`account` (`id`, `login`, `password`) VALUES (1000, 'bnatwickrr', 0x354530586338635775374253);

COMMIT;


-- -----------------------------------------------------
-- Data for table `ocpizza`.`person`
-- -----------------------------------------------------
START TRANSACTION;
USE `ocpizza`;
INSERT INTO `ocpizza`.`person` (`id`, `first_name`, `last_name`, `account_id`, `contact_id`) VALUES (1, 'Rose', 'Ballister', 605, 785);
INSERT INTO `ocpizza`.`person` (`id`, `first_name`, `last_name`, `account_id`, `contact_id`) VALUES (2, 'Jard', 'Duncklee', 430, 668);
INSERT INTO `ocpizza`.`person` (`id`, `first_name`, `last_name`, `account_id`, `contact_id`) VALUES (3, 'Jory', 'Helsby', 774, 687);
INSERT INTO `ocpizza`.`person` (`id`, `first_name`, `last_name`, `account_id`, `contact_id`) VALUES (4, 'Gail', 'Pellitt', 171, 239);
INSERT INTO `ocpizza`.`person` (`id`, `first_name`, `last_name`, `account_id`, `contact_id`) VALUES (5, 'Jere', 'Champe', 102, 93);
INSERT INTO `ocpizza`.`person` (`id`, `first_name`, `last_name`, `account_id`, `contact_id`) VALUES (6, 'Kinna', 'Durkin', 672, 944);
INSERT INTO `ocpizza`.`person` (`id`, `first_name`, `last_name`, `account_id`, `contact_id`) VALUES (7, 'Adelice', 'Orhrt', 253, 791);
INSERT INTO `ocpizza`.`person` (`id`, `first_name`, `last_name`, `account_id`, `contact_id`) VALUES (8, 'Shaughn', 'Heyworth', 534, 187);
INSERT INTO `ocpizza`.`person` (`id`, `first_name`, `last_name`, `account_id`, `contact_id`) VALUES (9, 'Romola', 'Pechacek', 102, 209);
INSERT INTO `ocpizza`.`person` (`id`, `first_name`, `last_name`, `account_id`, `contact_id`) VALUES (10, 'Deb', 'Kimber', 930, 487);
INSERT INTO `ocpizza`.`person` (`id`, `first_name`, `last_name`, `account_id`, `contact_id`) VALUES (11, 'Gail', 'Kenrick', 766, 931);
INSERT INTO `ocpizza`.`person` (`id`, `first_name`, `last_name`, `account_id`, `contact_id`) VALUES (12, 'Claudie', 'Posnette', 28, 622);
INSERT INTO `ocpizza`.`person` (`id`, `first_name`, `last_name`, `account_id`, `contact_id`) VALUES (13, 'Mayne', 'Waind', 693, 308);
INSERT INTO `ocpizza`.`person` (`id`, `first_name`, `last_name`, `account_id`, `contact_id`) VALUES (14, 'Eugenie', 'Alcock', 11, 905);
INSERT INTO `ocpizza`.`person` (`id`, `first_name`, `last_name`, `account_id`, `contact_id`) VALUES (15, 'Roselle', 'Brabham', 643, 561);
INSERT INTO `ocpizza`.`person` (`id`, `first_name`, `last_name`, `account_id`, `contact_id`) VALUES (16, 'Farleigh', 'Budgen', 148, 252);
INSERT INTO `ocpizza`.`person` (`id`, `first_name`, `last_name`, `account_id`, `contact_id`) VALUES (17, 'Lebbie', 'Perrelli', 566, 612);
INSERT INTO `ocpizza`.`person` (`id`, `first_name`, `last_name`, `account_id`, `contact_id`) VALUES (18, 'Bay', 'Vaughton', 814, 359);
INSERT INTO `ocpizza`.`person` (`id`, `first_name`, `last_name`, `account_id`, `contact_id`) VALUES (19, 'Norri', 'Hancock', 715, 174);
INSERT INTO `ocpizza`.`person` (`id`, `first_name`, `last_name`, `account_id`, `contact_id`) VALUES (20, 'Caron', 'Caillou', 19, 415);
INSERT INTO `ocpizza`.`person` (`id`, `first_name`, `last_name`, `account_id`, `contact_id`) VALUES (21, 'Doyle', 'Clotworthy', 150, 420);
INSERT INTO `ocpizza`.`person` (`id`, `first_name`, `last_name`, `account_id`, `contact_id`) VALUES (22, 'Shell', 'O\'Dogherty', 125, 920);
INSERT INTO `ocpizza`.`person` (`id`, `first_name`, `last_name`, `account_id`, `contact_id`) VALUES (23, 'Lenard', 'Merill', 941, 63);
INSERT INTO `ocpizza`.`person` (`id`, `first_name`, `last_name`, `account_id`, `contact_id`) VALUES (24, 'Krispin', 'Wethered', 455, 780);
INSERT INTO `ocpizza`.`person` (`id`, `first_name`, `last_name`, `account_id`, `contact_id`) VALUES (25, 'Danyette', 'Penylton', 784, 706);
INSERT INTO `ocpizza`.`person` (`id`, `first_name`, `last_name`, `account_id`, `contact_id`) VALUES (26, 'Ardelis', 'Stott', 417, 590);
INSERT INTO `ocpizza`.`person` (`id`, `first_name`, `last_name`, `account_id`, `contact_id`) VALUES (27, 'Woody', 'Fifield', 362, 188);
INSERT INTO `ocpizza`.`person` (`id`, `first_name`, `last_name`, `account_id`, `contact_id`) VALUES (28, 'Fitzgerald', 'Brimley', 893, 19);
INSERT INTO `ocpizza`.`person` (`id`, `first_name`, `last_name`, `account_id`, `contact_id`) VALUES (29, 'Alayne', 'Wonfar', 662, 280);
INSERT INTO `ocpizza`.`person` (`id`, `first_name`, `last_name`, `account_id`, `contact_id`) VALUES (30, 'Padraic', 'Elkins', 626, 316);
INSERT INTO `ocpizza`.`person` (`id`, `first_name`, `last_name`, `account_id`, `contact_id`) VALUES (31, 'Alfreda', 'Maunder', 229, 279);
INSERT INTO `ocpizza`.`person` (`id`, `first_name`, `last_name`, `account_id`, `contact_id`) VALUES (32, 'Jesse', 'Athersmith', 962, 154);
INSERT INTO `ocpizza`.`person` (`id`, `first_name`, `last_name`, `account_id`, `contact_id`) VALUES (33, 'Emilia', 'Peatheyjohns', 865, 500);
INSERT INTO `ocpizza`.`person` (`id`, `first_name`, `last_name`, `account_id`, `contact_id`) VALUES (34, 'Eberhard', 'McRobb', 132, 668);
INSERT INTO `ocpizza`.`person` (`id`, `first_name`, `last_name`, `account_id`, `contact_id`) VALUES (35, 'Alisa', 'Semour', 680, 952);
INSERT INTO `ocpizza`.`person` (`id`, `first_name`, `last_name`, `account_id`, `contact_id`) VALUES (36, 'Mile', 'Plaide', 621, 260);
INSERT INTO `ocpizza`.`person` (`id`, `first_name`, `last_name`, `account_id`, `contact_id`) VALUES (37, 'Esmeralda', 'Bury', 271, 719);
INSERT INTO `ocpizza`.`person` (`id`, `first_name`, `last_name`, `account_id`, `contact_id`) VALUES (38, 'Netta', 'Langthorn', 21, 182);
INSERT INTO `ocpizza`.`person` (`id`, `first_name`, `last_name`, `account_id`, `contact_id`) VALUES (39, 'Kristos', 'O\'Scandall', 524, 745);
INSERT INTO `ocpizza`.`person` (`id`, `first_name`, `last_name`, `account_id`, `contact_id`) VALUES (40, 'Ketti', 'Winslade', 172, 288);
INSERT INTO `ocpizza`.`person` (`id`, `first_name`, `last_name`, `account_id`, `contact_id`) VALUES (41, 'Dodie', 'Aldhouse', 633, 582);
INSERT INTO `ocpizza`.`person` (`id`, `first_name`, `last_name`, `account_id`, `contact_id`) VALUES (42, 'Faber', 'Prescott', 79, 505);
INSERT INTO `ocpizza`.`person` (`id`, `first_name`, `last_name`, `account_id`, `contact_id`) VALUES (43, 'Regina', 'Extence', 17, 36);
INSERT INTO `ocpizza`.`person` (`id`, `first_name`, `last_name`, `account_id`, `contact_id`) VALUES (44, 'Erie', 'Grzelak', 445, 985);
INSERT INTO `ocpizza`.`person` (`id`, `first_name`, `last_name`, `account_id`, `contact_id`) VALUES (45, 'Lyndy', 'Lindblad', 36, 191);
INSERT INTO `ocpizza`.`person` (`id`, `first_name`, `last_name`, `account_id`, `contact_id`) VALUES (46, 'Jarret', 'Kopfen', 89, 753);
INSERT INTO `ocpizza`.`person` (`id`, `first_name`, `last_name`, `account_id`, `contact_id`) VALUES (47, 'Dougy', 'Kitchaside', 923, 397);
INSERT INTO `ocpizza`.`person` (`id`, `first_name`, `last_name`, `account_id`, `contact_id`) VALUES (48, 'Beverlee', 'Mulligan', 597, 336);
INSERT INTO `ocpizza`.`person` (`id`, `first_name`, `last_name`, `account_id`, `contact_id`) VALUES (49, 'Dory', 'Maiklem', 231, 430);
INSERT INTO `ocpizza`.`person` (`id`, `first_name`, `last_name`, `account_id`, `contact_id`) VALUES (50, 'Elvin', 'Itzakovitz', 820, 40);
INSERT INTO `ocpizza`.`person` (`id`, `first_name`, `last_name`, `account_id`, `contact_id`) VALUES (51, 'Terrence', 'Minear', 879, 57);
INSERT INTO `ocpizza`.`person` (`id`, `first_name`, `last_name`, `account_id`, `contact_id`) VALUES (52, 'Barnabe', 'Blaze', 243, 718);
INSERT INTO `ocpizza`.`person` (`id`, `first_name`, `last_name`, `account_id`, `contact_id`) VALUES (53, 'Akim', 'Reburn', 890, 419);
INSERT INTO `ocpizza`.`person` (`id`, `first_name`, `last_name`, `account_id`, `contact_id`) VALUES (54, 'Dolly', 'Noell', 670, 73);
INSERT INTO `ocpizza`.`person` (`id`, `first_name`, `last_name`, `account_id`, `contact_id`) VALUES (55, 'Worthington', 'Langworthy', 251, 630);
INSERT INTO `ocpizza`.`person` (`id`, `first_name`, `last_name`, `account_id`, `contact_id`) VALUES (56, 'Vernice', 'L\'oiseau', 756, 282);
INSERT INTO `ocpizza`.`person` (`id`, `first_name`, `last_name`, `account_id`, `contact_id`) VALUES (57, 'Rozanna', 'Kirdsch', 908, 772);
INSERT INTO `ocpizza`.`person` (`id`, `first_name`, `last_name`, `account_id`, `contact_id`) VALUES (58, 'Mathew', 'McGuiney', 126, 381);
INSERT INTO `ocpizza`.`person` (`id`, `first_name`, `last_name`, `account_id`, `contact_id`) VALUES (59, 'Steward', 'Bastock', 894, 943);
INSERT INTO `ocpizza`.`person` (`id`, `first_name`, `last_name`, `account_id`, `contact_id`) VALUES (60, 'Cayla', 'Otterwell', 326, 128);
INSERT INTO `ocpizza`.`person` (`id`, `first_name`, `last_name`, `account_id`, `contact_id`) VALUES (61, 'Dorita', 'Godfroy', 85, 330);
INSERT INTO `ocpizza`.`person` (`id`, `first_name`, `last_name`, `account_id`, `contact_id`) VALUES (62, 'Corly', 'Strelitzer', 952, 991);
INSERT INTO `ocpizza`.`person` (`id`, `first_name`, `last_name`, `account_id`, `contact_id`) VALUES (63, 'Dix', 'Birk', 376, 725);
INSERT INTO `ocpizza`.`person` (`id`, `first_name`, `last_name`, `account_id`, `contact_id`) VALUES (64, 'Gale', 'Pennuzzi', 367, 256);
INSERT INTO `ocpizza`.`person` (`id`, `first_name`, `last_name`, `account_id`, `contact_id`) VALUES (65, 'Angeli', 'Fieldstone', 69, 25);
INSERT INTO `ocpizza`.`person` (`id`, `first_name`, `last_name`, `account_id`, `contact_id`) VALUES (66, 'Janeva', 'Rosewall', 1, 154);
INSERT INTO `ocpizza`.`person` (`id`, `first_name`, `last_name`, `account_id`, `contact_id`) VALUES (67, 'Elston', 'Shrubsall', 780, 360);
INSERT INTO `ocpizza`.`person` (`id`, `first_name`, `last_name`, `account_id`, `contact_id`) VALUES (68, 'Reagan', 'Checcuzzi', 388, 960);
INSERT INTO `ocpizza`.`person` (`id`, `first_name`, `last_name`, `account_id`, `contact_id`) VALUES (69, 'Thayne', 'Cannell', 862, 282);
INSERT INTO `ocpizza`.`person` (`id`, `first_name`, `last_name`, `account_id`, `contact_id`) VALUES (70, 'Shirl', 'McKane', 498, 443);
INSERT INTO `ocpizza`.`person` (`id`, `first_name`, `last_name`, `account_id`, `contact_id`) VALUES (71, 'Maryl', 'Kaesmans', 172, 475);
INSERT INTO `ocpizza`.`person` (`id`, `first_name`, `last_name`, `account_id`, `contact_id`) VALUES (72, 'Briggs', 'Twelves', 71, 776);
INSERT INTO `ocpizza`.`person` (`id`, `first_name`, `last_name`, `account_id`, `contact_id`) VALUES (73, 'Ogdon', 'Crome', 465, 642);
INSERT INTO `ocpizza`.`person` (`id`, `first_name`, `last_name`, `account_id`, `contact_id`) VALUES (74, 'Eldredge', 'McKissack', 164, 665);
INSERT INTO `ocpizza`.`person` (`id`, `first_name`, `last_name`, `account_id`, `contact_id`) VALUES (75, 'Panchito', 'Goulston', 540, 817);
INSERT INTO `ocpizza`.`person` (`id`, `first_name`, `last_name`, `account_id`, `contact_id`) VALUES (76, 'Kelcey', 'Pauer', 996, 689);
INSERT INTO `ocpizza`.`person` (`id`, `first_name`, `last_name`, `account_id`, `contact_id`) VALUES (77, 'Dorisa', 'Boarder', 708, 987);
INSERT INTO `ocpizza`.`person` (`id`, `first_name`, `last_name`, `account_id`, `contact_id`) VALUES (78, 'Eilis', 'Dottridge', 250, 611);
INSERT INTO `ocpizza`.`person` (`id`, `first_name`, `last_name`, `account_id`, `contact_id`) VALUES (79, 'Electra', 'Willarton', 427, 494);
INSERT INTO `ocpizza`.`person` (`id`, `first_name`, `last_name`, `account_id`, `contact_id`) VALUES (80, 'Carrie', 'McNally', 871, 478);
INSERT INTO `ocpizza`.`person` (`id`, `first_name`, `last_name`, `account_id`, `contact_id`) VALUES (81, 'Zonda', 'Oxtiby', 881, 416);
INSERT INTO `ocpizza`.`person` (`id`, `first_name`, `last_name`, `account_id`, `contact_id`) VALUES (82, 'Jane', 'Penritt', 244, 825);
INSERT INTO `ocpizza`.`person` (`id`, `first_name`, `last_name`, `account_id`, `contact_id`) VALUES (83, 'Lola', 'Waddilove', 933, 383);
INSERT INTO `ocpizza`.`person` (`id`, `first_name`, `last_name`, `account_id`, `contact_id`) VALUES (84, 'Eba', 'Gerhts', 309, 674);
INSERT INTO `ocpizza`.`person` (`id`, `first_name`, `last_name`, `account_id`, `contact_id`) VALUES (85, 'Evangelia', 'Tollit', 771, 541);
INSERT INTO `ocpizza`.`person` (`id`, `first_name`, `last_name`, `account_id`, `contact_id`) VALUES (86, 'Cobbie', 'Lapenna', 444, 325);
INSERT INTO `ocpizza`.`person` (`id`, `first_name`, `last_name`, `account_id`, `contact_id`) VALUES (87, 'Arline', 'Varndell', 254, 37);
INSERT INTO `ocpizza`.`person` (`id`, `first_name`, `last_name`, `account_id`, `contact_id`) VALUES (88, 'Leanna', 'Adolfson', 214, 975);
INSERT INTO `ocpizza`.`person` (`id`, `first_name`, `last_name`, `account_id`, `contact_id`) VALUES (89, 'Moyna', 'Chinnery', 594, 965);
INSERT INTO `ocpizza`.`person` (`id`, `first_name`, `last_name`, `account_id`, `contact_id`) VALUES (90, 'Aloisia', 'Peagrim', 439, 587);
INSERT INTO `ocpizza`.`person` (`id`, `first_name`, `last_name`, `account_id`, `contact_id`) VALUES (91, 'Feodora', 'Benck', 174, 373);
INSERT INTO `ocpizza`.`person` (`id`, `first_name`, `last_name`, `account_id`, `contact_id`) VALUES (92, 'Bette-ann', 'Lowell', 968, 331);
INSERT INTO `ocpizza`.`person` (`id`, `first_name`, `last_name`, `account_id`, `contact_id`) VALUES (93, 'Haleigh', 'Tregien', 188, 590);
INSERT INTO `ocpizza`.`person` (`id`, `first_name`, `last_name`, `account_id`, `contact_id`) VALUES (94, 'Dom', 'Drexel', 332, 802);
INSERT INTO `ocpizza`.`person` (`id`, `first_name`, `last_name`, `account_id`, `contact_id`) VALUES (95, 'Emmeline', 'Goodhand', 824, 503);
INSERT INTO `ocpizza`.`person` (`id`, `first_name`, `last_name`, `account_id`, `contact_id`) VALUES (96, 'Jaquelin', 'Blaxlande', 323, 151);
INSERT INTO `ocpizza`.`person` (`id`, `first_name`, `last_name`, `account_id`, `contact_id`) VALUES (97, 'Branden', 'Yegorkin', 50, 298);
INSERT INTO `ocpizza`.`person` (`id`, `first_name`, `last_name`, `account_id`, `contact_id`) VALUES (98, 'Daveta', 'Almak', 267, 474);
INSERT INTO `ocpizza`.`person` (`id`, `first_name`, `last_name`, `account_id`, `contact_id`) VALUES (99, 'Grady', 'Hubner', 431, 956);
INSERT INTO `ocpizza`.`person` (`id`, `first_name`, `last_name`, `account_id`, `contact_id`) VALUES (100, 'Timothy', 'Readett', 994, 304);
INSERT INTO `ocpizza`.`person` (`id`, `first_name`, `last_name`, `account_id`, `contact_id`) VALUES (101, 'Walker', 'Hollibone', 527, 63);
INSERT INTO `ocpizza`.`person` (`id`, `first_name`, `last_name`, `account_id`, `contact_id`) VALUES (102, 'Teddie', 'McGibbon', 582, 642);
INSERT INTO `ocpizza`.`person` (`id`, `first_name`, `last_name`, `account_id`, `contact_id`) VALUES (103, 'Robby', 'Anscott', 207, 381);
INSERT INTO `ocpizza`.`person` (`id`, `first_name`, `last_name`, `account_id`, `contact_id`) VALUES (104, 'Karlens', 'Tapley', 651, 198);
INSERT INTO `ocpizza`.`person` (`id`, `first_name`, `last_name`, `account_id`, `contact_id`) VALUES (105, 'Kinny', 'Cuerdall', 5, 245);
INSERT INTO `ocpizza`.`person` (`id`, `first_name`, `last_name`, `account_id`, `contact_id`) VALUES (106, 'Pat', 'Karpf', 226, 405);
INSERT INTO `ocpizza`.`person` (`id`, `first_name`, `last_name`, `account_id`, `contact_id`) VALUES (107, 'Iolande', 'Leng', 819, 937);
INSERT INTO `ocpizza`.`person` (`id`, `first_name`, `last_name`, `account_id`, `contact_id`) VALUES (108, 'Cristine', 'Goaks', 555, 739);
INSERT INTO `ocpizza`.`person` (`id`, `first_name`, `last_name`, `account_id`, `contact_id`) VALUES (109, 'Emlen', 'Franschini', 168, 382);
INSERT INTO `ocpizza`.`person` (`id`, `first_name`, `last_name`, `account_id`, `contact_id`) VALUES (110, 'Gillan', 'Ratnege', 190, 490);
INSERT INTO `ocpizza`.`person` (`id`, `first_name`, `last_name`, `account_id`, `contact_id`) VALUES (111, 'Krispin', 'Mignot', 656, 710);
INSERT INTO `ocpizza`.`person` (`id`, `first_name`, `last_name`, `account_id`, `contact_id`) VALUES (112, 'Devland', 'Kiddell', 972, 185);
INSERT INTO `ocpizza`.`person` (`id`, `first_name`, `last_name`, `account_id`, `contact_id`) VALUES (113, 'Kathie', 'Gardiner', 899, 239);
INSERT INTO `ocpizza`.`person` (`id`, `first_name`, `last_name`, `account_id`, `contact_id`) VALUES (114, 'Wenona', 'Kesley', 564, 718);
INSERT INTO `ocpizza`.`person` (`id`, `first_name`, `last_name`, `account_id`, `contact_id`) VALUES (115, 'Wilhelm', 'Catcherside', 774, 446);
INSERT INTO `ocpizza`.`person` (`id`, `first_name`, `last_name`, `account_id`, `contact_id`) VALUES (116, 'Marguerite', 'Forgan', 64, 773);
INSERT INTO `ocpizza`.`person` (`id`, `first_name`, `last_name`, `account_id`, `contact_id`) VALUES (117, 'Gabrila', 'Vescovo', 784, 50);
INSERT INTO `ocpizza`.`person` (`id`, `first_name`, `last_name`, `account_id`, `contact_id`) VALUES (118, 'Katerina', 'Birkmyr', 908, 317);
INSERT INTO `ocpizza`.`person` (`id`, `first_name`, `last_name`, `account_id`, `contact_id`) VALUES (119, 'Cecil', 'Lodden', 208, 53);
INSERT INTO `ocpizza`.`person` (`id`, `first_name`, `last_name`, `account_id`, `contact_id`) VALUES (120, 'Carlye', 'Garz', 903, 816);
INSERT INTO `ocpizza`.`person` (`id`, `first_name`, `last_name`, `account_id`, `contact_id`) VALUES (121, 'Gardy', 'Iohananof', 312, 564);
INSERT INTO `ocpizza`.`person` (`id`, `first_name`, `last_name`, `account_id`, `contact_id`) VALUES (122, 'Griswold', 'Hannay', 743, 905);
INSERT INTO `ocpizza`.`person` (`id`, `first_name`, `last_name`, `account_id`, `contact_id`) VALUES (123, 'Gerri', 'Garwell', 643, 506);
INSERT INTO `ocpizza`.`person` (`id`, `first_name`, `last_name`, `account_id`, `contact_id`) VALUES (124, 'Lennard', 'Mauro', 386, 502);
INSERT INTO `ocpizza`.`person` (`id`, `first_name`, `last_name`, `account_id`, `contact_id`) VALUES (125, 'Joann', 'Speerman', 228, 913);
INSERT INTO `ocpizza`.`person` (`id`, `first_name`, `last_name`, `account_id`, `contact_id`) VALUES (126, 'Raimundo', 'Metzke', 130, 281);
INSERT INTO `ocpizza`.`person` (`id`, `first_name`, `last_name`, `account_id`, `contact_id`) VALUES (127, 'Giuditta', 'Anand', 326, 426);
INSERT INTO `ocpizza`.`person` (`id`, `first_name`, `last_name`, `account_id`, `contact_id`) VALUES (128, 'Matthus', 'Burberry', 832, 109);
INSERT INTO `ocpizza`.`person` (`id`, `first_name`, `last_name`, `account_id`, `contact_id`) VALUES (129, 'Gussie', 'Bance', 619, 830);
INSERT INTO `ocpizza`.`person` (`id`, `first_name`, `last_name`, `account_id`, `contact_id`) VALUES (130, 'Corette', 'Bindon', 226, 76);
INSERT INTO `ocpizza`.`person` (`id`, `first_name`, `last_name`, `account_id`, `contact_id`) VALUES (131, 'Haven', 'Di Francesco', 872, 256);
INSERT INTO `ocpizza`.`person` (`id`, `first_name`, `last_name`, `account_id`, `contact_id`) VALUES (132, 'Nolana', 'Iorns', 250, 652);
INSERT INTO `ocpizza`.`person` (`id`, `first_name`, `last_name`, `account_id`, `contact_id`) VALUES (133, 'Deerdre', 'Malins', 898, 418);
INSERT INTO `ocpizza`.`person` (`id`, `first_name`, `last_name`, `account_id`, `contact_id`) VALUES (134, 'Gilberte', 'Bauldry', 465, 901);
INSERT INTO `ocpizza`.`person` (`id`, `first_name`, `last_name`, `account_id`, `contact_id`) VALUES (135, 'Jenn', 'Leap', 227, 340);
INSERT INTO `ocpizza`.`person` (`id`, `first_name`, `last_name`, `account_id`, `contact_id`) VALUES (136, 'Anabel', 'Bircher', 409, 602);
INSERT INTO `ocpizza`.`person` (`id`, `first_name`, `last_name`, `account_id`, `contact_id`) VALUES (137, 'Leeanne', 'Canada', 879, 880);
INSERT INTO `ocpizza`.`person` (`id`, `first_name`, `last_name`, `account_id`, `contact_id`) VALUES (138, 'Arte', 'Trundler', 885, 41);
INSERT INTO `ocpizza`.`person` (`id`, `first_name`, `last_name`, `account_id`, `contact_id`) VALUES (139, 'Adelle', 'Ralls', 347, 552);
INSERT INTO `ocpizza`.`person` (`id`, `first_name`, `last_name`, `account_id`, `contact_id`) VALUES (140, 'Aubry', 'Frude', 854, 385);
INSERT INTO `ocpizza`.`person` (`id`, `first_name`, `last_name`, `account_id`, `contact_id`) VALUES (141, 'Merle', 'Elstub', 514, 200);
INSERT INTO `ocpizza`.`person` (`id`, `first_name`, `last_name`, `account_id`, `contact_id`) VALUES (142, 'Freddie', 'Ropkes', 240, 481);
INSERT INTO `ocpizza`.`person` (`id`, `first_name`, `last_name`, `account_id`, `contact_id`) VALUES (143, 'Cliff', 'Peyto', 414, 599);
INSERT INTO `ocpizza`.`person` (`id`, `first_name`, `last_name`, `account_id`, `contact_id`) VALUES (144, 'Tore', 'Doy', 102, 531);
INSERT INTO `ocpizza`.`person` (`id`, `first_name`, `last_name`, `account_id`, `contact_id`) VALUES (145, 'Cleon', 'Clardge', 652, 479);
INSERT INTO `ocpizza`.`person` (`id`, `first_name`, `last_name`, `account_id`, `contact_id`) VALUES (146, 'Rafaellle', 'Belly', 447, 49);
INSERT INTO `ocpizza`.`person` (`id`, `first_name`, `last_name`, `account_id`, `contact_id`) VALUES (147, 'Gauthier', 'Kiddey', 640, 235);
INSERT INTO `ocpizza`.`person` (`id`, `first_name`, `last_name`, `account_id`, `contact_id`) VALUES (148, 'Ronda', 'Mazzeo', 313, 33);
INSERT INTO `ocpizza`.`person` (`id`, `first_name`, `last_name`, `account_id`, `contact_id`) VALUES (149, 'Darda', 'Harral', 674, 146);
INSERT INTO `ocpizza`.`person` (`id`, `first_name`, `last_name`, `account_id`, `contact_id`) VALUES (150, 'Victoir', 'Hew', 876, 672);
INSERT INTO `ocpizza`.`person` (`id`, `first_name`, `last_name`, `account_id`, `contact_id`) VALUES (151, 'Dael', 'Churchill', 876, 78);
INSERT INTO `ocpizza`.`person` (`id`, `first_name`, `last_name`, `account_id`, `contact_id`) VALUES (152, 'Tonie', 'Lamblin', 641, 864);
INSERT INTO `ocpizza`.`person` (`id`, `first_name`, `last_name`, `account_id`, `contact_id`) VALUES (153, 'Binny', 'Wibrew', 789, 753);
INSERT INTO `ocpizza`.`person` (`id`, `first_name`, `last_name`, `account_id`, `contact_id`) VALUES (154, 'Franciskus', 'Huggens', 935, 17);
INSERT INTO `ocpizza`.`person` (`id`, `first_name`, `last_name`, `account_id`, `contact_id`) VALUES (155, 'Julie', 'Learmont', 77, 918);
INSERT INTO `ocpizza`.`person` (`id`, `first_name`, `last_name`, `account_id`, `contact_id`) VALUES (156, 'Carena', 'Sikorsky', 357, 995);
INSERT INTO `ocpizza`.`person` (`id`, `first_name`, `last_name`, `account_id`, `contact_id`) VALUES (157, 'Nari', 'Naden', 355, 867);
INSERT INTO `ocpizza`.`person` (`id`, `first_name`, `last_name`, `account_id`, `contact_id`) VALUES (158, 'Costa', 'Kewley', 920, 60);
INSERT INTO `ocpizza`.`person` (`id`, `first_name`, `last_name`, `account_id`, `contact_id`) VALUES (159, 'Rubia', 'Lowles', 509, 783);
INSERT INTO `ocpizza`.`person` (`id`, `first_name`, `last_name`, `account_id`, `contact_id`) VALUES (160, 'Robbin', 'Rate', 833, 749);
INSERT INTO `ocpizza`.`person` (`id`, `first_name`, `last_name`, `account_id`, `contact_id`) VALUES (161, 'Sidonia', 'Voase', 186, 846);
INSERT INTO `ocpizza`.`person` (`id`, `first_name`, `last_name`, `account_id`, `contact_id`) VALUES (162, 'Maren', 'Kivelhan', 962, 950);
INSERT INTO `ocpizza`.`person` (`id`, `first_name`, `last_name`, `account_id`, `contact_id`) VALUES (163, 'Teena', 'Saiens', 316, 924);
INSERT INTO `ocpizza`.`person` (`id`, `first_name`, `last_name`, `account_id`, `contact_id`) VALUES (164, 'Glenn', 'Sarle', 852, 528);
INSERT INTO `ocpizza`.`person` (`id`, `first_name`, `last_name`, `account_id`, `contact_id`) VALUES (165, 'Barbra', 'Sturges', 17, 220);
INSERT INTO `ocpizza`.`person` (`id`, `first_name`, `last_name`, `account_id`, `contact_id`) VALUES (166, 'Sandra', 'Purton', 725, 577);
INSERT INTO `ocpizza`.`person` (`id`, `first_name`, `last_name`, `account_id`, `contact_id`) VALUES (167, 'Gerri', 'Giffaut', 614, 430);
INSERT INTO `ocpizza`.`person` (`id`, `first_name`, `last_name`, `account_id`, `contact_id`) VALUES (168, 'Maxy', 'Morfell', 562, 772);
INSERT INTO `ocpizza`.`person` (`id`, `first_name`, `last_name`, `account_id`, `contact_id`) VALUES (169, 'Dorothea', 'Barnewelle', 799, 975);
INSERT INTO `ocpizza`.`person` (`id`, `first_name`, `last_name`, `account_id`, `contact_id`) VALUES (170, 'Sella', 'Thumann', 138, 78);
INSERT INTO `ocpizza`.`person` (`id`, `first_name`, `last_name`, `account_id`, `contact_id`) VALUES (171, 'Karlene', 'Raggett', 967, 414);
INSERT INTO `ocpizza`.`person` (`id`, `first_name`, `last_name`, `account_id`, `contact_id`) VALUES (172, 'Ave', 'Tuckett', 48, 474);
INSERT INTO `ocpizza`.`person` (`id`, `first_name`, `last_name`, `account_id`, `contact_id`) VALUES (173, 'Magdalen', 'Grube', 805, 279);
INSERT INTO `ocpizza`.`person` (`id`, `first_name`, `last_name`, `account_id`, `contact_id`) VALUES (174, 'Lorain', 'Trowle', 53, 647);
INSERT INTO `ocpizza`.`person` (`id`, `first_name`, `last_name`, `account_id`, `contact_id`) VALUES (175, 'Stella', 'Basson', 422, 67);
INSERT INTO `ocpizza`.`person` (`id`, `first_name`, `last_name`, `account_id`, `contact_id`) VALUES (176, 'Brittany', 'Hulett', 206, 498);
INSERT INTO `ocpizza`.`person` (`id`, `first_name`, `last_name`, `account_id`, `contact_id`) VALUES (177, 'Barry', 'Studde', 248, 645);
INSERT INTO `ocpizza`.`person` (`id`, `first_name`, `last_name`, `account_id`, `contact_id`) VALUES (178, 'Elliott', 'Bontine', 252, 293);
INSERT INTO `ocpizza`.`person` (`id`, `first_name`, `last_name`, `account_id`, `contact_id`) VALUES (179, 'Dorree', 'Benaine', 466, 29);
INSERT INTO `ocpizza`.`person` (`id`, `first_name`, `last_name`, `account_id`, `contact_id`) VALUES (180, 'Beckie', 'Feronet', 694, 350);
INSERT INTO `ocpizza`.`person` (`id`, `first_name`, `last_name`, `account_id`, `contact_id`) VALUES (181, 'Galvin', 'Whewell', 795, 827);
INSERT INTO `ocpizza`.`person` (`id`, `first_name`, `last_name`, `account_id`, `contact_id`) VALUES (182, 'Atalanta', 'Powdrill', 933, 58);
INSERT INTO `ocpizza`.`person` (`id`, `first_name`, `last_name`, `account_id`, `contact_id`) VALUES (183, 'Brady', 'Kinnin', 666, 800);
INSERT INTO `ocpizza`.`person` (`id`, `first_name`, `last_name`, `account_id`, `contact_id`) VALUES (184, 'Linell', 'Ownsworth', 319, 14);
INSERT INTO `ocpizza`.`person` (`id`, `first_name`, `last_name`, `account_id`, `contact_id`) VALUES (185, 'Raine', 'Gyngell', 486, 20);
INSERT INTO `ocpizza`.`person` (`id`, `first_name`, `last_name`, `account_id`, `contact_id`) VALUES (186, 'Linea', 'Lowthian', 870, 845);
INSERT INTO `ocpizza`.`person` (`id`, `first_name`, `last_name`, `account_id`, `contact_id`) VALUES (187, 'Christian', 'Biasioli', 416, 612);
INSERT INTO `ocpizza`.`person` (`id`, `first_name`, `last_name`, `account_id`, `contact_id`) VALUES (188, 'Leone', 'Foulgham', 33, 188);
INSERT INTO `ocpizza`.`person` (`id`, `first_name`, `last_name`, `account_id`, `contact_id`) VALUES (189, 'Jeff', 'Lyndon', 947, 555);
INSERT INTO `ocpizza`.`person` (`id`, `first_name`, `last_name`, `account_id`, `contact_id`) VALUES (190, 'Nerti', 'Antoons', 443, 79);
INSERT INTO `ocpizza`.`person` (`id`, `first_name`, `last_name`, `account_id`, `contact_id`) VALUES (191, 'Michelina', 'Knivett', 444, 430);
INSERT INTO `ocpizza`.`person` (`id`, `first_name`, `last_name`, `account_id`, `contact_id`) VALUES (192, 'Dara', 'Geindre', 311, 298);
INSERT INTO `ocpizza`.`person` (`id`, `first_name`, `last_name`, `account_id`, `contact_id`) VALUES (193, 'Edmund', 'Iwanowicz', 329, 987);
INSERT INTO `ocpizza`.`person` (`id`, `first_name`, `last_name`, `account_id`, `contact_id`) VALUES (194, 'Tatiania', 'Bergeau', 325, 147);
INSERT INTO `ocpizza`.`person` (`id`, `first_name`, `last_name`, `account_id`, `contact_id`) VALUES (195, 'Raynor', 'De Courtney', 472, 804);
INSERT INTO `ocpizza`.`person` (`id`, `first_name`, `last_name`, `account_id`, `contact_id`) VALUES (196, 'Anneliese', 'Toseland', 361, 392);
INSERT INTO `ocpizza`.`person` (`id`, `first_name`, `last_name`, `account_id`, `contact_id`) VALUES (197, 'Normy', 'Zanioletti', 981, 732);
INSERT INTO `ocpizza`.`person` (`id`, `first_name`, `last_name`, `account_id`, `contact_id`) VALUES (198, 'Constantine', 'Cutajar', 208, 966);
INSERT INTO `ocpizza`.`person` (`id`, `first_name`, `last_name`, `account_id`, `contact_id`) VALUES (199, 'Deanne', 'McKirdy', 74, 841);
INSERT INTO `ocpizza`.`person` (`id`, `first_name`, `last_name`, `account_id`, `contact_id`) VALUES (200, 'Sallee', 'Inwood', 630, 422);
INSERT INTO `ocpizza`.`person` (`id`, `first_name`, `last_name`, `account_id`, `contact_id`) VALUES (201, 'Katy', 'Vondra', 296, 6);
INSERT INTO `ocpizza`.`person` (`id`, `first_name`, `last_name`, `account_id`, `contact_id`) VALUES (202, 'Julie', 'Ranshaw', 950, 651);
INSERT INTO `ocpizza`.`person` (`id`, `first_name`, `last_name`, `account_id`, `contact_id`) VALUES (203, 'Amerigo', 'Vamplus', 903, 245);
INSERT INTO `ocpizza`.`person` (`id`, `first_name`, `last_name`, `account_id`, `contact_id`) VALUES (204, 'Mackenzie', 'Boothebie', 759, 60);
INSERT INTO `ocpizza`.`person` (`id`, `first_name`, `last_name`, `account_id`, `contact_id`) VALUES (205, 'Jackson', 'Maplethorp', 963, 119);
INSERT INTO `ocpizza`.`person` (`id`, `first_name`, `last_name`, `account_id`, `contact_id`) VALUES (206, 'Mic', 'Teesdale', 600, 925);
INSERT INTO `ocpizza`.`person` (`id`, `first_name`, `last_name`, `account_id`, `contact_id`) VALUES (207, 'Merralee', 'Kervin', 290, 85);
INSERT INTO `ocpizza`.`person` (`id`, `first_name`, `last_name`, `account_id`, `contact_id`) VALUES (208, 'Vitoria', 'McGeouch', 36, 553);
INSERT INTO `ocpizza`.`person` (`id`, `first_name`, `last_name`, `account_id`, `contact_id`) VALUES (209, 'Maxie', 'Ismirnioglou', 326, 263);
INSERT INTO `ocpizza`.`person` (`id`, `first_name`, `last_name`, `account_id`, `contact_id`) VALUES (210, 'Marsha', 'Leynagh', 61, 920);
INSERT INTO `ocpizza`.`person` (`id`, `first_name`, `last_name`, `account_id`, `contact_id`) VALUES (211, 'Cyndia', 'Bagott', 796, 671);
INSERT INTO `ocpizza`.`person` (`id`, `first_name`, `last_name`, `account_id`, `contact_id`) VALUES (212, 'Frankie', 'Getch', 662, 257);
INSERT INTO `ocpizza`.`person` (`id`, `first_name`, `last_name`, `account_id`, `contact_id`) VALUES (213, 'Briggs', 'Champney', 995, 466);
INSERT INTO `ocpizza`.`person` (`id`, `first_name`, `last_name`, `account_id`, `contact_id`) VALUES (214, 'Alejandro', 'Indruch', 940, 620);
INSERT INTO `ocpizza`.`person` (`id`, `first_name`, `last_name`, `account_id`, `contact_id`) VALUES (215, 'Nicholle', 'Dysart', 379, 614);
INSERT INTO `ocpizza`.`person` (`id`, `first_name`, `last_name`, `account_id`, `contact_id`) VALUES (216, 'Veriee', 'Mawditt', 170, 591);
INSERT INTO `ocpizza`.`person` (`id`, `first_name`, `last_name`, `account_id`, `contact_id`) VALUES (217, 'Preston', 'Heugle', 109, 736);
INSERT INTO `ocpizza`.`person` (`id`, `first_name`, `last_name`, `account_id`, `contact_id`) VALUES (218, 'Abigail', 'Kleinplac', 120, 983);
INSERT INTO `ocpizza`.`person` (`id`, `first_name`, `last_name`, `account_id`, `contact_id`) VALUES (219, 'Cecily', 'Dobbie', 356, 494);
INSERT INTO `ocpizza`.`person` (`id`, `first_name`, `last_name`, `account_id`, `contact_id`) VALUES (220, 'Tricia', 'Olman', 961, 900);
INSERT INTO `ocpizza`.`person` (`id`, `first_name`, `last_name`, `account_id`, `contact_id`) VALUES (221, 'Clayton', 'Heinzel', 793, 156);
INSERT INTO `ocpizza`.`person` (`id`, `first_name`, `last_name`, `account_id`, `contact_id`) VALUES (222, 'Andre', 'McGeachy', 719, 435);
INSERT INTO `ocpizza`.`person` (`id`, `first_name`, `last_name`, `account_id`, `contact_id`) VALUES (223, 'Nani', 'Shooter', 976, 965);
INSERT INTO `ocpizza`.`person` (`id`, `first_name`, `last_name`, `account_id`, `contact_id`) VALUES (224, 'Alma', 'Brewitt', 280, 138);
INSERT INTO `ocpizza`.`person` (`id`, `first_name`, `last_name`, `account_id`, `contact_id`) VALUES (225, 'Caria', 'Humbee', 550, 562);
INSERT INTO `ocpizza`.`person` (`id`, `first_name`, `last_name`, `account_id`, `contact_id`) VALUES (226, 'Kordula', 'Kunisch', 715, 254);
INSERT INTO `ocpizza`.`person` (`id`, `first_name`, `last_name`, `account_id`, `contact_id`) VALUES (227, 'Harlene', 'Martinon', 744, 432);
INSERT INTO `ocpizza`.`person` (`id`, `first_name`, `last_name`, `account_id`, `contact_id`) VALUES (228, 'Addison', 'Hunnaball', 744, 874);
INSERT INTO `ocpizza`.`person` (`id`, `first_name`, `last_name`, `account_id`, `contact_id`) VALUES (229, 'Tandie', 'Wickens', 782, 246);
INSERT INTO `ocpizza`.`person` (`id`, `first_name`, `last_name`, `account_id`, `contact_id`) VALUES (230, 'Lazar', 'Dri', 767, 320);
INSERT INTO `ocpizza`.`person` (`id`, `first_name`, `last_name`, `account_id`, `contact_id`) VALUES (231, 'Celina', 'Boutellier', 929, 320);
INSERT INTO `ocpizza`.`person` (`id`, `first_name`, `last_name`, `account_id`, `contact_id`) VALUES (232, 'Nels', 'Pink', 471, 826);
INSERT INTO `ocpizza`.`person` (`id`, `first_name`, `last_name`, `account_id`, `contact_id`) VALUES (233, 'Maggee', 'Pury', 967, 383);
INSERT INTO `ocpizza`.`person` (`id`, `first_name`, `last_name`, `account_id`, `contact_id`) VALUES (234, 'Barnie', 'Poll', 915, 514);
INSERT INTO `ocpizza`.`person` (`id`, `first_name`, `last_name`, `account_id`, `contact_id`) VALUES (235, 'Anthe', 'Feander', 700, 506);
INSERT INTO `ocpizza`.`person` (`id`, `first_name`, `last_name`, `account_id`, `contact_id`) VALUES (236, 'Coriss', 'Clemmen', 716, 125);
INSERT INTO `ocpizza`.`person` (`id`, `first_name`, `last_name`, `account_id`, `contact_id`) VALUES (237, 'Abramo', 'Reihm', 353, 762);
INSERT INTO `ocpizza`.`person` (`id`, `first_name`, `last_name`, `account_id`, `contact_id`) VALUES (238, 'Corissa', 'Seamer', 493, 503);
INSERT INTO `ocpizza`.`person` (`id`, `first_name`, `last_name`, `account_id`, `contact_id`) VALUES (239, 'Dennet', 'Seed', 119, 128);
INSERT INTO `ocpizza`.`person` (`id`, `first_name`, `last_name`, `account_id`, `contact_id`) VALUES (240, 'Mace', 'Pfaffel', 893, 68);
INSERT INTO `ocpizza`.`person` (`id`, `first_name`, `last_name`, `account_id`, `contact_id`) VALUES (241, 'Nelia', 'Greated', 237, 850);
INSERT INTO `ocpizza`.`person` (`id`, `first_name`, `last_name`, `account_id`, `contact_id`) VALUES (242, 'Alejandro', 'Di Ruggero', 674, 801);
INSERT INTO `ocpizza`.`person` (`id`, `first_name`, `last_name`, `account_id`, `contact_id`) VALUES (243, 'Maritsa', 'Lukasik', 103, 960);
INSERT INTO `ocpizza`.`person` (`id`, `first_name`, `last_name`, `account_id`, `contact_id`) VALUES (244, 'Roderick', 'Slatcher', 747, 553);
INSERT INTO `ocpizza`.`person` (`id`, `first_name`, `last_name`, `account_id`, `contact_id`) VALUES (245, 'Feliks', 'Swaffer', 17, 648);
INSERT INTO `ocpizza`.`person` (`id`, `first_name`, `last_name`, `account_id`, `contact_id`) VALUES (246, 'Meade', 'Sandom', 236, 575);
INSERT INTO `ocpizza`.`person` (`id`, `first_name`, `last_name`, `account_id`, `contact_id`) VALUES (247, 'Grete', 'McRamsey', 241, 370);
INSERT INTO `ocpizza`.`person` (`id`, `first_name`, `last_name`, `account_id`, `contact_id`) VALUES (248, 'Nikos', 'McKew', 818, 62);
INSERT INTO `ocpizza`.`person` (`id`, `first_name`, `last_name`, `account_id`, `contact_id`) VALUES (249, 'Inglis', 'Renfrew', 555, 51);
INSERT INTO `ocpizza`.`person` (`id`, `first_name`, `last_name`, `account_id`, `contact_id`) VALUES (250, 'Maribeth', 'Amiss', 239, 871);
INSERT INTO `ocpizza`.`person` (`id`, `first_name`, `last_name`, `account_id`, `contact_id`) VALUES (251, 'Jasun', 'Estabrook', 166, 600);
INSERT INTO `ocpizza`.`person` (`id`, `first_name`, `last_name`, `account_id`, `contact_id`) VALUES (252, 'Kristoforo', 'Antyukhin', 385, 611);
INSERT INTO `ocpizza`.`person` (`id`, `first_name`, `last_name`, `account_id`, `contact_id`) VALUES (253, 'Maurizia', 'Aglione', 377, 428);
INSERT INTO `ocpizza`.`person` (`id`, `first_name`, `last_name`, `account_id`, `contact_id`) VALUES (254, 'Cary', 'Cromett', 530, 290);
INSERT INTO `ocpizza`.`person` (`id`, `first_name`, `last_name`, `account_id`, `contact_id`) VALUES (255, 'Sarena', 'Wasylkiewicz', 822, 619);
INSERT INTO `ocpizza`.`person` (`id`, `first_name`, `last_name`, `account_id`, `contact_id`) VALUES (256, 'Kayle', 'Glennon', 589, 476);
INSERT INTO `ocpizza`.`person` (`id`, `first_name`, `last_name`, `account_id`, `contact_id`) VALUES (257, 'Selia', 'Callway', 267, 692);
INSERT INTO `ocpizza`.`person` (`id`, `first_name`, `last_name`, `account_id`, `contact_id`) VALUES (258, 'Dee dee', 'Butler-Bowdon', 891, 436);
INSERT INTO `ocpizza`.`person` (`id`, `first_name`, `last_name`, `account_id`, `contact_id`) VALUES (259, 'Jacklin', 'Roome', 93, 150);
INSERT INTO `ocpizza`.`person` (`id`, `first_name`, `last_name`, `account_id`, `contact_id`) VALUES (260, 'Clair', 'Matuszynski', 734, 993);
INSERT INTO `ocpizza`.`person` (`id`, `first_name`, `last_name`, `account_id`, `contact_id`) VALUES (261, 'Austin', 'Evanson', 89, 864);
INSERT INTO `ocpizza`.`person` (`id`, `first_name`, `last_name`, `account_id`, `contact_id`) VALUES (262, 'Lambert', 'Wrigglesworth', 30, 545);
INSERT INTO `ocpizza`.`person` (`id`, `first_name`, `last_name`, `account_id`, `contact_id`) VALUES (263, 'Carmela', 'Tranter', 142, 409);
INSERT INTO `ocpizza`.`person` (`id`, `first_name`, `last_name`, `account_id`, `contact_id`) VALUES (264, 'Micheal', 'Izhaky', 714, 278);
INSERT INTO `ocpizza`.`person` (`id`, `first_name`, `last_name`, `account_id`, `contact_id`) VALUES (265, 'Rebekah', 'Cuckoo', 305, 318);
INSERT INTO `ocpizza`.`person` (`id`, `first_name`, `last_name`, `account_id`, `contact_id`) VALUES (266, 'Ayn', 'Rosenau', 411, 749);
INSERT INTO `ocpizza`.`person` (`id`, `first_name`, `last_name`, `account_id`, `contact_id`) VALUES (267, 'Brittney', 'Llewellen', 219, 397);
INSERT INTO `ocpizza`.`person` (`id`, `first_name`, `last_name`, `account_id`, `contact_id`) VALUES (268, 'Louis', 'Fitchett', 690, 28);
INSERT INTO `ocpizza`.`person` (`id`, `first_name`, `last_name`, `account_id`, `contact_id`) VALUES (269, 'Hadley', 'McLugaish', 50, 321);
INSERT INTO `ocpizza`.`person` (`id`, `first_name`, `last_name`, `account_id`, `contact_id`) VALUES (270, 'Brianne', 'Paulucci', 616, 957);
INSERT INTO `ocpizza`.`person` (`id`, `first_name`, `last_name`, `account_id`, `contact_id`) VALUES (271, 'Audry', 'Pougher', 111, 458);
INSERT INTO `ocpizza`.`person` (`id`, `first_name`, `last_name`, `account_id`, `contact_id`) VALUES (272, 'Doralynn', 'Snel', 503, 557);
INSERT INTO `ocpizza`.`person` (`id`, `first_name`, `last_name`, `account_id`, `contact_id`) VALUES (273, 'Jacquie', 'Pantlin', 743, 923);
INSERT INTO `ocpizza`.`person` (`id`, `first_name`, `last_name`, `account_id`, `contact_id`) VALUES (274, 'Julian', 'Torricella', 6, 592);
INSERT INTO `ocpizza`.`person` (`id`, `first_name`, `last_name`, `account_id`, `contact_id`) VALUES (275, 'Frasco', 'Davenall', 916, 259);
INSERT INTO `ocpizza`.`person` (`id`, `first_name`, `last_name`, `account_id`, `contact_id`) VALUES (276, 'Melba', 'Antoons', 116, 683);
INSERT INTO `ocpizza`.`person` (`id`, `first_name`, `last_name`, `account_id`, `contact_id`) VALUES (277, 'Abner', 'Rouse', 192, 729);
INSERT INTO `ocpizza`.`person` (`id`, `first_name`, `last_name`, `account_id`, `contact_id`) VALUES (278, 'Cleon', 'Loos', 968, 788);
INSERT INTO `ocpizza`.`person` (`id`, `first_name`, `last_name`, `account_id`, `contact_id`) VALUES (279, 'Mar', 'Plak', 51, 481);
INSERT INTO `ocpizza`.`person` (`id`, `first_name`, `last_name`, `account_id`, `contact_id`) VALUES (280, 'Bald', 'Nosworthy', 926, 623);
INSERT INTO `ocpizza`.`person` (`id`, `first_name`, `last_name`, `account_id`, `contact_id`) VALUES (281, 'Blinni', 'Elam', null, 996);
INSERT INTO `ocpizza`.`person` (`id`, `first_name`, `last_name`, `account_id`, `contact_id`) VALUES (282, 'Bertha', 'Yakubovics', null, 453);
INSERT INTO `ocpizza`.`person` (`id`, `first_name`, `last_name`, `account_id`, `contact_id`) VALUES (283, 'Patricio', 'Hinksen', null, 831);
INSERT INTO `ocpizza`.`person` (`id`, `first_name`, `last_name`, `account_id`, `contact_id`) VALUES (284, 'Rollo', 'Philipot', null, 808);
INSERT INTO `ocpizza`.`person` (`id`, `first_name`, `last_name`, `account_id`, `contact_id`) VALUES (285, 'Almira', 'Frigot', null, 32);
INSERT INTO `ocpizza`.`person` (`id`, `first_name`, `last_name`, `account_id`, `contact_id`) VALUES (286, 'Gabriele', 'Durn', null, 568);
INSERT INTO `ocpizza`.`person` (`id`, `first_name`, `last_name`, `account_id`, `contact_id`) VALUES (287, 'Dominick', 'Davitashvili', null, 955);
INSERT INTO `ocpizza`.`person` (`id`, `first_name`, `last_name`, `account_id`, `contact_id`) VALUES (288, 'Roderigo', 'Tilio', null, 43);
INSERT INTO `ocpizza`.`person` (`id`, `first_name`, `last_name`, `account_id`, `contact_id`) VALUES (289, 'Waylen', 'Sinnie', null, 757);
INSERT INTO `ocpizza`.`person` (`id`, `first_name`, `last_name`, `account_id`, `contact_id`) VALUES (290, 'Karrah', 'Luten', null, 443);
INSERT INTO `ocpizza`.`person` (`id`, `first_name`, `last_name`, `account_id`, `contact_id`) VALUES (291, 'Gladys', 'Pauleau', null, 233);
INSERT INTO `ocpizza`.`person` (`id`, `first_name`, `last_name`, `account_id`, `contact_id`) VALUES (292, 'Jonathan', 'Briscam', null, 982);
INSERT INTO `ocpizza`.`person` (`id`, `first_name`, `last_name`, `account_id`, `contact_id`) VALUES (293, 'Herschel', 'Serle', null, 722);
INSERT INTO `ocpizza`.`person` (`id`, `first_name`, `last_name`, `account_id`, `contact_id`) VALUES (294, 'Bernadene', 'Dionis', null, 176);
INSERT INTO `ocpizza`.`person` (`id`, `first_name`, `last_name`, `account_id`, `contact_id`) VALUES (295, 'Deane', 'Plet', null, 788);
INSERT INTO `ocpizza`.`person` (`id`, `first_name`, `last_name`, `account_id`, `contact_id`) VALUES (296, 'Minta', 'Tratton', null, 946);
INSERT INTO `ocpizza`.`person` (`id`, `first_name`, `last_name`, `account_id`, `contact_id`) VALUES (297, 'Kristi', 'Giacovetti', null, 686);
INSERT INTO `ocpizza`.`person` (`id`, `first_name`, `last_name`, `account_id`, `contact_id`) VALUES (298, 'Allx', 'Lammerding', null, 948);
INSERT INTO `ocpizza`.`person` (`id`, `first_name`, `last_name`, `account_id`, `contact_id`) VALUES (299, 'Sammy', 'Andres', null, 115);
INSERT INTO `ocpizza`.`person` (`id`, `first_name`, `last_name`, `account_id`, `contact_id`) VALUES (300, 'Geno', 'Sallarie', null, 51);
INSERT INTO `ocpizza`.`person` (`id`, `first_name`, `last_name`, `account_id`, `contact_id`) VALUES (301, 'Jorey', 'Pounder', null, 87);
INSERT INTO `ocpizza`.`person` (`id`, `first_name`, `last_name`, `account_id`, `contact_id`) VALUES (302, 'Cos', 'Piotr', null, 17);
INSERT INTO `ocpizza`.`person` (`id`, `first_name`, `last_name`, `account_id`, `contact_id`) VALUES (303, 'Jazmin', 'Bruna', null, 954);
INSERT INTO `ocpizza`.`person` (`id`, `first_name`, `last_name`, `account_id`, `contact_id`) VALUES (304, 'Ruttger', 'MacElharge', null, 223);
INSERT INTO `ocpizza`.`person` (`id`, `first_name`, `last_name`, `account_id`, `contact_id`) VALUES (305, 'Elsworth', 'Arlt', null, 436);
INSERT INTO `ocpizza`.`person` (`id`, `first_name`, `last_name`, `account_id`, `contact_id`) VALUES (306, 'Franni', 'Nottram', null, 125);
INSERT INTO `ocpizza`.`person` (`id`, `first_name`, `last_name`, `account_id`, `contact_id`) VALUES (307, 'Nonah', 'Berendsen', null, 292);
INSERT INTO `ocpizza`.`person` (`id`, `first_name`, `last_name`, `account_id`, `contact_id`) VALUES (308, 'Barclay', 'Muckart', null, 212);
INSERT INTO `ocpizza`.`person` (`id`, `first_name`, `last_name`, `account_id`, `contact_id`) VALUES (309, 'Cherida', 'Opdenorth', null, 228);
INSERT INTO `ocpizza`.`person` (`id`, `first_name`, `last_name`, `account_id`, `contact_id`) VALUES (310, 'Sianna', 'Bog', null, 983);
INSERT INTO `ocpizza`.`person` (`id`, `first_name`, `last_name`, `account_id`, `contact_id`) VALUES (311, 'Dave', 'Canton', null, 760);
INSERT INTO `ocpizza`.`person` (`id`, `first_name`, `last_name`, `account_id`, `contact_id`) VALUES (312, 'Carly', 'Sparwell', null, 621);
INSERT INTO `ocpizza`.`person` (`id`, `first_name`, `last_name`, `account_id`, `contact_id`) VALUES (313, 'Marco', 'Albrook', null, 214);
INSERT INTO `ocpizza`.`person` (`id`, `first_name`, `last_name`, `account_id`, `contact_id`) VALUES (314, 'Bea', 'Pagram', null, 353);
INSERT INTO `ocpizza`.`person` (`id`, `first_name`, `last_name`, `account_id`, `contact_id`) VALUES (315, 'Lolita', 'Lambot', null, 814);
INSERT INTO `ocpizza`.`person` (`id`, `first_name`, `last_name`, `account_id`, `contact_id`) VALUES (316, 'Garrott', 'Haselwood', null, 71);
INSERT INTO `ocpizza`.`person` (`id`, `first_name`, `last_name`, `account_id`, `contact_id`) VALUES (317, 'Maureen', 'Forrestill', null, 964);
INSERT INTO `ocpizza`.`person` (`id`, `first_name`, `last_name`, `account_id`, `contact_id`) VALUES (318, 'Alastair', 'Hebard', null, 699);
INSERT INTO `ocpizza`.`person` (`id`, `first_name`, `last_name`, `account_id`, `contact_id`) VALUES (319, 'Vivian', 'Feldklein', null, 746);
INSERT INTO `ocpizza`.`person` (`id`, `first_name`, `last_name`, `account_id`, `contact_id`) VALUES (320, 'Celisse', 'Lanceter', null, 460);
INSERT INTO `ocpizza`.`person` (`id`, `first_name`, `last_name`, `account_id`, `contact_id`) VALUES (321, 'Siffre', 'Cartin', null, 781);
INSERT INTO `ocpizza`.`person` (`id`, `first_name`, `last_name`, `account_id`, `contact_id`) VALUES (322, 'Marena', 'McGeady', null, 596);
INSERT INTO `ocpizza`.`person` (`id`, `first_name`, `last_name`, `account_id`, `contact_id`) VALUES (323, 'Glyn', 'Eneas', null, 339);
INSERT INTO `ocpizza`.`person` (`id`, `first_name`, `last_name`, `account_id`, `contact_id`) VALUES (324, 'Robert', 'Hardingham', null, 949);
INSERT INTO `ocpizza`.`person` (`id`, `first_name`, `last_name`, `account_id`, `contact_id`) VALUES (325, 'Zebedee', 'Steely', null, 862);
INSERT INTO `ocpizza`.`person` (`id`, `first_name`, `last_name`, `account_id`, `contact_id`) VALUES (326, 'Dorree', 'Wearden', null, 918);
INSERT INTO `ocpizza`.`person` (`id`, `first_name`, `last_name`, `account_id`, `contact_id`) VALUES (327, 'Regan', 'Maulden', null, 426);
INSERT INTO `ocpizza`.`person` (`id`, `first_name`, `last_name`, `account_id`, `contact_id`) VALUES (328, 'Eleanor', 'Shevell', null, 203);
INSERT INTO `ocpizza`.`person` (`id`, `first_name`, `last_name`, `account_id`, `contact_id`) VALUES (329, 'Lorrin', 'Sawtell', null, 701);
INSERT INTO `ocpizza`.`person` (`id`, `first_name`, `last_name`, `account_id`, `contact_id`) VALUES (330, 'Merwin', 'Buggs', null, 19);
INSERT INTO `ocpizza`.`person` (`id`, `first_name`, `last_name`, `account_id`, `contact_id`) VALUES (331, 'Kipp', 'Wellings', null, 641);
INSERT INTO `ocpizza`.`person` (`id`, `first_name`, `last_name`, `account_id`, `contact_id`) VALUES (332, 'Pietrek', 'Russam', null, 657);
INSERT INTO `ocpizza`.`person` (`id`, `first_name`, `last_name`, `account_id`, `contact_id`) VALUES (333, 'Prudi', 'O\'Griffin', null, 330);
INSERT INTO `ocpizza`.`person` (`id`, `first_name`, `last_name`, `account_id`, `contact_id`) VALUES (334, 'Ulrike', 'Paradyce', null, 936);
INSERT INTO `ocpizza`.`person` (`id`, `first_name`, `last_name`, `account_id`, `contact_id`) VALUES (335, 'Brandise', 'Connechy', null, 407);
INSERT INTO `ocpizza`.`person` (`id`, `first_name`, `last_name`, `account_id`, `contact_id`) VALUES (336, 'Tansy', 'Haquard', null, 96);
INSERT INTO `ocpizza`.`person` (`id`, `first_name`, `last_name`, `account_id`, `contact_id`) VALUES (337, 'Dani', 'Antonazzi', null, 168);
INSERT INTO `ocpizza`.`person` (`id`, `first_name`, `last_name`, `account_id`, `contact_id`) VALUES (338, 'Rubina', 'Cawt', null, 154);
INSERT INTO `ocpizza`.`person` (`id`, `first_name`, `last_name`, `account_id`, `contact_id`) VALUES (339, 'Ariadne', 'Rammell', null, 234);
INSERT INTO `ocpizza`.`person` (`id`, `first_name`, `last_name`, `account_id`, `contact_id`) VALUES (340, 'Christean', 'MacCrackan', null, 862);
INSERT INTO `ocpizza`.`person` (`id`, `first_name`, `last_name`, `account_id`, `contact_id`) VALUES (341, 'Haslett', 'Ericssen', null, 364);
INSERT INTO `ocpizza`.`person` (`id`, `first_name`, `last_name`, `account_id`, `contact_id`) VALUES (342, 'Francois', 'Philip', null, 420);
INSERT INTO `ocpizza`.`person` (`id`, `first_name`, `last_name`, `account_id`, `contact_id`) VALUES (343, 'Eli', 'Stolze', null, 986);
INSERT INTO `ocpizza`.`person` (`id`, `first_name`, `last_name`, `account_id`, `contact_id`) VALUES (344, 'Deerdre', 'Howcroft', null, 445);
INSERT INTO `ocpizza`.`person` (`id`, `first_name`, `last_name`, `account_id`, `contact_id`) VALUES (345, 'Denys', 'Kemitt', null, 448);
INSERT INTO `ocpizza`.`person` (`id`, `first_name`, `last_name`, `account_id`, `contact_id`) VALUES (346, 'Karlee', 'Gerrelt', null, 86);
INSERT INTO `ocpizza`.`person` (`id`, `first_name`, `last_name`, `account_id`, `contact_id`) VALUES (347, 'Vally', 'Gentery', null, 909);
INSERT INTO `ocpizza`.`person` (`id`, `first_name`, `last_name`, `account_id`, `contact_id`) VALUES (348, 'Justen', 'Gawne', null, 168);
INSERT INTO `ocpizza`.`person` (`id`, `first_name`, `last_name`, `account_id`, `contact_id`) VALUES (349, 'Ailene', 'Dargie', null, 92);
INSERT INTO `ocpizza`.`person` (`id`, `first_name`, `last_name`, `account_id`, `contact_id`) VALUES (350, 'Rolph', 'Wilcot', null, 16);
INSERT INTO `ocpizza`.`person` (`id`, `first_name`, `last_name`, `account_id`, `contact_id`) VALUES (351, 'Erin', 'Sweet', null, 614);
INSERT INTO `ocpizza`.`person` (`id`, `first_name`, `last_name`, `account_id`, `contact_id`) VALUES (352, 'Wat', 'Slatcher', null, 342);
INSERT INTO `ocpizza`.`person` (`id`, `first_name`, `last_name`, `account_id`, `contact_id`) VALUES (353, 'Richmound', 'O\'Crigan', null, 83);
INSERT INTO `ocpizza`.`person` (`id`, `first_name`, `last_name`, `account_id`, `contact_id`) VALUES (354, 'Berk', 'Vedyashkin', null, 348);
INSERT INTO `ocpizza`.`person` (`id`, `first_name`, `last_name`, `account_id`, `contact_id`) VALUES (355, 'Mallory', 'Dakers', null, 763);
INSERT INTO `ocpizza`.`person` (`id`, `first_name`, `last_name`, `account_id`, `contact_id`) VALUES (356, 'Weider', 'Camp', null, 495);
INSERT INTO `ocpizza`.`person` (`id`, `first_name`, `last_name`, `account_id`, `contact_id`) VALUES (357, 'Idalia', 'Deval', null, 761);
INSERT INTO `ocpizza`.`person` (`id`, `first_name`, `last_name`, `account_id`, `contact_id`) VALUES (358, 'Salim', 'Jedrzejczyk', null, 446);
INSERT INTO `ocpizza`.`person` (`id`, `first_name`, `last_name`, `account_id`, `contact_id`) VALUES (359, 'Alisha', 'Goodread', null, 466);
INSERT INTO `ocpizza`.`person` (`id`, `first_name`, `last_name`, `account_id`, `contact_id`) VALUES (360, 'Randolf', 'Goodie', null, 821);
INSERT INTO `ocpizza`.`person` (`id`, `first_name`, `last_name`, `account_id`, `contact_id`) VALUES (361, 'Morse', 'Lovelace', null, 225);
INSERT INTO `ocpizza`.`person` (`id`, `first_name`, `last_name`, `account_id`, `contact_id`) VALUES (362, 'Nissie', 'Longmead', null, 154);
INSERT INTO `ocpizza`.`person` (`id`, `first_name`, `last_name`, `account_id`, `contact_id`) VALUES (363, 'Desi', 'Langlands', null, 956);
INSERT INTO `ocpizza`.`person` (`id`, `first_name`, `last_name`, `account_id`, `contact_id`) VALUES (364, 'Cristabel', 'Grigor', null, 897);
INSERT INTO `ocpizza`.`person` (`id`, `first_name`, `last_name`, `account_id`, `contact_id`) VALUES (365, 'Teena', 'Slowcock', null, 816);
INSERT INTO `ocpizza`.`person` (`id`, `first_name`, `last_name`, `account_id`, `contact_id`) VALUES (366, 'Jessie', 'Schirok', null, 476);
INSERT INTO `ocpizza`.`person` (`id`, `first_name`, `last_name`, `account_id`, `contact_id`) VALUES (367, 'Teador', 'Hawley', null, 217);
INSERT INTO `ocpizza`.`person` (`id`, `first_name`, `last_name`, `account_id`, `contact_id`) VALUES (368, 'Hyacinthe', 'Hulle', null, 131);
INSERT INTO `ocpizza`.`person` (`id`, `first_name`, `last_name`, `account_id`, `contact_id`) VALUES (369, 'Dorree', 'Karczinski', null, 333);
INSERT INTO `ocpizza`.`person` (`id`, `first_name`, `last_name`, `account_id`, `contact_id`) VALUES (370, 'Tulley', 'Strotone', null, 119);
INSERT INTO `ocpizza`.`person` (`id`, `first_name`, `last_name`, `account_id`, `contact_id`) VALUES (371, 'Mace', 'Keyser', null, 498);
INSERT INTO `ocpizza`.`person` (`id`, `first_name`, `last_name`, `account_id`, `contact_id`) VALUES (372, 'Auria', 'Buffery', null, 793);
INSERT INTO `ocpizza`.`person` (`id`, `first_name`, `last_name`, `account_id`, `contact_id`) VALUES (373, 'Ailina', 'Gatus', null, 469);
INSERT INTO `ocpizza`.`person` (`id`, `first_name`, `last_name`, `account_id`, `contact_id`) VALUES (374, 'Margery', 'Skillington', null, 407);
INSERT INTO `ocpizza`.`person` (`id`, `first_name`, `last_name`, `account_id`, `contact_id`) VALUES (375, 'Bunnie', 'Kemme', null, 632);
INSERT INTO `ocpizza`.`person` (`id`, `first_name`, `last_name`, `account_id`, `contact_id`) VALUES (376, 'Alexandros', 'Hillock', null, 299);
INSERT INTO `ocpizza`.`person` (`id`, `first_name`, `last_name`, `account_id`, `contact_id`) VALUES (377, 'Dael', 'Dutson', null, 326);
INSERT INTO `ocpizza`.`person` (`id`, `first_name`, `last_name`, `account_id`, `contact_id`) VALUES (378, 'Inge', 'McDowell', null, 296);
INSERT INTO `ocpizza`.`person` (`id`, `first_name`, `last_name`, `account_id`, `contact_id`) VALUES (379, 'Thor', 'Proffitt', null, 512);
INSERT INTO `ocpizza`.`person` (`id`, `first_name`, `last_name`, `account_id`, `contact_id`) VALUES (380, 'Shana', 'Whitehorne', null, 727);
INSERT INTO `ocpizza`.`person` (`id`, `first_name`, `last_name`, `account_id`, `contact_id`) VALUES (381, 'Korella', 'Feehery', null, 291);
INSERT INTO `ocpizza`.`person` (`id`, `first_name`, `last_name`, `account_id`, `contact_id`) VALUES (382, 'Rozalin', 'Maccrae', null, 273);
INSERT INTO `ocpizza`.`person` (`id`, `first_name`, `last_name`, `account_id`, `contact_id`) VALUES (383, 'Letisha', 'Drought', null, 496);
INSERT INTO `ocpizza`.`person` (`id`, `first_name`, `last_name`, `account_id`, `contact_id`) VALUES (384, 'Elise', 'Langtree', null, 374);
INSERT INTO `ocpizza`.`person` (`id`, `first_name`, `last_name`, `account_id`, `contact_id`) VALUES (385, 'Susanne', 'Ridgeway', null, 863);
INSERT INTO `ocpizza`.`person` (`id`, `first_name`, `last_name`, `account_id`, `contact_id`) VALUES (386, 'Annamaria', 'Dumbare', null, 901);
INSERT INTO `ocpizza`.`person` (`id`, `first_name`, `last_name`, `account_id`, `contact_id`) VALUES (387, 'Sauveur', 'Humblestone', null, 900);
INSERT INTO `ocpizza`.`person` (`id`, `first_name`, `last_name`, `account_id`, `contact_id`) VALUES (388, 'Emmie', 'Cowtherd', null, 767);
INSERT INTO `ocpizza`.`person` (`id`, `first_name`, `last_name`, `account_id`, `contact_id`) VALUES (389, 'Lanae', 'Metts', null, 53);
INSERT INTO `ocpizza`.`person` (`id`, `first_name`, `last_name`, `account_id`, `contact_id`) VALUES (390, 'Marja', 'Wakerley', null, 632);
INSERT INTO `ocpizza`.`person` (`id`, `first_name`, `last_name`, `account_id`, `contact_id`) VALUES (391, 'Margo', 'Maccree', null, 542);
INSERT INTO `ocpizza`.`person` (`id`, `first_name`, `last_name`, `account_id`, `contact_id`) VALUES (392, 'Rois', 'Schimpke', null, 43);
INSERT INTO `ocpizza`.`person` (`id`, `first_name`, `last_name`, `account_id`, `contact_id`) VALUES (393, 'Keslie', 'Thal', null, 179);
INSERT INTO `ocpizza`.`person` (`id`, `first_name`, `last_name`, `account_id`, `contact_id`) VALUES (394, 'Rabi', 'Cotte', null, 811);
INSERT INTO `ocpizza`.`person` (`id`, `first_name`, `last_name`, `account_id`, `contact_id`) VALUES (395, 'Vitoria', 'Perree', null, 421);
INSERT INTO `ocpizza`.`person` (`id`, `first_name`, `last_name`, `account_id`, `contact_id`) VALUES (396, 'Munroe', 'Egdal', null, 547);
INSERT INTO `ocpizza`.`person` (`id`, `first_name`, `last_name`, `account_id`, `contact_id`) VALUES (397, 'Cece', 'Unwins', null, 153);
INSERT INTO `ocpizza`.`person` (`id`, `first_name`, `last_name`, `account_id`, `contact_id`) VALUES (398, 'Othelia', 'Ateggart', null, 742);
INSERT INTO `ocpizza`.`person` (`id`, `first_name`, `last_name`, `account_id`, `contact_id`) VALUES (399, 'Kalila', 'Walthew', null, 575);
INSERT INTO `ocpizza`.`person` (`id`, `first_name`, `last_name`, `account_id`, `contact_id`) VALUES (400, 'Celisse', 'Cobbledick', null, 467);
INSERT INTO `ocpizza`.`person` (`id`, `first_name`, `last_name`, `account_id`, `contact_id`) VALUES (401, 'Kennith', 'Baudain', null, 884);
INSERT INTO `ocpizza`.`person` (`id`, `first_name`, `last_name`, `account_id`, `contact_id`) VALUES (402, 'Christoph', 'Arkin', null, 430);
INSERT INTO `ocpizza`.`person` (`id`, `first_name`, `last_name`, `account_id`, `contact_id`) VALUES (403, 'Julie', 'Tolworth', null, 746);
INSERT INTO `ocpizza`.`person` (`id`, `first_name`, `last_name`, `account_id`, `contact_id`) VALUES (404, 'Ruy', 'Grushin', null, 584);
INSERT INTO `ocpizza`.`person` (`id`, `first_name`, `last_name`, `account_id`, `contact_id`) VALUES (405, 'Ibby', 'Wisson', null, 197);
INSERT INTO `ocpizza`.`person` (`id`, `first_name`, `last_name`, `account_id`, `contact_id`) VALUES (406, 'Sullivan', 'Rigmond', null, 47);
INSERT INTO `ocpizza`.`person` (`id`, `first_name`, `last_name`, `account_id`, `contact_id`) VALUES (407, 'Cheslie', 'Tilling', null, 625);
INSERT INTO `ocpizza`.`person` (`id`, `first_name`, `last_name`, `account_id`, `contact_id`) VALUES (408, 'Holly-anne', 'Ricci', null, 448);
INSERT INTO `ocpizza`.`person` (`id`, `first_name`, `last_name`, `account_id`, `contact_id`) VALUES (409, 'Alvinia', 'Benoix', null, 28);
INSERT INTO `ocpizza`.`person` (`id`, `first_name`, `last_name`, `account_id`, `contact_id`) VALUES (410, 'Sheridan', 'Collins', null, 586);
INSERT INTO `ocpizza`.`person` (`id`, `first_name`, `last_name`, `account_id`, `contact_id`) VALUES (411, 'Rog', 'Riddiford', null, 506);
INSERT INTO `ocpizza`.`person` (`id`, `first_name`, `last_name`, `account_id`, `contact_id`) VALUES (412, 'Ilyse', 'Ripsher', null, 463);
INSERT INTO `ocpizza`.`person` (`id`, `first_name`, `last_name`, `account_id`, `contact_id`) VALUES (413, 'Staffard', 'Allday', null, 383);
INSERT INTO `ocpizza`.`person` (`id`, `first_name`, `last_name`, `account_id`, `contact_id`) VALUES (414, 'Neille', 'Kerford', null, 422);
INSERT INTO `ocpizza`.`person` (`id`, `first_name`, `last_name`, `account_id`, `contact_id`) VALUES (415, 'Athena', 'Onraet', null, 793);
INSERT INTO `ocpizza`.`person` (`id`, `first_name`, `last_name`, `account_id`, `contact_id`) VALUES (416, 'Yale', 'Orcott', null, 49);
INSERT INTO `ocpizza`.`person` (`id`, `first_name`, `last_name`, `account_id`, `contact_id`) VALUES (417, 'Melitta', 'Parkyns', null, 100);
INSERT INTO `ocpizza`.`person` (`id`, `first_name`, `last_name`, `account_id`, `contact_id`) VALUES (418, 'Dorry', 'Kitteman', null, 506);
INSERT INTO `ocpizza`.`person` (`id`, `first_name`, `last_name`, `account_id`, `contact_id`) VALUES (419, 'Elvis', 'Aguilar', null, 164);
INSERT INTO `ocpizza`.`person` (`id`, `first_name`, `last_name`, `account_id`, `contact_id`) VALUES (420, 'Clea', 'Campaigne', null, 340);
INSERT INTO `ocpizza`.`person` (`id`, `first_name`, `last_name`, `account_id`, `contact_id`) VALUES (421, 'Fredia', 'Conrard', null, 387);
INSERT INTO `ocpizza`.`person` (`id`, `first_name`, `last_name`, `account_id`, `contact_id`) VALUES (422, 'Eben', 'Bickerstaff', null, 457);
INSERT INTO `ocpizza`.`person` (`id`, `first_name`, `last_name`, `account_id`, `contact_id`) VALUES (423, 'Eloise', 'Anersen', null, 423);
INSERT INTO `ocpizza`.`person` (`id`, `first_name`, `last_name`, `account_id`, `contact_id`) VALUES (424, 'Bealle', 'Rosie', null, 103);
INSERT INTO `ocpizza`.`person` (`id`, `first_name`, `last_name`, `account_id`, `contact_id`) VALUES (425, 'Darb', 'Itchingham', null, 61);
INSERT INTO `ocpizza`.`person` (`id`, `first_name`, `last_name`, `account_id`, `contact_id`) VALUES (426, 'Abraham', 'St. Pierre', null, 942);
INSERT INTO `ocpizza`.`person` (`id`, `first_name`, `last_name`, `account_id`, `contact_id`) VALUES (427, 'Klaus', 'Arzu', null, 815);
INSERT INTO `ocpizza`.`person` (`id`, `first_name`, `last_name`, `account_id`, `contact_id`) VALUES (428, 'Gordie', 'Bramhill', null, 372);
INSERT INTO `ocpizza`.`person` (`id`, `first_name`, `last_name`, `account_id`, `contact_id`) VALUES (429, 'Ase', 'Matteo', null, 343);
INSERT INTO `ocpizza`.`person` (`id`, `first_name`, `last_name`, `account_id`, `contact_id`) VALUES (430, 'Anastassia', 'McHenry', null, 572);
INSERT INTO `ocpizza`.`person` (`id`, `first_name`, `last_name`, `account_id`, `contact_id`) VALUES (431, 'Dorey', 'Marner', null, 743);
INSERT INTO `ocpizza`.`person` (`id`, `first_name`, `last_name`, `account_id`, `contact_id`) VALUES (432, 'Cleve', 'Wybern', null, 421);
INSERT INTO `ocpizza`.`person` (`id`, `first_name`, `last_name`, `account_id`, `contact_id`) VALUES (433, 'Arnie', 'Wringe', null, 759);
INSERT INTO `ocpizza`.`person` (`id`, `first_name`, `last_name`, `account_id`, `contact_id`) VALUES (434, 'Halie', 'Strickett', null, 652);
INSERT INTO `ocpizza`.`person` (`id`, `first_name`, `last_name`, `account_id`, `contact_id`) VALUES (435, 'Harley', 'Pettiford', null, 78);
INSERT INTO `ocpizza`.`person` (`id`, `first_name`, `last_name`, `account_id`, `contact_id`) VALUES (436, 'Marline', 'Ianni', null, 401);
INSERT INTO `ocpizza`.`person` (`id`, `first_name`, `last_name`, `account_id`, `contact_id`) VALUES (437, 'Russell', 'Tedder', null, 559);
INSERT INTO `ocpizza`.`person` (`id`, `first_name`, `last_name`, `account_id`, `contact_id`) VALUES (438, 'Sonnie', 'Beacham', null, 261);
INSERT INTO `ocpizza`.`person` (`id`, `first_name`, `last_name`, `account_id`, `contact_id`) VALUES (439, 'Brittaney', 'Matiasek', null, 260);
INSERT INTO `ocpizza`.`person` (`id`, `first_name`, `last_name`, `account_id`, `contact_id`) VALUES (440, 'Vanni', 'Heino', null, 350);
INSERT INTO `ocpizza`.`person` (`id`, `first_name`, `last_name`, `account_id`, `contact_id`) VALUES (441, 'Webster', 'Begent', null, 240);
INSERT INTO `ocpizza`.`person` (`id`, `first_name`, `last_name`, `account_id`, `contact_id`) VALUES (442, 'Iseabal', 'Sally', null, 742);
INSERT INTO `ocpizza`.`person` (`id`, `first_name`, `last_name`, `account_id`, `contact_id`) VALUES (443, 'Dori', 'Blaskett', null, 679);
INSERT INTO `ocpizza`.`person` (`id`, `first_name`, `last_name`, `account_id`, `contact_id`) VALUES (444, 'Davis', 'Ianniello', null, 506);
INSERT INTO `ocpizza`.`person` (`id`, `first_name`, `last_name`, `account_id`, `contact_id`) VALUES (445, 'Henryetta', 'Castagnasso', null, 741);
INSERT INTO `ocpizza`.`person` (`id`, `first_name`, `last_name`, `account_id`, `contact_id`) VALUES (446, 'Ruthi', 'Stallion', null, 215);
INSERT INTO `ocpizza`.`person` (`id`, `first_name`, `last_name`, `account_id`, `contact_id`) VALUES (447, 'Estella', 'Henstridge', null, 159);
INSERT INTO `ocpizza`.`person` (`id`, `first_name`, `last_name`, `account_id`, `contact_id`) VALUES (448, 'Kelli', 'Roe', null, 328);
INSERT INTO `ocpizza`.`person` (`id`, `first_name`, `last_name`, `account_id`, `contact_id`) VALUES (449, 'Isaac', 'Andreacci', null, 14);
INSERT INTO `ocpizza`.`person` (`id`, `first_name`, `last_name`, `account_id`, `contact_id`) VALUES (450, 'Claudetta', 'Gilliatt', null, 353);
INSERT INTO `ocpizza`.`person` (`id`, `first_name`, `last_name`, `account_id`, `contact_id`) VALUES (451, 'Angel', 'Dews', null, 783);
INSERT INTO `ocpizza`.`person` (`id`, `first_name`, `last_name`, `account_id`, `contact_id`) VALUES (452, 'Janine', 'Pedican', null, 731);
INSERT INTO `ocpizza`.`person` (`id`, `first_name`, `last_name`, `account_id`, `contact_id`) VALUES (453, 'Earl', 'Ledson', null, 220);
INSERT INTO `ocpizza`.`person` (`id`, `first_name`, `last_name`, `account_id`, `contact_id`) VALUES (454, 'Jayme', 'Soar', null, 698);
INSERT INTO `ocpizza`.`person` (`id`, `first_name`, `last_name`, `account_id`, `contact_id`) VALUES (455, 'Augy', 'Ivell', null, 963);
INSERT INTO `ocpizza`.`person` (`id`, `first_name`, `last_name`, `account_id`, `contact_id`) VALUES (456, 'Mitchell', 'Rennolds', null, 264);
INSERT INTO `ocpizza`.`person` (`id`, `first_name`, `last_name`, `account_id`, `contact_id`) VALUES (457, 'Timothy', 'Reisen', null, 791);
INSERT INTO `ocpizza`.`person` (`id`, `first_name`, `last_name`, `account_id`, `contact_id`) VALUES (458, 'Eberto', 'Ondricek', null, 919);
INSERT INTO `ocpizza`.`person` (`id`, `first_name`, `last_name`, `account_id`, `contact_id`) VALUES (459, 'Angelina', 'Bishopp', null, 349);
INSERT INTO `ocpizza`.`person` (`id`, `first_name`, `last_name`, `account_id`, `contact_id`) VALUES (460, 'Paddie', 'Bevar', null, 827);
INSERT INTO `ocpizza`.`person` (`id`, `first_name`, `last_name`, `account_id`, `contact_id`) VALUES (461, 'Carlie', 'Dorkin', null, 764);
INSERT INTO `ocpizza`.`person` (`id`, `first_name`, `last_name`, `account_id`, `contact_id`) VALUES (462, 'Sal', 'Dickons', null, 672);
INSERT INTO `ocpizza`.`person` (`id`, `first_name`, `last_name`, `account_id`, `contact_id`) VALUES (463, 'Hoyt', 'Tunnicliffe', null, 152);
INSERT INTO `ocpizza`.`person` (`id`, `first_name`, `last_name`, `account_id`, `contact_id`) VALUES (464, 'Kelly', 'Labrom', null, 43);
INSERT INTO `ocpizza`.`person` (`id`, `first_name`, `last_name`, `account_id`, `contact_id`) VALUES (465, 'Heall', 'Kidgell', null, 882);
INSERT INTO `ocpizza`.`person` (`id`, `first_name`, `last_name`, `account_id`, `contact_id`) VALUES (466, 'Lennie', 'Corsar', null, 27);
INSERT INTO `ocpizza`.`person` (`id`, `first_name`, `last_name`, `account_id`, `contact_id`) VALUES (467, 'Josey', 'Askew', null, 38);
INSERT INTO `ocpizza`.`person` (`id`, `first_name`, `last_name`, `account_id`, `contact_id`) VALUES (468, 'Riordan', 'Molan', null, 465);
INSERT INTO `ocpizza`.`person` (`id`, `first_name`, `last_name`, `account_id`, `contact_id`) VALUES (469, 'Clarence', 'de Mendoza', null, 665);
INSERT INTO `ocpizza`.`person` (`id`, `first_name`, `last_name`, `account_id`, `contact_id`) VALUES (470, 'Kirby', 'Aloshechkin', null, 80);
INSERT INTO `ocpizza`.`person` (`id`, `first_name`, `last_name`, `account_id`, `contact_id`) VALUES (471, 'Chlo', 'Diggin', null, 18);
INSERT INTO `ocpizza`.`person` (`id`, `first_name`, `last_name`, `account_id`, `contact_id`) VALUES (472, 'Douglas', 'Dairton', null, 295);
INSERT INTO `ocpizza`.`person` (`id`, `first_name`, `last_name`, `account_id`, `contact_id`) VALUES (473, 'Samuele', 'Martyntsev', null, 886);
INSERT INTO `ocpizza`.`person` (`id`, `first_name`, `last_name`, `account_id`, `contact_id`) VALUES (474, 'Jolyn', 'Eustes', null, 743);
INSERT INTO `ocpizza`.`person` (`id`, `first_name`, `last_name`, `account_id`, `contact_id`) VALUES (475, 'Andi', 'Paddell', null, 400);
INSERT INTO `ocpizza`.`person` (`id`, `first_name`, `last_name`, `account_id`, `contact_id`) VALUES (476, 'Katee', 'Capaldi', null, 801);
INSERT INTO `ocpizza`.`person` (`id`, `first_name`, `last_name`, `account_id`, `contact_id`) VALUES (477, 'Britta', 'Broadbury', null, 91);
INSERT INTO `ocpizza`.`person` (`id`, `first_name`, `last_name`, `account_id`, `contact_id`) VALUES (478, 'Andria', 'Reeve', null, 988);
INSERT INTO `ocpizza`.`person` (`id`, `first_name`, `last_name`, `account_id`, `contact_id`) VALUES (479, 'Harwilll', 'Laste', null, 50);
INSERT INTO `ocpizza`.`person` (`id`, `first_name`, `last_name`, `account_id`, `contact_id`) VALUES (480, 'Will', 'Enric', null, 169);
INSERT INTO `ocpizza`.`person` (`id`, `first_name`, `last_name`, `account_id`, `contact_id`) VALUES (481, 'Sherrie', 'Pentony', null, 315);
INSERT INTO `ocpizza`.`person` (`id`, `first_name`, `last_name`, `account_id`, `contact_id`) VALUES (482, 'Brandice', 'Joseland', null, 226);
INSERT INTO `ocpizza`.`person` (`id`, `first_name`, `last_name`, `account_id`, `contact_id`) VALUES (483, 'Breanne', 'Ronaghan', null, 650);
INSERT INTO `ocpizza`.`person` (`id`, `first_name`, `last_name`, `account_id`, `contact_id`) VALUES (484, 'Quinlan', 'Espinet', null, 24);
INSERT INTO `ocpizza`.`person` (`id`, `first_name`, `last_name`, `account_id`, `contact_id`) VALUES (485, 'Matthaeus', 'Statter', null, 626);
INSERT INTO `ocpizza`.`person` (`id`, `first_name`, `last_name`, `account_id`, `contact_id`) VALUES (486, 'Ofelia', 'Carlone', null, 935);
INSERT INTO `ocpizza`.`person` (`id`, `first_name`, `last_name`, `account_id`, `contact_id`) VALUES (487, 'Rustin', 'McOwan', null, 955);
INSERT INTO `ocpizza`.`person` (`id`, `first_name`, `last_name`, `account_id`, `contact_id`) VALUES (488, 'Catlaina', 'St Angel', null, 983);
INSERT INTO `ocpizza`.`person` (`id`, `first_name`, `last_name`, `account_id`, `contact_id`) VALUES (489, 'Flss', 'Powdrill', null, 899);
INSERT INTO `ocpizza`.`person` (`id`, `first_name`, `last_name`, `account_id`, `contact_id`) VALUES (490, 'Shurlock', 'Gennings', null, 573);
INSERT INTO `ocpizza`.`person` (`id`, `first_name`, `last_name`, `account_id`, `contact_id`) VALUES (491, 'Daffie', 'McClaurie', null, 85);
INSERT INTO `ocpizza`.`person` (`id`, `first_name`, `last_name`, `account_id`, `contact_id`) VALUES (492, 'Barbara-anne', 'Louden', null, 848);
INSERT INTO `ocpizza`.`person` (`id`, `first_name`, `last_name`, `account_id`, `contact_id`) VALUES (493, 'Penelopa', 'Prestige', null, 620);
INSERT INTO `ocpizza`.`person` (`id`, `first_name`, `last_name`, `account_id`, `contact_id`) VALUES (494, 'Roosevelt', 'Hunt', null, 255);
INSERT INTO `ocpizza`.`person` (`id`, `first_name`, `last_name`, `account_id`, `contact_id`) VALUES (495, 'Jessamyn', 'Kench', null, 760);
INSERT INTO `ocpizza`.`person` (`id`, `first_name`, `last_name`, `account_id`, `contact_id`) VALUES (496, 'Hernando', 'Jeannaud', null, 132);
INSERT INTO `ocpizza`.`person` (`id`, `first_name`, `last_name`, `account_id`, `contact_id`) VALUES (497, 'Uta', 'Stallebrass', null, 983);
INSERT INTO `ocpizza`.`person` (`id`, `first_name`, `last_name`, `account_id`, `contact_id`) VALUES (498, 'Marylou', 'Wyley', null, 484);
INSERT INTO `ocpizza`.`person` (`id`, `first_name`, `last_name`, `account_id`, `contact_id`) VALUES (499, 'Muire', 'Riteley', null, 609);
INSERT INTO `ocpizza`.`person` (`id`, `first_name`, `last_name`, `account_id`, `contact_id`) VALUES (500, 'Cori', 'Seel', null, null);
INSERT INTO `ocpizza`.`person` (`id`, `first_name`, `last_name`, `account_id`, `contact_id`) VALUES (501, 'Ede', 'Antonikov', null, null);
INSERT INTO `ocpizza`.`person` (`id`, `first_name`, `last_name`, `account_id`, `contact_id`) VALUES (502, 'Urbain', 'McDuffy', null, null);
INSERT INTO `ocpizza`.`person` (`id`, `first_name`, `last_name`, `account_id`, `contact_id`) VALUES (503, 'Ephrem', 'McNamara', null, null);
INSERT INTO `ocpizza`.`person` (`id`, `first_name`, `last_name`, `account_id`, `contact_id`) VALUES (504, 'Dre', 'Kinnoch', null, null);
INSERT INTO `ocpizza`.`person` (`id`, `first_name`, `last_name`, `account_id`, `contact_id`) VALUES (505, 'Althea', 'Hollow', null, null);
INSERT INTO `ocpizza`.`person` (`id`, `first_name`, `last_name`, `account_id`, `contact_id`) VALUES (506, 'Buiron', 'Hollingby', null, null);
INSERT INTO `ocpizza`.`person` (`id`, `first_name`, `last_name`, `account_id`, `contact_id`) VALUES (507, 'Kamillah', 'Zelland', null, null);
INSERT INTO `ocpizza`.`person` (`id`, `first_name`, `last_name`, `account_id`, `contact_id`) VALUES (508, 'Patsy', 'Matas', null, null);
INSERT INTO `ocpizza`.`person` (`id`, `first_name`, `last_name`, `account_id`, `contact_id`) VALUES (509, 'Terrence', 'Argo', null, null);
INSERT INTO `ocpizza`.`person` (`id`, `first_name`, `last_name`, `account_id`, `contact_id`) VALUES (510, 'Joete', 'Pendock', null, null);
INSERT INTO `ocpizza`.`person` (`id`, `first_name`, `last_name`, `account_id`, `contact_id`) VALUES (511, 'Giovanna', 'Birchill', null, null);
INSERT INTO `ocpizza`.`person` (`id`, `first_name`, `last_name`, `account_id`, `contact_id`) VALUES (512, 'Melva', 'Sotheron', null, null);
INSERT INTO `ocpizza`.`person` (`id`, `first_name`, `last_name`, `account_id`, `contact_id`) VALUES (513, 'Humbert', 'Richin', null, null);
INSERT INTO `ocpizza`.`person` (`id`, `first_name`, `last_name`, `account_id`, `contact_id`) VALUES (514, 'Meggy', 'Gillan', null, null);
INSERT INTO `ocpizza`.`person` (`id`, `first_name`, `last_name`, `account_id`, `contact_id`) VALUES (515, 'Axel', 'Bourne', null, null);
INSERT INTO `ocpizza`.`person` (`id`, `first_name`, `last_name`, `account_id`, `contact_id`) VALUES (516, 'Emlyn', 'Coye', null, null);
INSERT INTO `ocpizza`.`person` (`id`, `first_name`, `last_name`, `account_id`, `contact_id`) VALUES (517, 'Brittan', 'Stockbridge', null, null);
INSERT INTO `ocpizza`.`person` (`id`, `first_name`, `last_name`, `account_id`, `contact_id`) VALUES (518, 'Robinett', 'Pallatina', null, null);
INSERT INTO `ocpizza`.`person` (`id`, `first_name`, `last_name`, `account_id`, `contact_id`) VALUES (519, 'Darb', 'Ollin', null, null);
INSERT INTO `ocpizza`.`person` (`id`, `first_name`, `last_name`, `account_id`, `contact_id`) VALUES (520, 'Emeline', 'Ludl', null, null);
INSERT INTO `ocpizza`.`person` (`id`, `first_name`, `last_name`, `account_id`, `contact_id`) VALUES (521, 'Luce', 'Dailey', null, null);
INSERT INTO `ocpizza`.`person` (`id`, `first_name`, `last_name`, `account_id`, `contact_id`) VALUES (522, 'Easter', 'Thying', null, null);
INSERT INTO `ocpizza`.`person` (`id`, `first_name`, `last_name`, `account_id`, `contact_id`) VALUES (523, 'Ninnetta', 'Garroch', null, null);
INSERT INTO `ocpizza`.`person` (`id`, `first_name`, `last_name`, `account_id`, `contact_id`) VALUES (524, 'Raimondo', 'Pallas', null, null);
INSERT INTO `ocpizza`.`person` (`id`, `first_name`, `last_name`, `account_id`, `contact_id`) VALUES (525, 'Magnum', 'Francis', null, null);
INSERT INTO `ocpizza`.`person` (`id`, `first_name`, `last_name`, `account_id`, `contact_id`) VALUES (526, 'Yuri', 'Harral', null, null);
INSERT INTO `ocpizza`.`person` (`id`, `first_name`, `last_name`, `account_id`, `contact_id`) VALUES (527, 'Toma', 'Lintot', null, null);
INSERT INTO `ocpizza`.`person` (`id`, `first_name`, `last_name`, `account_id`, `contact_id`) VALUES (528, 'Herb', 'Balke', null, null);
INSERT INTO `ocpizza`.`person` (`id`, `first_name`, `last_name`, `account_id`, `contact_id`) VALUES (529, 'Irvine', 'Eastman', null, null);
INSERT INTO `ocpizza`.`person` (`id`, `first_name`, `last_name`, `account_id`, `contact_id`) VALUES (530, 'Lorry', 'Matthewes', null, null);
INSERT INTO `ocpizza`.`person` (`id`, `first_name`, `last_name`, `account_id`, `contact_id`) VALUES (531, 'Temp', 'Canadine', null, null);
INSERT INTO `ocpizza`.`person` (`id`, `first_name`, `last_name`, `account_id`, `contact_id`) VALUES (532, 'Pace', 'Heber', null, null);
INSERT INTO `ocpizza`.`person` (`id`, `first_name`, `last_name`, `account_id`, `contact_id`) VALUES (533, 'Fernanda', 'Soigne', null, null);
INSERT INTO `ocpizza`.`person` (`id`, `first_name`, `last_name`, `account_id`, `contact_id`) VALUES (534, 'Kaitlynn', 'Paszak', null, null);
INSERT INTO `ocpizza`.`person` (`id`, `first_name`, `last_name`, `account_id`, `contact_id`) VALUES (535, 'Florencia', 'Winks', null, null);
INSERT INTO `ocpizza`.`person` (`id`, `first_name`, `last_name`, `account_id`, `contact_id`) VALUES (536, 'Rubetta', 'Dye', null, null);
INSERT INTO `ocpizza`.`person` (`id`, `first_name`, `last_name`, `account_id`, `contact_id`) VALUES (537, 'Jamaal', 'Connolly', null, null);
INSERT INTO `ocpizza`.`person` (`id`, `first_name`, `last_name`, `account_id`, `contact_id`) VALUES (538, 'Jeralee', 'Coldman', null, null);
INSERT INTO `ocpizza`.`person` (`id`, `first_name`, `last_name`, `account_id`, `contact_id`) VALUES (539, 'Loydie', 'Danielian', null, null);
INSERT INTO `ocpizza`.`person` (`id`, `first_name`, `last_name`, `account_id`, `contact_id`) VALUES (540, 'Jacquetta', 'Twopenny', null, null);
INSERT INTO `ocpizza`.`person` (`id`, `first_name`, `last_name`, `account_id`, `contact_id`) VALUES (541, 'Cathie', 'McMechan', null, null);
INSERT INTO `ocpizza`.`person` (`id`, `first_name`, `last_name`, `account_id`, `contact_id`) VALUES (542, 'Celinka', 'Dahill', null, null);
INSERT INTO `ocpizza`.`person` (`id`, `first_name`, `last_name`, `account_id`, `contact_id`) VALUES (543, 'Aguste', 'Golledge', null, null);
INSERT INTO `ocpizza`.`person` (`id`, `first_name`, `last_name`, `account_id`, `contact_id`) VALUES (544, 'Caprice', 'Carrick', null, null);
INSERT INTO `ocpizza`.`person` (`id`, `first_name`, `last_name`, `account_id`, `contact_id`) VALUES (545, 'Freddie', 'Sibthorp', null, null);
INSERT INTO `ocpizza`.`person` (`id`, `first_name`, `last_name`, `account_id`, `contact_id`) VALUES (546, 'Glen', 'Gorey', null, null);
INSERT INTO `ocpizza`.`person` (`id`, `first_name`, `last_name`, `account_id`, `contact_id`) VALUES (547, 'Dominique', 'Rowes', null, null);
INSERT INTO `ocpizza`.`person` (`id`, `first_name`, `last_name`, `account_id`, `contact_id`) VALUES (548, 'Sigismond', 'Wiggins', null, null);
INSERT INTO `ocpizza`.`person` (`id`, `first_name`, `last_name`, `account_id`, `contact_id`) VALUES (549, 'Hunter', 'Heddon', null, null);
INSERT INTO `ocpizza`.`person` (`id`, `first_name`, `last_name`, `account_id`, `contact_id`) VALUES (550, 'Cecile', 'Manjin', null, null);
INSERT INTO `ocpizza`.`person` (`id`, `first_name`, `last_name`, `account_id`, `contact_id`) VALUES (551, 'Willabella', 'Fryett', null, null);
INSERT INTO `ocpizza`.`person` (`id`, `first_name`, `last_name`, `account_id`, `contact_id`) VALUES (552, 'Alma', 'Rentcome', null, null);
INSERT INTO `ocpizza`.`person` (`id`, `first_name`, `last_name`, `account_id`, `contact_id`) VALUES (553, 'Massimo', 'Winsome', null, null);
INSERT INTO `ocpizza`.`person` (`id`, `first_name`, `last_name`, `account_id`, `contact_id`) VALUES (554, 'Tiphani', 'Prewett', null, null);
INSERT INTO `ocpizza`.`person` (`id`, `first_name`, `last_name`, `account_id`, `contact_id`) VALUES (555, 'Mari', 'Duffill', null, null);
INSERT INTO `ocpizza`.`person` (`id`, `first_name`, `last_name`, `account_id`, `contact_id`) VALUES (556, 'Gwenette', 'Sivior', null, null);
INSERT INTO `ocpizza`.`person` (`id`, `first_name`, `last_name`, `account_id`, `contact_id`) VALUES (557, 'Patrizius', 'Rofe', null, null);
INSERT INTO `ocpizza`.`person` (`id`, `first_name`, `last_name`, `account_id`, `contact_id`) VALUES (558, 'Ileane', 'Washtell', null, null);
INSERT INTO `ocpizza`.`person` (`id`, `first_name`, `last_name`, `account_id`, `contact_id`) VALUES (559, 'Ban', 'O\'Leary', null, null);
INSERT INTO `ocpizza`.`person` (`id`, `first_name`, `last_name`, `account_id`, `contact_id`) VALUES (560, 'Quent', 'Redrup', null, null);
INSERT INTO `ocpizza`.`person` (`id`, `first_name`, `last_name`, `account_id`, `contact_id`) VALUES (561, 'Roxana', 'Balas', null, null);
INSERT INTO `ocpizza`.`person` (`id`, `first_name`, `last_name`, `account_id`, `contact_id`) VALUES (562, 'Brennen', 'Brixey', null, null);
INSERT INTO `ocpizza`.`person` (`id`, `first_name`, `last_name`, `account_id`, `contact_id`) VALUES (563, 'Carlye', 'Tuxsell', null, null);
INSERT INTO `ocpizza`.`person` (`id`, `first_name`, `last_name`, `account_id`, `contact_id`) VALUES (564, 'Ezechiel', 'Nell', null, null);
INSERT INTO `ocpizza`.`person` (`id`, `first_name`, `last_name`, `account_id`, `contact_id`) VALUES (565, 'Dawna', 'Bardill', null, null);
INSERT INTO `ocpizza`.`person` (`id`, `first_name`, `last_name`, `account_id`, `contact_id`) VALUES (566, 'Arden', 'Bruin', null, null);
INSERT INTO `ocpizza`.`person` (`id`, `first_name`, `last_name`, `account_id`, `contact_id`) VALUES (567, 'Carie', 'Wones', null, null);
INSERT INTO `ocpizza`.`person` (`id`, `first_name`, `last_name`, `account_id`, `contact_id`) VALUES (568, 'Boyce', 'Hayth', null, null);
INSERT INTO `ocpizza`.`person` (`id`, `first_name`, `last_name`, `account_id`, `contact_id`) VALUES (569, 'Johannah', 'Whacket', null, null);
INSERT INTO `ocpizza`.`person` (`id`, `first_name`, `last_name`, `account_id`, `contact_id`) VALUES (570, 'Aviva', 'Stit', null, null);
INSERT INTO `ocpizza`.`person` (`id`, `first_name`, `last_name`, `account_id`, `contact_id`) VALUES (571, 'Byron', 'Catenot', null, null);
INSERT INTO `ocpizza`.`person` (`id`, `first_name`, `last_name`, `account_id`, `contact_id`) VALUES (572, 'Tammy', 'Corneil', null, null);
INSERT INTO `ocpizza`.`person` (`id`, `first_name`, `last_name`, `account_id`, `contact_id`) VALUES (573, 'Arabela', 'Rangeley', null, null);
INSERT INTO `ocpizza`.`person` (`id`, `first_name`, `last_name`, `account_id`, `contact_id`) VALUES (574, 'Monty', 'Itzhaki', null, null);
INSERT INTO `ocpizza`.`person` (`id`, `first_name`, `last_name`, `account_id`, `contact_id`) VALUES (575, 'Fifine', 'Petren', null, null);
INSERT INTO `ocpizza`.`person` (`id`, `first_name`, `last_name`, `account_id`, `contact_id`) VALUES (576, 'Rey', 'Nutbeem', null, null);
INSERT INTO `ocpizza`.`person` (`id`, `first_name`, `last_name`, `account_id`, `contact_id`) VALUES (577, 'Nappy', 'Shilstone', null, null);
INSERT INTO `ocpizza`.`person` (`id`, `first_name`, `last_name`, `account_id`, `contact_id`) VALUES (578, 'Vikki', 'MacCahee', null, null);
INSERT INTO `ocpizza`.`person` (`id`, `first_name`, `last_name`, `account_id`, `contact_id`) VALUES (579, 'Sanson', 'Montes', null, null);
INSERT INTO `ocpizza`.`person` (`id`, `first_name`, `last_name`, `account_id`, `contact_id`) VALUES (580, 'Christoforo', 'Innwood', null, null);
INSERT INTO `ocpizza`.`person` (`id`, `first_name`, `last_name`, `account_id`, `contact_id`) VALUES (581, 'Salvatore', 'Joron', null, null);
INSERT INTO `ocpizza`.`person` (`id`, `first_name`, `last_name`, `account_id`, `contact_id`) VALUES (582, 'Lesya', 'Macconachy', null, null);
INSERT INTO `ocpizza`.`person` (`id`, `first_name`, `last_name`, `account_id`, `contact_id`) VALUES (583, 'Karol', 'Feak', null, null);
INSERT INTO `ocpizza`.`person` (`id`, `first_name`, `last_name`, `account_id`, `contact_id`) VALUES (584, 'Broddy', 'Duran', null, null);
INSERT INTO `ocpizza`.`person` (`id`, `first_name`, `last_name`, `account_id`, `contact_id`) VALUES (585, 'Marlyn', 'Rennolds', null, null);
INSERT INTO `ocpizza`.`person` (`id`, `first_name`, `last_name`, `account_id`, `contact_id`) VALUES (586, 'Madeline', 'Hitscher', null, null);
INSERT INTO `ocpizza`.`person` (`id`, `first_name`, `last_name`, `account_id`, `contact_id`) VALUES (587, 'Madge', 'Runge', null, null);
INSERT INTO `ocpizza`.`person` (`id`, `first_name`, `last_name`, `account_id`, `contact_id`) VALUES (588, 'Christyna', 'Debill', null, null);
INSERT INTO `ocpizza`.`person` (`id`, `first_name`, `last_name`, `account_id`, `contact_id`) VALUES (589, 'Flossy', 'Robroe', null, null);
INSERT INTO `ocpizza`.`person` (`id`, `first_name`, `last_name`, `account_id`, `contact_id`) VALUES (590, 'Gustavus', 'Saw', null, null);
INSERT INTO `ocpizza`.`person` (`id`, `first_name`, `last_name`, `account_id`, `contact_id`) VALUES (591, 'Griswold', 'Hinkens', null, null);
INSERT INTO `ocpizza`.`person` (`id`, `first_name`, `last_name`, `account_id`, `contact_id`) VALUES (592, 'Ivan', 'Peret', null, null);
INSERT INTO `ocpizza`.`person` (`id`, `first_name`, `last_name`, `account_id`, `contact_id`) VALUES (593, 'Baxy', 'Le Jean', null, null);
INSERT INTO `ocpizza`.`person` (`id`, `first_name`, `last_name`, `account_id`, `contact_id`) VALUES (594, 'Latisha', 'Mustoo', null, null);
INSERT INTO `ocpizza`.`person` (`id`, `first_name`, `last_name`, `account_id`, `contact_id`) VALUES (595, 'Trescha', 'Giottini', null, null);
INSERT INTO `ocpizza`.`person` (`id`, `first_name`, `last_name`, `account_id`, `contact_id`) VALUES (596, 'Selby', 'McSweeney', null, null);
INSERT INTO `ocpizza`.`person` (`id`, `first_name`, `last_name`, `account_id`, `contact_id`) VALUES (597, 'Benito', 'Ausello', null, null);
INSERT INTO `ocpizza`.`person` (`id`, `first_name`, `last_name`, `account_id`, `contact_id`) VALUES (598, 'Jaclin', 'Chessil', null, null);
INSERT INTO `ocpizza`.`person` (`id`, `first_name`, `last_name`, `account_id`, `contact_id`) VALUES (599, 'Carr', 'Prandini', null, null);
INSERT INTO `ocpizza`.`person` (`id`, `first_name`, `last_name`, `account_id`, `contact_id`) VALUES (600, 'Chicky', 'Bisco', null, null);
INSERT INTO `ocpizza`.`person` (`id`, `first_name`, `last_name`, `account_id`, `contact_id`) VALUES (601, 'Wallie', 'Simnett', null, null);
INSERT INTO `ocpizza`.`person` (`id`, `first_name`, `last_name`, `account_id`, `contact_id`) VALUES (602, 'Dewitt', 'Izhaky', null, null);
INSERT INTO `ocpizza`.`person` (`id`, `first_name`, `last_name`, `account_id`, `contact_id`) VALUES (603, 'Oralla', 'Doorbar', null, null);
INSERT INTO `ocpizza`.`person` (`id`, `first_name`, `last_name`, `account_id`, `contact_id`) VALUES (604, 'Nathan', 'Trematick', null, null);
INSERT INTO `ocpizza`.`person` (`id`, `first_name`, `last_name`, `account_id`, `contact_id`) VALUES (605, 'Mira', 'Ride', null, null);
INSERT INTO `ocpizza`.`person` (`id`, `first_name`, `last_name`, `account_id`, `contact_id`) VALUES (606, 'Elladine', 'Landor', null, null);
INSERT INTO `ocpizza`.`person` (`id`, `first_name`, `last_name`, `account_id`, `contact_id`) VALUES (607, 'Malinda', 'Gerhold', null, null);
INSERT INTO `ocpizza`.`person` (`id`, `first_name`, `last_name`, `account_id`, `contact_id`) VALUES (608, 'Manfred', 'Kinnear', null, null);
INSERT INTO `ocpizza`.`person` (`id`, `first_name`, `last_name`, `account_id`, `contact_id`) VALUES (609, 'Bernice', 'Laird-Craig', null, null);
INSERT INTO `ocpizza`.`person` (`id`, `first_name`, `last_name`, `account_id`, `contact_id`) VALUES (610, 'Dawna', 'McVeighty', null, null);
INSERT INTO `ocpizza`.`person` (`id`, `first_name`, `last_name`, `account_id`, `contact_id`) VALUES (611, 'Monique', 'Ellwand', null, null);
INSERT INTO `ocpizza`.`person` (`id`, `first_name`, `last_name`, `account_id`, `contact_id`) VALUES (612, 'Rikki', 'Goudie', null, null);
INSERT INTO `ocpizza`.`person` (`id`, `first_name`, `last_name`, `account_id`, `contact_id`) VALUES (613, 'Hew', 'Umney', null, null);
INSERT INTO `ocpizza`.`person` (`id`, `first_name`, `last_name`, `account_id`, `contact_id`) VALUES (614, 'Aila', 'Caddies', null, null);
INSERT INTO `ocpizza`.`person` (`id`, `first_name`, `last_name`, `account_id`, `contact_id`) VALUES (615, 'Jessamine', 'Shopcott', null, null);
INSERT INTO `ocpizza`.`person` (`id`, `first_name`, `last_name`, `account_id`, `contact_id`) VALUES (616, 'Brennen', 'Geertsen', null, null);
INSERT INTO `ocpizza`.`person` (`id`, `first_name`, `last_name`, `account_id`, `contact_id`) VALUES (617, 'Mitchael', 'Purdy', null, null);
INSERT INTO `ocpizza`.`person` (`id`, `first_name`, `last_name`, `account_id`, `contact_id`) VALUES (618, 'Charity', 'Fidoe', null, null);
INSERT INTO `ocpizza`.`person` (`id`, `first_name`, `last_name`, `account_id`, `contact_id`) VALUES (619, 'Malachi', 'Leel', null, null);
INSERT INTO `ocpizza`.`person` (`id`, `first_name`, `last_name`, `account_id`, `contact_id`) VALUES (620, 'Adaline', 'Mabson', null, null);
INSERT INTO `ocpizza`.`person` (`id`, `first_name`, `last_name`, `account_id`, `contact_id`) VALUES (621, 'Traver', 'Harberer', null, null);
INSERT INTO `ocpizza`.`person` (`id`, `first_name`, `last_name`, `account_id`, `contact_id`) VALUES (622, 'Corri', 'Allnutt', null, null);
INSERT INTO `ocpizza`.`person` (`id`, `first_name`, `last_name`, `account_id`, `contact_id`) VALUES (623, 'Mickie', 'Colten', null, null);
INSERT INTO `ocpizza`.`person` (`id`, `first_name`, `last_name`, `account_id`, `contact_id`) VALUES (624, 'Tally', 'Kynastone', null, null);
INSERT INTO `ocpizza`.`person` (`id`, `first_name`, `last_name`, `account_id`, `contact_id`) VALUES (625, 'Moore', 'Petzold', null, null);
INSERT INTO `ocpizza`.`person` (`id`, `first_name`, `last_name`, `account_id`, `contact_id`) VALUES (626, 'Saw', 'Jaqueme', null, null);
INSERT INTO `ocpizza`.`person` (`id`, `first_name`, `last_name`, `account_id`, `contact_id`) VALUES (627, 'Sherilyn', 'Lindell', null, null);
INSERT INTO `ocpizza`.`person` (`id`, `first_name`, `last_name`, `account_id`, `contact_id`) VALUES (628, 'Delly', 'Deas', null, null);
INSERT INTO `ocpizza`.`person` (`id`, `first_name`, `last_name`, `account_id`, `contact_id`) VALUES (629, 'Randie', 'Littell', null, null);
INSERT INTO `ocpizza`.`person` (`id`, `first_name`, `last_name`, `account_id`, `contact_id`) VALUES (630, 'Sebastian', 'O\' Scallan', null, null);
INSERT INTO `ocpizza`.`person` (`id`, `first_name`, `last_name`, `account_id`, `contact_id`) VALUES (631, 'Pip', 'Cunnah', null, null);
INSERT INTO `ocpizza`.`person` (`id`, `first_name`, `last_name`, `account_id`, `contact_id`) VALUES (632, 'Eloisa', 'Tollet', null, null);
INSERT INTO `ocpizza`.`person` (`id`, `first_name`, `last_name`, `account_id`, `contact_id`) VALUES (633, 'Abdel', 'Colbourn', null, null);
INSERT INTO `ocpizza`.`person` (`id`, `first_name`, `last_name`, `account_id`, `contact_id`) VALUES (634, 'Bradley', 'Cree', null, null);
INSERT INTO `ocpizza`.`person` (`id`, `first_name`, `last_name`, `account_id`, `contact_id`) VALUES (635, 'Julietta', 'Tolworth', null, null);
INSERT INTO `ocpizza`.`person` (`id`, `first_name`, `last_name`, `account_id`, `contact_id`) VALUES (636, 'Mel', 'Philcox', null, null);
INSERT INTO `ocpizza`.`person` (`id`, `first_name`, `last_name`, `account_id`, `contact_id`) VALUES (637, 'Barbara', 'Cutill', null, null);
INSERT INTO `ocpizza`.`person` (`id`, `first_name`, `last_name`, `account_id`, `contact_id`) VALUES (638, 'Merwin', 'Crossley', null, null);
INSERT INTO `ocpizza`.`person` (`id`, `first_name`, `last_name`, `account_id`, `contact_id`) VALUES (639, 'Teodora', 'Mostyn', null, null);
INSERT INTO `ocpizza`.`person` (`id`, `first_name`, `last_name`, `account_id`, `contact_id`) VALUES (640, 'Maryl', 'Woodard', null, null);
INSERT INTO `ocpizza`.`person` (`id`, `first_name`, `last_name`, `account_id`, `contact_id`) VALUES (641, 'Bettina', 'Mc Kellen', null, null);
INSERT INTO `ocpizza`.`person` (`id`, `first_name`, `last_name`, `account_id`, `contact_id`) VALUES (642, 'Syd', 'Trineman', null, null);
INSERT INTO `ocpizza`.`person` (`id`, `first_name`, `last_name`, `account_id`, `contact_id`) VALUES (643, 'Dyan', 'Fasham', null, null);
INSERT INTO `ocpizza`.`person` (`id`, `first_name`, `last_name`, `account_id`, `contact_id`) VALUES (644, 'Nancy', 'Osgordby', null, null);
INSERT INTO `ocpizza`.`person` (`id`, `first_name`, `last_name`, `account_id`, `contact_id`) VALUES (645, 'Adelaide', 'Whyborn', null, null);
INSERT INTO `ocpizza`.`person` (`id`, `first_name`, `last_name`, `account_id`, `contact_id`) VALUES (646, 'Ody', 'Monkleigh', null, null);
INSERT INTO `ocpizza`.`person` (`id`, `first_name`, `last_name`, `account_id`, `contact_id`) VALUES (647, 'Siouxie', 'Wickins', null, null);
INSERT INTO `ocpizza`.`person` (`id`, `first_name`, `last_name`, `account_id`, `contact_id`) VALUES (648, 'Didi', 'Latan', null, null);
INSERT INTO `ocpizza`.`person` (`id`, `first_name`, `last_name`, `account_id`, `contact_id`) VALUES (649, 'Tiena', 'Treadaway', null, null);
INSERT INTO `ocpizza`.`person` (`id`, `first_name`, `last_name`, `account_id`, `contact_id`) VALUES (650, 'Gilli', 'Jeaycock', null, null);
INSERT INTO `ocpizza`.`person` (`id`, `first_name`, `last_name`, `account_id`, `contact_id`) VALUES (651, 'Mandi', 'Rigglesford', null, null);
INSERT INTO `ocpizza`.`person` (`id`, `first_name`, `last_name`, `account_id`, `contact_id`) VALUES (652, 'Ricca', 'Beckham', null, null);
INSERT INTO `ocpizza`.`person` (`id`, `first_name`, `last_name`, `account_id`, `contact_id`) VALUES (653, 'Ainslie', 'Dyball', null, null);
INSERT INTO `ocpizza`.`person` (`id`, `first_name`, `last_name`, `account_id`, `contact_id`) VALUES (654, 'Angie', 'Fost', null, null);
INSERT INTO `ocpizza`.`person` (`id`, `first_name`, `last_name`, `account_id`, `contact_id`) VALUES (655, 'Adriane', 'Bolliver', null, null);
INSERT INTO `ocpizza`.`person` (`id`, `first_name`, `last_name`, `account_id`, `contact_id`) VALUES (656, 'Ferris', 'Toope', null, null);
INSERT INTO `ocpizza`.`person` (`id`, `first_name`, `last_name`, `account_id`, `contact_id`) VALUES (657, 'Elene', 'Broxap', null, null);
INSERT INTO `ocpizza`.`person` (`id`, `first_name`, `last_name`, `account_id`, `contact_id`) VALUES (658, 'Osmond', 'Wilcot', null, null);
INSERT INTO `ocpizza`.`person` (`id`, `first_name`, `last_name`, `account_id`, `contact_id`) VALUES (659, 'Jacquenette', 'Deniske', null, null);
INSERT INTO `ocpizza`.`person` (`id`, `first_name`, `last_name`, `account_id`, `contact_id`) VALUES (660, 'Barney', 'Cornillot', null, null);
INSERT INTO `ocpizza`.`person` (`id`, `first_name`, `last_name`, `account_id`, `contact_id`) VALUES (661, 'Abram', 'Stonner', null, null);
INSERT INTO `ocpizza`.`person` (`id`, `first_name`, `last_name`, `account_id`, `contact_id`) VALUES (662, 'Evangelia', 'Pither', null, null);
INSERT INTO `ocpizza`.`person` (`id`, `first_name`, `last_name`, `account_id`, `contact_id`) VALUES (663, 'Stephana', 'Dearle', null, null);
INSERT INTO `ocpizza`.`person` (`id`, `first_name`, `last_name`, `account_id`, `contact_id`) VALUES (664, 'Kirsten', 'Fricke', null, null);
INSERT INTO `ocpizza`.`person` (`id`, `first_name`, `last_name`, `account_id`, `contact_id`) VALUES (665, 'Reeva', 'Cafferty', null, null);
INSERT INTO `ocpizza`.`person` (`id`, `first_name`, `last_name`, `account_id`, `contact_id`) VALUES (666, 'Melly', 'Mulleary', null, null);
INSERT INTO `ocpizza`.`person` (`id`, `first_name`, `last_name`, `account_id`, `contact_id`) VALUES (667, 'Yves', 'Rosellini', null, null);
INSERT INTO `ocpizza`.`person` (`id`, `first_name`, `last_name`, `account_id`, `contact_id`) VALUES (668, 'Leanna', 'Minghella', null, null);
INSERT INTO `ocpizza`.`person` (`id`, `first_name`, `last_name`, `account_id`, `contact_id`) VALUES (669, 'Gustav', 'Coop', null, null);
INSERT INTO `ocpizza`.`person` (`id`, `first_name`, `last_name`, `account_id`, `contact_id`) VALUES (670, 'Eldredge', 'Rivelon', null, null);
INSERT INTO `ocpizza`.`person` (`id`, `first_name`, `last_name`, `account_id`, `contact_id`) VALUES (671, 'Marylou', 'Edgworth', null, null);
INSERT INTO `ocpizza`.`person` (`id`, `first_name`, `last_name`, `account_id`, `contact_id`) VALUES (672, 'Clari', 'Humes', null, null);
INSERT INTO `ocpizza`.`person` (`id`, `first_name`, `last_name`, `account_id`, `contact_id`) VALUES (673, 'Abner', 'Bourke', null, null);
INSERT INTO `ocpizza`.`person` (`id`, `first_name`, `last_name`, `account_id`, `contact_id`) VALUES (674, 'Wain', 'Eadon', null, null);
INSERT INTO `ocpizza`.`person` (`id`, `first_name`, `last_name`, `account_id`, `contact_id`) VALUES (675, 'Katerina', 'Houndson', null, null);
INSERT INTO `ocpizza`.`person` (`id`, `first_name`, `last_name`, `account_id`, `contact_id`) VALUES (676, 'Janna', 'Laxston', null, null);
INSERT INTO `ocpizza`.`person` (`id`, `first_name`, `last_name`, `account_id`, `contact_id`) VALUES (677, 'Renaud', 'Matlock', null, null);
INSERT INTO `ocpizza`.`person` (`id`, `first_name`, `last_name`, `account_id`, `contact_id`) VALUES (678, 'Yettie', 'Hedworth', null, null);
INSERT INTO `ocpizza`.`person` (`id`, `first_name`, `last_name`, `account_id`, `contact_id`) VALUES (679, 'Olenolin', 'Lampen', null, null);
INSERT INTO `ocpizza`.`person` (`id`, `first_name`, `last_name`, `account_id`, `contact_id`) VALUES (680, 'Hyacinthe', 'Mahony', null, null);
INSERT INTO `ocpizza`.`person` (`id`, `first_name`, `last_name`, `account_id`, `contact_id`) VALUES (681, 'Husain', 'Shovelbottom', null, null);
INSERT INTO `ocpizza`.`person` (`id`, `first_name`, `last_name`, `account_id`, `contact_id`) VALUES (682, 'Tyrus', 'Jull', null, null);
INSERT INTO `ocpizza`.`person` (`id`, `first_name`, `last_name`, `account_id`, `contact_id`) VALUES (683, 'Janie', 'Darwen', null, null);
INSERT INTO `ocpizza`.`person` (`id`, `first_name`, `last_name`, `account_id`, `contact_id`) VALUES (684, 'Francine', 'Cirlos', null, null);
INSERT INTO `ocpizza`.`person` (`id`, `first_name`, `last_name`, `account_id`, `contact_id`) VALUES (685, 'Tyrone', 'Ashingden', null, null);
INSERT INTO `ocpizza`.`person` (`id`, `first_name`, `last_name`, `account_id`, `contact_id`) VALUES (686, 'Melonie', 'Madgin', null, null);
INSERT INTO `ocpizza`.`person` (`id`, `first_name`, `last_name`, `account_id`, `contact_id`) VALUES (687, 'Gussy', 'Morforth', null, null);
INSERT INTO `ocpizza`.`person` (`id`, `first_name`, `last_name`, `account_id`, `contact_id`) VALUES (688, 'Christopher', 'Shirt', null, null);
INSERT INTO `ocpizza`.`person` (`id`, `first_name`, `last_name`, `account_id`, `contact_id`) VALUES (689, 'Wesley', 'Hemphrey', null, null);
INSERT INTO `ocpizza`.`person` (`id`, `first_name`, `last_name`, `account_id`, `contact_id`) VALUES (690, 'Nichole', 'Tombleson', null, null);
INSERT INTO `ocpizza`.`person` (`id`, `first_name`, `last_name`, `account_id`, `contact_id`) VALUES (691, 'Ulrikaumeko', 'Rayer', null, null);
INSERT INTO `ocpizza`.`person` (`id`, `first_name`, `last_name`, `account_id`, `contact_id`) VALUES (692, 'Myron', 'Costley', null, null);
INSERT INTO `ocpizza`.`person` (`id`, `first_name`, `last_name`, `account_id`, `contact_id`) VALUES (693, 'Nert', 'Leteurtre', null, null);
INSERT INTO `ocpizza`.`person` (`id`, `first_name`, `last_name`, `account_id`, `contact_id`) VALUES (694, 'Olive', 'Rohloff', null, null);
INSERT INTO `ocpizza`.`person` (`id`, `first_name`, `last_name`, `account_id`, `contact_id`) VALUES (695, 'Walden', 'Bortolazzi', null, null);
INSERT INTO `ocpizza`.`person` (`id`, `first_name`, `last_name`, `account_id`, `contact_id`) VALUES (696, 'Mercy', 'Brine', null, null);
INSERT INTO `ocpizza`.`person` (`id`, `first_name`, `last_name`, `account_id`, `contact_id`) VALUES (697, 'Pierson', 'Atwater', null, null);
INSERT INTO `ocpizza`.`person` (`id`, `first_name`, `last_name`, `account_id`, `contact_id`) VALUES (698, 'Luis', 'Deverille', null, null);
INSERT INTO `ocpizza`.`person` (`id`, `first_name`, `last_name`, `account_id`, `contact_id`) VALUES (699, 'Waldon', 'Stockoe', null, null);
INSERT INTO `ocpizza`.`person` (`id`, `first_name`, `last_name`, `account_id`, `contact_id`) VALUES (700, 'Annalise', 'Hacon', null, null);
INSERT INTO `ocpizza`.`person` (`id`, `first_name`, `last_name`, `account_id`, `contact_id`) VALUES (701, 'Hallsy', 'Cearley', null, null);
INSERT INTO `ocpizza`.`person` (`id`, `first_name`, `last_name`, `account_id`, `contact_id`) VALUES (702, 'Nathanial', 'Kyncl', null, null);
INSERT INTO `ocpizza`.`person` (`id`, `first_name`, `last_name`, `account_id`, `contact_id`) VALUES (703, 'Baird', 'Gare', null, null);
INSERT INTO `ocpizza`.`person` (`id`, `first_name`, `last_name`, `account_id`, `contact_id`) VALUES (704, 'Kirby', 'Scrafton', null, null);
INSERT INTO `ocpizza`.`person` (`id`, `first_name`, `last_name`, `account_id`, `contact_id`) VALUES (705, 'Bianka', 'Collyer', null, null);
INSERT INTO `ocpizza`.`person` (`id`, `first_name`, `last_name`, `account_id`, `contact_id`) VALUES (706, 'Vlad', 'Jedrzejczak', null, null);
INSERT INTO `ocpizza`.`person` (`id`, `first_name`, `last_name`, `account_id`, `contact_id`) VALUES (707, 'Gertrud', 'Pablo', null, null);
INSERT INTO `ocpizza`.`person` (`id`, `first_name`, `last_name`, `account_id`, `contact_id`) VALUES (708, 'Ker', 'Menci', null, null);
INSERT INTO `ocpizza`.`person` (`id`, `first_name`, `last_name`, `account_id`, `contact_id`) VALUES (709, 'Adrianna', 'Braznell', null, null);
INSERT INTO `ocpizza`.`person` (`id`, `first_name`, `last_name`, `account_id`, `contact_id`) VALUES (710, 'Wilma', 'Barfield', null, null);
INSERT INTO `ocpizza`.`person` (`id`, `first_name`, `last_name`, `account_id`, `contact_id`) VALUES (711, 'Janey', 'Biffen', null, null);
INSERT INTO `ocpizza`.`person` (`id`, `first_name`, `last_name`, `account_id`, `contact_id`) VALUES (712, 'Nickolaus', 'Challis', null, null);
INSERT INTO `ocpizza`.`person` (`id`, `first_name`, `last_name`, `account_id`, `contact_id`) VALUES (713, 'Sharia', 'Judron', null, null);
INSERT INTO `ocpizza`.`person` (`id`, `first_name`, `last_name`, `account_id`, `contact_id`) VALUES (714, 'Janenna', 'Koubu', null, null);
INSERT INTO `ocpizza`.`person` (`id`, `first_name`, `last_name`, `account_id`, `contact_id`) VALUES (715, 'Duane', 'Castagne', null, null);
INSERT INTO `ocpizza`.`person` (`id`, `first_name`, `last_name`, `account_id`, `contact_id`) VALUES (716, 'Dael', 'Breakwell', null, null);
INSERT INTO `ocpizza`.`person` (`id`, `first_name`, `last_name`, `account_id`, `contact_id`) VALUES (717, 'Luise', 'Birdseye', null, null);
INSERT INTO `ocpizza`.`person` (`id`, `first_name`, `last_name`, `account_id`, `contact_id`) VALUES (718, 'Huntley', 'Milburn', null, null);
INSERT INTO `ocpizza`.`person` (`id`, `first_name`, `last_name`, `account_id`, `contact_id`) VALUES (719, 'Paulina', 'Cornell', null, null);
INSERT INTO `ocpizza`.`person` (`id`, `first_name`, `last_name`, `account_id`, `contact_id`) VALUES (720, 'Claudelle', 'MacCome', null, null);
INSERT INTO `ocpizza`.`person` (`id`, `first_name`, `last_name`, `account_id`, `contact_id`) VALUES (721, 'Red', 'Foggarty', null, null);
INSERT INTO `ocpizza`.`person` (`id`, `first_name`, `last_name`, `account_id`, `contact_id`) VALUES (722, 'Waly', 'Milbourne', null, null);
INSERT INTO `ocpizza`.`person` (`id`, `first_name`, `last_name`, `account_id`, `contact_id`) VALUES (723, 'Nikita', 'Eyam', null, null);
INSERT INTO `ocpizza`.`person` (`id`, `first_name`, `last_name`, `account_id`, `contact_id`) VALUES (724, 'Ebba', 'Lackie', null, null);
INSERT INTO `ocpizza`.`person` (`id`, `first_name`, `last_name`, `account_id`, `contact_id`) VALUES (725, 'Barnett', 'Jeromson', null, null);
INSERT INTO `ocpizza`.`person` (`id`, `first_name`, `last_name`, `account_id`, `contact_id`) VALUES (726, 'Delbert', 'Menchenton', null, null);
INSERT INTO `ocpizza`.`person` (`id`, `first_name`, `last_name`, `account_id`, `contact_id`) VALUES (727, 'Aila', 'Upcraft', null, null);
INSERT INTO `ocpizza`.`person` (`id`, `first_name`, `last_name`, `account_id`, `contact_id`) VALUES (728, 'Baxy', 'Briddle', null, null);
INSERT INTO `ocpizza`.`person` (`id`, `first_name`, `last_name`, `account_id`, `contact_id`) VALUES (729, 'Rania', 'Josskowitz', null, null);
INSERT INTO `ocpizza`.`person` (`id`, `first_name`, `last_name`, `account_id`, `contact_id`) VALUES (730, 'Sheffy', 'Brooksbie', null, null);
INSERT INTO `ocpizza`.`person` (`id`, `first_name`, `last_name`, `account_id`, `contact_id`) VALUES (731, 'Cindi', 'Dobel', null, null);
INSERT INTO `ocpizza`.`person` (`id`, `first_name`, `last_name`, `account_id`, `contact_id`) VALUES (732, 'Eduino', 'Pancoust', null, null);
INSERT INTO `ocpizza`.`person` (`id`, `first_name`, `last_name`, `account_id`, `contact_id`) VALUES (733, 'Andy', 'McLarens', null, null);
INSERT INTO `ocpizza`.`person` (`id`, `first_name`, `last_name`, `account_id`, `contact_id`) VALUES (734, 'Tobe', 'Bosson', null, null);
INSERT INTO `ocpizza`.`person` (`id`, `first_name`, `last_name`, `account_id`, `contact_id`) VALUES (735, 'Vick', 'Regorz', null, null);
INSERT INTO `ocpizza`.`person` (`id`, `first_name`, `last_name`, `account_id`, `contact_id`) VALUES (736, 'Gorden', 'Kenworthey', null, null);
INSERT INTO `ocpizza`.`person` (`id`, `first_name`, `last_name`, `account_id`, `contact_id`) VALUES (737, 'Lodovico', 'Kalberer', null, null);
INSERT INTO `ocpizza`.`person` (`id`, `first_name`, `last_name`, `account_id`, `contact_id`) VALUES (738, 'Derril', 'Daborn', null, null);
INSERT INTO `ocpizza`.`person` (`id`, `first_name`, `last_name`, `account_id`, `contact_id`) VALUES (739, 'Miner', 'Abercromby', null, null);
INSERT INTO `ocpizza`.`person` (`id`, `first_name`, `last_name`, `account_id`, `contact_id`) VALUES (740, 'Herculie', 'Dooher', null, null);
INSERT INTO `ocpizza`.`person` (`id`, `first_name`, `last_name`, `account_id`, `contact_id`) VALUES (741, 'Kalvin', 'Pickervance', null, null);
INSERT INTO `ocpizza`.`person` (`id`, `first_name`, `last_name`, `account_id`, `contact_id`) VALUES (742, 'Augustine', 'Szymon', null, null);
INSERT INTO `ocpizza`.`person` (`id`, `first_name`, `last_name`, `account_id`, `contact_id`) VALUES (743, 'Axe', 'Knibbs', null, null);
INSERT INTO `ocpizza`.`person` (`id`, `first_name`, `last_name`, `account_id`, `contact_id`) VALUES (744, 'Reinhard', 'Veare', null, null);
INSERT INTO `ocpizza`.`person` (`id`, `first_name`, `last_name`, `account_id`, `contact_id`) VALUES (745, 'Faun', 'Skillanders', null, null);
INSERT INTO `ocpizza`.`person` (`id`, `first_name`, `last_name`, `account_id`, `contact_id`) VALUES (746, 'Linette', 'Woolley', null, null);
INSERT INTO `ocpizza`.`person` (`id`, `first_name`, `last_name`, `account_id`, `contact_id`) VALUES (747, 'Jeni', 'Meere', null, null);
INSERT INTO `ocpizza`.`person` (`id`, `first_name`, `last_name`, `account_id`, `contact_id`) VALUES (748, 'Dun', 'Graybeal', null, null);
INSERT INTO `ocpizza`.`person` (`id`, `first_name`, `last_name`, `account_id`, `contact_id`) VALUES (749, 'Berny', 'Decayette', null, null);
INSERT INTO `ocpizza`.`person` (`id`, `first_name`, `last_name`, `account_id`, `contact_id`) VALUES (750, 'Ruthe', 'Fernez', null, null);
INSERT INTO `ocpizza`.`person` (`id`, `first_name`, `last_name`, `account_id`, `contact_id`) VALUES (751, 'Terese', 'McCrann', null, null);
INSERT INTO `ocpizza`.`person` (`id`, `first_name`, `last_name`, `account_id`, `contact_id`) VALUES (752, 'Darrelle', 'Blasik', null, null);
INSERT INTO `ocpizza`.`person` (`id`, `first_name`, `last_name`, `account_id`, `contact_id`) VALUES (753, 'Guillemette', 'Jopp', null, null);
INSERT INTO `ocpizza`.`person` (`id`, `first_name`, `last_name`, `account_id`, `contact_id`) VALUES (754, 'Babita', 'Ilott', null, null);
INSERT INTO `ocpizza`.`person` (`id`, `first_name`, `last_name`, `account_id`, `contact_id`) VALUES (755, 'Mureil', 'Crepin', null, null);
INSERT INTO `ocpizza`.`person` (`id`, `first_name`, `last_name`, `account_id`, `contact_id`) VALUES (756, 'Francoise', 'Brunel', null, null);
INSERT INTO `ocpizza`.`person` (`id`, `first_name`, `last_name`, `account_id`, `contact_id`) VALUES (757, 'Wilden', 'Grimble', null, null);
INSERT INTO `ocpizza`.`person` (`id`, `first_name`, `last_name`, `account_id`, `contact_id`) VALUES (758, 'Orelle', 'Hulett', null, null);
INSERT INTO `ocpizza`.`person` (`id`, `first_name`, `last_name`, `account_id`, `contact_id`) VALUES (759, 'Doro', 'Schultz', null, null);
INSERT INTO `ocpizza`.`person` (`id`, `first_name`, `last_name`, `account_id`, `contact_id`) VALUES (760, 'Darrick', 'McCrone', null, null);
INSERT INTO `ocpizza`.`person` (`id`, `first_name`, `last_name`, `account_id`, `contact_id`) VALUES (761, 'Mona', 'McAuslene', null, null);
INSERT INTO `ocpizza`.`person` (`id`, `first_name`, `last_name`, `account_id`, `contact_id`) VALUES (762, 'Aldo', 'Bollen', null, null);
INSERT INTO `ocpizza`.`person` (`id`, `first_name`, `last_name`, `account_id`, `contact_id`) VALUES (763, 'Leonie', 'Berg', null, null);
INSERT INTO `ocpizza`.`person` (`id`, `first_name`, `last_name`, `account_id`, `contact_id`) VALUES (764, 'Danette', 'Dolder', null, null);
INSERT INTO `ocpizza`.`person` (`id`, `first_name`, `last_name`, `account_id`, `contact_id`) VALUES (765, 'Eada', 'Pinfold', null, null);
INSERT INTO `ocpizza`.`person` (`id`, `first_name`, `last_name`, `account_id`, `contact_id`) VALUES (766, 'Major', 'Vigus', null, null);
INSERT INTO `ocpizza`.`person` (`id`, `first_name`, `last_name`, `account_id`, `contact_id`) VALUES (767, 'Burty', 'Isted', null, null);
INSERT INTO `ocpizza`.`person` (`id`, `first_name`, `last_name`, `account_id`, `contact_id`) VALUES (768, 'Hailee', 'Huckstepp', null, null);
INSERT INTO `ocpizza`.`person` (`id`, `first_name`, `last_name`, `account_id`, `contact_id`) VALUES (769, 'Dena', 'Woolford', null, null);
INSERT INTO `ocpizza`.`person` (`id`, `first_name`, `last_name`, `account_id`, `contact_id`) VALUES (770, 'Karlene', 'Martinez', null, null);
INSERT INTO `ocpizza`.`person` (`id`, `first_name`, `last_name`, `account_id`, `contact_id`) VALUES (771, 'Jewelle', 'Ricks', null, null);
INSERT INTO `ocpizza`.`person` (`id`, `first_name`, `last_name`, `account_id`, `contact_id`) VALUES (772, 'Hephzibah', 'Mates', null, null);
INSERT INTO `ocpizza`.`person` (`id`, `first_name`, `last_name`, `account_id`, `contact_id`) VALUES (773, 'Shalom', 'Bane', null, null);
INSERT INTO `ocpizza`.`person` (`id`, `first_name`, `last_name`, `account_id`, `contact_id`) VALUES (774, 'Jacobo', 'Joll', null, null);
INSERT INTO `ocpizza`.`person` (`id`, `first_name`, `last_name`, `account_id`, `contact_id`) VALUES (775, 'Stirling', 'Pinhorn', null, null);
INSERT INTO `ocpizza`.`person` (`id`, `first_name`, `last_name`, `account_id`, `contact_id`) VALUES (776, 'Mame', 'Legging', null, null);
INSERT INTO `ocpizza`.`person` (`id`, `first_name`, `last_name`, `account_id`, `contact_id`) VALUES (777, 'Rianon', 'Brockest', null, null);
INSERT INTO `ocpizza`.`person` (`id`, `first_name`, `last_name`, `account_id`, `contact_id`) VALUES (778, 'Damaris', 'Densham', null, null);
INSERT INTO `ocpizza`.`person` (`id`, `first_name`, `last_name`, `account_id`, `contact_id`) VALUES (779, 'Paddie', 'Sperry', null, null);
INSERT INTO `ocpizza`.`person` (`id`, `first_name`, `last_name`, `account_id`, `contact_id`) VALUES (780, 'Balduin', 'Templman', null, null);
INSERT INTO `ocpizza`.`person` (`id`, `first_name`, `last_name`, `account_id`, `contact_id`) VALUES (781, 'Sim', 'Folan', null, null);
INSERT INTO `ocpizza`.`person` (`id`, `first_name`, `last_name`, `account_id`, `contact_id`) VALUES (782, 'Adelaida', 'Meaton', null, null);
INSERT INTO `ocpizza`.`person` (`id`, `first_name`, `last_name`, `account_id`, `contact_id`) VALUES (783, 'Nickolai', 'McMurty', null, null);
INSERT INTO `ocpizza`.`person` (`id`, `first_name`, `last_name`, `account_id`, `contact_id`) VALUES (784, 'Heida', 'Izzett', null, null);
INSERT INTO `ocpizza`.`person` (`id`, `first_name`, `last_name`, `account_id`, `contact_id`) VALUES (785, 'Wainwright', 'Blakemore', null, null);
INSERT INTO `ocpizza`.`person` (`id`, `first_name`, `last_name`, `account_id`, `contact_id`) VALUES (786, 'Halsey', 'Kardos', null, null);
INSERT INTO `ocpizza`.`person` (`id`, `first_name`, `last_name`, `account_id`, `contact_id`) VALUES (787, 'Daryl', 'Chaves', null, null);
INSERT INTO `ocpizza`.`person` (`id`, `first_name`, `last_name`, `account_id`, `contact_id`) VALUES (788, 'Tammie', 'Stitt', null, null);
INSERT INTO `ocpizza`.`person` (`id`, `first_name`, `last_name`, `account_id`, `contact_id`) VALUES (789, 'Vinnie', 'Barthelmes', null, null);
INSERT INTO `ocpizza`.`person` (`id`, `first_name`, `last_name`, `account_id`, `contact_id`) VALUES (790, 'Selby', 'Bernardinelli', null, null);
INSERT INTO `ocpizza`.`person` (`id`, `first_name`, `last_name`, `account_id`, `contact_id`) VALUES (791, 'Aimee', 'Gail', null, null);
INSERT INTO `ocpizza`.`person` (`id`, `first_name`, `last_name`, `account_id`, `contact_id`) VALUES (792, 'Amil', 'Ardley', null, null);
INSERT INTO `ocpizza`.`person` (`id`, `first_name`, `last_name`, `account_id`, `contact_id`) VALUES (793, 'Clement', 'Trasler', null, null);
INSERT INTO `ocpizza`.`person` (`id`, `first_name`, `last_name`, `account_id`, `contact_id`) VALUES (794, 'Laurence', 'Agglio', null, null);
INSERT INTO `ocpizza`.`person` (`id`, `first_name`, `last_name`, `account_id`, `contact_id`) VALUES (795, 'Rozanna', 'Oughtright', null, null);
INSERT INTO `ocpizza`.`person` (`id`, `first_name`, `last_name`, `account_id`, `contact_id`) VALUES (796, 'Helyn', 'Ateggart', null, null);
INSERT INTO `ocpizza`.`person` (`id`, `first_name`, `last_name`, `account_id`, `contact_id`) VALUES (797, 'Perry', 'Shorey', null, null);
INSERT INTO `ocpizza`.`person` (`id`, `first_name`, `last_name`, `account_id`, `contact_id`) VALUES (798, 'Cornell', 'Kamen', null, null);
INSERT INTO `ocpizza`.`person` (`id`, `first_name`, `last_name`, `account_id`, `contact_id`) VALUES (799, 'Patsy', 'Dullaghan', null, null);
INSERT INTO `ocpizza`.`person` (`id`, `first_name`, `last_name`, `account_id`, `contact_id`) VALUES (800, 'Eldin', 'Kalf', null, null);
INSERT INTO `ocpizza`.`person` (`id`, `first_name`, `last_name`, `account_id`, `contact_id`) VALUES (801, 'Nessy', 'Ksandra', null, null);
INSERT INTO `ocpizza`.`person` (`id`, `first_name`, `last_name`, `account_id`, `contact_id`) VALUES (802, 'Adam', 'Thraves', null, null);
INSERT INTO `ocpizza`.`person` (`id`, `first_name`, `last_name`, `account_id`, `contact_id`) VALUES (803, 'Jewelle', 'Redler', null, null);
INSERT INTO `ocpizza`.`person` (`id`, `first_name`, `last_name`, `account_id`, `contact_id`) VALUES (804, 'Jenica', 'Worters', null, null);
INSERT INTO `ocpizza`.`person` (`id`, `first_name`, `last_name`, `account_id`, `contact_id`) VALUES (805, 'Stevena', 'Paramor', null, null);
INSERT INTO `ocpizza`.`person` (`id`, `first_name`, `last_name`, `account_id`, `contact_id`) VALUES (806, 'Nalani', 'Burcombe', null, null);
INSERT INTO `ocpizza`.`person` (`id`, `first_name`, `last_name`, `account_id`, `contact_id`) VALUES (807, 'Carrissa', 'Solesbury', null, null);
INSERT INTO `ocpizza`.`person` (`id`, `first_name`, `last_name`, `account_id`, `contact_id`) VALUES (808, 'Papagena', 'Mitchall', null, null);
INSERT INTO `ocpizza`.`person` (`id`, `first_name`, `last_name`, `account_id`, `contact_id`) VALUES (809, 'Trip', 'Gook', null, null);
INSERT INTO `ocpizza`.`person` (`id`, `first_name`, `last_name`, `account_id`, `contact_id`) VALUES (810, 'Fredra', 'Atrill', null, null);
INSERT INTO `ocpizza`.`person` (`id`, `first_name`, `last_name`, `account_id`, `contact_id`) VALUES (811, 'Jody', 'Skala', null, null);
INSERT INTO `ocpizza`.`person` (`id`, `first_name`, `last_name`, `account_id`, `contact_id`) VALUES (812, 'Artemis', 'Bindley', null, null);
INSERT INTO `ocpizza`.`person` (`id`, `first_name`, `last_name`, `account_id`, `contact_id`) VALUES (813, 'Wyn', 'Ierland', null, null);
INSERT INTO `ocpizza`.`person` (`id`, `first_name`, `last_name`, `account_id`, `contact_id`) VALUES (814, 'Taryn', 'Arnott', null, null);
INSERT INTO `ocpizza`.`person` (`id`, `first_name`, `last_name`, `account_id`, `contact_id`) VALUES (815, 'Davine', 'Goldney', null, null);
INSERT INTO `ocpizza`.`person` (`id`, `first_name`, `last_name`, `account_id`, `contact_id`) VALUES (816, 'Hermia', 'Peddowe', null, null);
INSERT INTO `ocpizza`.`person` (`id`, `first_name`, `last_name`, `account_id`, `contact_id`) VALUES (817, 'Celie', 'Caffery', null, null);
INSERT INTO `ocpizza`.`person` (`id`, `first_name`, `last_name`, `account_id`, `contact_id`) VALUES (818, 'Mateo', 'Pedlingham', null, null);
INSERT INTO `ocpizza`.`person` (`id`, `first_name`, `last_name`, `account_id`, `contact_id`) VALUES (819, 'King', 'Scare', null, null);
INSERT INTO `ocpizza`.`person` (`id`, `first_name`, `last_name`, `account_id`, `contact_id`) VALUES (820, 'Pam', 'Le Breton De La Vieuville', null, null);
INSERT INTO `ocpizza`.`person` (`id`, `first_name`, `last_name`, `account_id`, `contact_id`) VALUES (821, 'Sherline', 'Bratt', null, null);
INSERT INTO `ocpizza`.`person` (`id`, `first_name`, `last_name`, `account_id`, `contact_id`) VALUES (822, 'Andres', 'Jopp', null, null);
INSERT INTO `ocpizza`.`person` (`id`, `first_name`, `last_name`, `account_id`, `contact_id`) VALUES (823, 'Janessa', 'Hopfner', null, null);
INSERT INTO `ocpizza`.`person` (`id`, `first_name`, `last_name`, `account_id`, `contact_id`) VALUES (824, 'Keary', 'Ebbutt', null, null);
INSERT INTO `ocpizza`.`person` (`id`, `first_name`, `last_name`, `account_id`, `contact_id`) VALUES (825, 'Cindee', 'Guterson', null, null);
INSERT INTO `ocpizza`.`person` (`id`, `first_name`, `last_name`, `account_id`, `contact_id`) VALUES (826, 'Reena', 'Dolley', null, null);
INSERT INTO `ocpizza`.`person` (`id`, `first_name`, `last_name`, `account_id`, `contact_id`) VALUES (827, 'Josie', 'Jurek', null, null);
INSERT INTO `ocpizza`.`person` (`id`, `first_name`, `last_name`, `account_id`, `contact_id`) VALUES (828, 'Herminia', 'Golborn', null, null);
INSERT INTO `ocpizza`.`person` (`id`, `first_name`, `last_name`, `account_id`, `contact_id`) VALUES (829, 'Daile', 'Brunning', null, null);
INSERT INTO `ocpizza`.`person` (`id`, `first_name`, `last_name`, `account_id`, `contact_id`) VALUES (830, 'Geno', 'Shawcroft', null, null);
INSERT INTO `ocpizza`.`person` (`id`, `first_name`, `last_name`, `account_id`, `contact_id`) VALUES (831, 'Holli', 'Boij', null, null);
INSERT INTO `ocpizza`.`person` (`id`, `first_name`, `last_name`, `account_id`, `contact_id`) VALUES (832, 'Trent', 'Tomik', null, null);
INSERT INTO `ocpizza`.`person` (`id`, `first_name`, `last_name`, `account_id`, `contact_id`) VALUES (833, 'Maurita', 'Whitten', null, null);
INSERT INTO `ocpizza`.`person` (`id`, `first_name`, `last_name`, `account_id`, `contact_id`) VALUES (834, 'Pansy', 'Wastling', null, null);
INSERT INTO `ocpizza`.`person` (`id`, `first_name`, `last_name`, `account_id`, `contact_id`) VALUES (835, 'Brandy', 'Springtorpe', null, null);
INSERT INTO `ocpizza`.`person` (`id`, `first_name`, `last_name`, `account_id`, `contact_id`) VALUES (836, 'Eachelle', 'Jurisch', null, null);
INSERT INTO `ocpizza`.`person` (`id`, `first_name`, `last_name`, `account_id`, `contact_id`) VALUES (837, 'Englebert', 'Beric', null, null);
INSERT INTO `ocpizza`.`person` (`id`, `first_name`, `last_name`, `account_id`, `contact_id`) VALUES (838, 'Anselm', 'Shore', null, null);
INSERT INTO `ocpizza`.`person` (`id`, `first_name`, `last_name`, `account_id`, `contact_id`) VALUES (839, 'Thorny', 'Maypowder', null, null);
INSERT INTO `ocpizza`.`person` (`id`, `first_name`, `last_name`, `account_id`, `contact_id`) VALUES (840, 'Claudius', 'Endon', null, null);
INSERT INTO `ocpizza`.`person` (`id`, `first_name`, `last_name`, `account_id`, `contact_id`) VALUES (841, 'Cristal', 'Chislett', null, null);
INSERT INTO `ocpizza`.`person` (`id`, `first_name`, `last_name`, `account_id`, `contact_id`) VALUES (842, 'Lou', 'Eltun', null, null);
INSERT INTO `ocpizza`.`person` (`id`, `first_name`, `last_name`, `account_id`, `contact_id`) VALUES (843, 'Hendrick', 'Moxstead', null, null);
INSERT INTO `ocpizza`.`person` (`id`, `first_name`, `last_name`, `account_id`, `contact_id`) VALUES (844, 'Caitrin', 'Paullin', null, null);
INSERT INTO `ocpizza`.`person` (`id`, `first_name`, `last_name`, `account_id`, `contact_id`) VALUES (845, 'Wendeline', 'Coppledike', null, null);
INSERT INTO `ocpizza`.`person` (`id`, `first_name`, `last_name`, `account_id`, `contact_id`) VALUES (846, 'Whit', 'Hatchman', null, null);
INSERT INTO `ocpizza`.`person` (`id`, `first_name`, `last_name`, `account_id`, `contact_id`) VALUES (847, 'Haleigh', 'Kenneway', null, null);
INSERT INTO `ocpizza`.`person` (`id`, `first_name`, `last_name`, `account_id`, `contact_id`) VALUES (848, 'Ransell', 'Trembath', null, null);
INSERT INTO `ocpizza`.`person` (`id`, `first_name`, `last_name`, `account_id`, `contact_id`) VALUES (849, 'Marie-ann', 'Twinborough', null, null);
INSERT INTO `ocpizza`.`person` (`id`, `first_name`, `last_name`, `account_id`, `contact_id`) VALUES (850, 'Isidro', 'Conaboy', null, null);
INSERT INTO `ocpizza`.`person` (`id`, `first_name`, `last_name`, `account_id`, `contact_id`) VALUES (851, 'Dougy', 'Cran', null, null);
INSERT INTO `ocpizza`.`person` (`id`, `first_name`, `last_name`, `account_id`, `contact_id`) VALUES (852, 'Ricardo', 'Leijs', null, null);
INSERT INTO `ocpizza`.`person` (`id`, `first_name`, `last_name`, `account_id`, `contact_id`) VALUES (853, 'Quill', 'Churm', null, null);
INSERT INTO `ocpizza`.`person` (`id`, `first_name`, `last_name`, `account_id`, `contact_id`) VALUES (854, 'Igor', 'Blowfelde', null, null);
INSERT INTO `ocpizza`.`person` (`id`, `first_name`, `last_name`, `account_id`, `contact_id`) VALUES (855, 'Marlane', 'Hegel', null, null);
INSERT INTO `ocpizza`.`person` (`id`, `first_name`, `last_name`, `account_id`, `contact_id`) VALUES (856, 'Corella', 'Thowless', null, null);
INSERT INTO `ocpizza`.`person` (`id`, `first_name`, `last_name`, `account_id`, `contact_id`) VALUES (857, 'Brade', 'Arnoud', null, null);
INSERT INTO `ocpizza`.`person` (`id`, `first_name`, `last_name`, `account_id`, `contact_id`) VALUES (858, 'Natka', 'Brundill', null, null);
INSERT INTO `ocpizza`.`person` (`id`, `first_name`, `last_name`, `account_id`, `contact_id`) VALUES (859, 'Wallache', 'Frenzel', null, null);
INSERT INTO `ocpizza`.`person` (`id`, `first_name`, `last_name`, `account_id`, `contact_id`) VALUES (860, 'Coleen', 'Escofier', null, null);
INSERT INTO `ocpizza`.`person` (`id`, `first_name`, `last_name`, `account_id`, `contact_id`) VALUES (861, 'Sig', 'Droghan', null, null);
INSERT INTO `ocpizza`.`person` (`id`, `first_name`, `last_name`, `account_id`, `contact_id`) VALUES (862, 'Alon', 'Sleney', null, null);
INSERT INTO `ocpizza`.`person` (`id`, `first_name`, `last_name`, `account_id`, `contact_id`) VALUES (863, 'Morlee', 'Govett', null, null);
INSERT INTO `ocpizza`.`person` (`id`, `first_name`, `last_name`, `account_id`, `contact_id`) VALUES (864, 'Melicent', 'Gibling', null, null);
INSERT INTO `ocpizza`.`person` (`id`, `first_name`, `last_name`, `account_id`, `contact_id`) VALUES (865, 'Francois', 'Talboy', null, null);
INSERT INTO `ocpizza`.`person` (`id`, `first_name`, `last_name`, `account_id`, `contact_id`) VALUES (866, 'Pepe', 'Crosetti', null, null);
INSERT INTO `ocpizza`.`person` (`id`, `first_name`, `last_name`, `account_id`, `contact_id`) VALUES (867, 'Prissie', 'Newstead', null, null);
INSERT INTO `ocpizza`.`person` (`id`, `first_name`, `last_name`, `account_id`, `contact_id`) VALUES (868, 'Sigismondo', 'Christophersen', null, null);
INSERT INTO `ocpizza`.`person` (`id`, `first_name`, `last_name`, `account_id`, `contact_id`) VALUES (869, 'Bella', 'Keohane', null, null);
INSERT INTO `ocpizza`.`person` (`id`, `first_name`, `last_name`, `account_id`, `contact_id`) VALUES (870, 'Bili', 'Goch', null, null);
INSERT INTO `ocpizza`.`person` (`id`, `first_name`, `last_name`, `account_id`, `contact_id`) VALUES (871, 'Karina', 'Burger', null, null);
INSERT INTO `ocpizza`.`person` (`id`, `first_name`, `last_name`, `account_id`, `contact_id`) VALUES (872, 'Kessiah', 'Manie', null, null);
INSERT INTO `ocpizza`.`person` (`id`, `first_name`, `last_name`, `account_id`, `contact_id`) VALUES (873, 'Archibaldo', 'Muscat', null, null);
INSERT INTO `ocpizza`.`person` (`id`, `first_name`, `last_name`, `account_id`, `contact_id`) VALUES (874, 'Gilemette', 'Masseo', null, null);
INSERT INTO `ocpizza`.`person` (`id`, `first_name`, `last_name`, `account_id`, `contact_id`) VALUES (875, 'Jewel', 'Tryhorn', null, null);
INSERT INTO `ocpizza`.`person` (`id`, `first_name`, `last_name`, `account_id`, `contact_id`) VALUES (876, 'Scott', 'Pirdue', null, null);
INSERT INTO `ocpizza`.`person` (`id`, `first_name`, `last_name`, `account_id`, `contact_id`) VALUES (877, 'Kyle', 'Stirrip', null, null);
INSERT INTO `ocpizza`.`person` (`id`, `first_name`, `last_name`, `account_id`, `contact_id`) VALUES (878, 'Daphne', 'Cunah', null, null);
INSERT INTO `ocpizza`.`person` (`id`, `first_name`, `last_name`, `account_id`, `contact_id`) VALUES (879, 'Yolanthe', 'Winslow', null, null);
INSERT INTO `ocpizza`.`person` (`id`, `first_name`, `last_name`, `account_id`, `contact_id`) VALUES (880, 'Leona', 'Petrushanko', null, null);
INSERT INTO `ocpizza`.`person` (`id`, `first_name`, `last_name`, `account_id`, `contact_id`) VALUES (881, 'Sebastiano', 'Martygin', null, null);
INSERT INTO `ocpizza`.`person` (`id`, `first_name`, `last_name`, `account_id`, `contact_id`) VALUES (882, 'Janetta', 'Molen', null, null);
INSERT INTO `ocpizza`.`person` (`id`, `first_name`, `last_name`, `account_id`, `contact_id`) VALUES (883, 'Rebbecca', 'Kepling', null, null);
INSERT INTO `ocpizza`.`person` (`id`, `first_name`, `last_name`, `account_id`, `contact_id`) VALUES (884, 'Waring', 'O\' Mahony', null, null);
INSERT INTO `ocpizza`.`person` (`id`, `first_name`, `last_name`, `account_id`, `contact_id`) VALUES (885, 'Gordon', 'De Lacey', null, null);
INSERT INTO `ocpizza`.`person` (`id`, `first_name`, `last_name`, `account_id`, `contact_id`) VALUES (886, 'Madison', 'Seaborne', null, null);
INSERT INTO `ocpizza`.`person` (`id`, `first_name`, `last_name`, `account_id`, `contact_id`) VALUES (887, 'Pansy', 'Ferrieri', null, null);
INSERT INTO `ocpizza`.`person` (`id`, `first_name`, `last_name`, `account_id`, `contact_id`) VALUES (888, 'Guendolen', 'Alkin', null, null);
INSERT INTO `ocpizza`.`person` (`id`, `first_name`, `last_name`, `account_id`, `contact_id`) VALUES (889, 'Ewan', 'Fairholme', null, null);
INSERT INTO `ocpizza`.`person` (`id`, `first_name`, `last_name`, `account_id`, `contact_id`) VALUES (890, 'Fredra', 'Yokley', null, null);
INSERT INTO `ocpizza`.`person` (`id`, `first_name`, `last_name`, `account_id`, `contact_id`) VALUES (891, 'Lotte', 'Vinecombe', null, null);
INSERT INTO `ocpizza`.`person` (`id`, `first_name`, `last_name`, `account_id`, `contact_id`) VALUES (892, 'Tremain', 'Giorgio', null, null);
INSERT INTO `ocpizza`.`person` (`id`, `first_name`, `last_name`, `account_id`, `contact_id`) VALUES (893, 'Bunni', 'Drewery', null, null);
INSERT INTO `ocpizza`.`person` (`id`, `first_name`, `last_name`, `account_id`, `contact_id`) VALUES (894, 'Gracia', 'Leys', null, null);
INSERT INTO `ocpizza`.`person` (`id`, `first_name`, `last_name`, `account_id`, `contact_id`) VALUES (895, 'Rani', 'Pinner', null, null);
INSERT INTO `ocpizza`.`person` (`id`, `first_name`, `last_name`, `account_id`, `contact_id`) VALUES (896, 'Klemens', 'Steventon', null, null);
INSERT INTO `ocpizza`.`person` (`id`, `first_name`, `last_name`, `account_id`, `contact_id`) VALUES (897, 'Griffith', 'Lassell', null, null);
INSERT INTO `ocpizza`.`person` (`id`, `first_name`, `last_name`, `account_id`, `contact_id`) VALUES (898, 'Lucretia', 'Critch', null, null);
INSERT INTO `ocpizza`.`person` (`id`, `first_name`, `last_name`, `account_id`, `contact_id`) VALUES (899, 'Kin', 'Kibbee', null, null);
INSERT INTO `ocpizza`.`person` (`id`, `first_name`, `last_name`, `account_id`, `contact_id`) VALUES (900, 'Dev', 'Thynne', null, null);
INSERT INTO `ocpizza`.`person` (`id`, `first_name`, `last_name`, `account_id`, `contact_id`) VALUES (901, 'Berni', 'Dady', null, null);
INSERT INTO `ocpizza`.`person` (`id`, `first_name`, `last_name`, `account_id`, `contact_id`) VALUES (902, 'Saul', 'Mansfield', null, null);
INSERT INTO `ocpizza`.`person` (`id`, `first_name`, `last_name`, `account_id`, `contact_id`) VALUES (903, 'Carson', 'Cleevely', null, null);
INSERT INTO `ocpizza`.`person` (`id`, `first_name`, `last_name`, `account_id`, `contact_id`) VALUES (904, 'Alla', 'Holby', null, null);
INSERT INTO `ocpizza`.`person` (`id`, `first_name`, `last_name`, `account_id`, `contact_id`) VALUES (905, 'Alyson', 'Mitchiner', null, null);
INSERT INTO `ocpizza`.`person` (`id`, `first_name`, `last_name`, `account_id`, `contact_id`) VALUES (906, 'Mitchael', 'Pindred', null, null);
INSERT INTO `ocpizza`.`person` (`id`, `first_name`, `last_name`, `account_id`, `contact_id`) VALUES (907, 'Ainslie', 'Canellas', null, null);
INSERT INTO `ocpizza`.`person` (`id`, `first_name`, `last_name`, `account_id`, `contact_id`) VALUES (908, 'Evyn', 'Janous', null, null);
INSERT INTO `ocpizza`.`person` (`id`, `first_name`, `last_name`, `account_id`, `contact_id`) VALUES (909, 'Reeta', 'Cathel', null, null);
INSERT INTO `ocpizza`.`person` (`id`, `first_name`, `last_name`, `account_id`, `contact_id`) VALUES (910, 'Bertrand', 'Robard', null, null);
INSERT INTO `ocpizza`.`person` (`id`, `first_name`, `last_name`, `account_id`, `contact_id`) VALUES (911, 'Annabal', 'Rouby', null, null);
INSERT INTO `ocpizza`.`person` (`id`, `first_name`, `last_name`, `account_id`, `contact_id`) VALUES (912, 'Grethel', 'Hamsher', null, null);
INSERT INTO `ocpizza`.`person` (`id`, `first_name`, `last_name`, `account_id`, `contact_id`) VALUES (913, 'Gallagher', 'Doogue', null, null);
INSERT INTO `ocpizza`.`person` (`id`, `first_name`, `last_name`, `account_id`, `contact_id`) VALUES (914, 'Ric', 'Towe', null, null);
INSERT INTO `ocpizza`.`person` (`id`, `first_name`, `last_name`, `account_id`, `contact_id`) VALUES (915, 'Tracie', 'Huitson', null, null);
INSERT INTO `ocpizza`.`person` (`id`, `first_name`, `last_name`, `account_id`, `contact_id`) VALUES (916, 'Jackie', 'Jeff', null, null);
INSERT INTO `ocpizza`.`person` (`id`, `first_name`, `last_name`, `account_id`, `contact_id`) VALUES (917, 'Tish', 'Bunch', null, null);
INSERT INTO `ocpizza`.`person` (`id`, `first_name`, `last_name`, `account_id`, `contact_id`) VALUES (918, 'Reena', 'Dunrige', null, null);
INSERT INTO `ocpizza`.`person` (`id`, `first_name`, `last_name`, `account_id`, `contact_id`) VALUES (919, 'Mikey', 'Monteath', null, null);
INSERT INTO `ocpizza`.`person` (`id`, `first_name`, `last_name`, `account_id`, `contact_id`) VALUES (920, 'Katharine', 'Paolazzi', null, null);
INSERT INTO `ocpizza`.`person` (`id`, `first_name`, `last_name`, `account_id`, `contact_id`) VALUES (921, 'Andreana', 'Peckett', null, null);
INSERT INTO `ocpizza`.`person` (`id`, `first_name`, `last_name`, `account_id`, `contact_id`) VALUES (922, 'Rafaello', 'Klimontovich', null, null);
INSERT INTO `ocpizza`.`person` (`id`, `first_name`, `last_name`, `account_id`, `contact_id`) VALUES (923, 'Holly', 'Barkas', null, null);
INSERT INTO `ocpizza`.`person` (`id`, `first_name`, `last_name`, `account_id`, `contact_id`) VALUES (924, 'Donetta', 'Vidloc', null, null);
INSERT INTO `ocpizza`.`person` (`id`, `first_name`, `last_name`, `account_id`, `contact_id`) VALUES (925, 'Marty', 'Gerauld', null, null);
INSERT INTO `ocpizza`.`person` (`id`, `first_name`, `last_name`, `account_id`, `contact_id`) VALUES (926, 'Geneva', 'Hake', null, null);
INSERT INTO `ocpizza`.`person` (`id`, `first_name`, `last_name`, `account_id`, `contact_id`) VALUES (927, 'Phillie', 'Newgrosh', null, null);
INSERT INTO `ocpizza`.`person` (`id`, `first_name`, `last_name`, `account_id`, `contact_id`) VALUES (928, 'Athena', 'Gorton', null, null);
INSERT INTO `ocpizza`.`person` (`id`, `first_name`, `last_name`, `account_id`, `contact_id`) VALUES (929, 'Jamison', 'Spick', null, null);
INSERT INTO `ocpizza`.`person` (`id`, `first_name`, `last_name`, `account_id`, `contact_id`) VALUES (930, 'Brennan', 'Yuryichev', null, null);
INSERT INTO `ocpizza`.`person` (`id`, `first_name`, `last_name`, `account_id`, `contact_id`) VALUES (931, 'Edmund', 'Skinner', null, null);
INSERT INTO `ocpizza`.`person` (`id`, `first_name`, `last_name`, `account_id`, `contact_id`) VALUES (932, 'Miguela', 'Brunning', null, null);
INSERT INTO `ocpizza`.`person` (`id`, `first_name`, `last_name`, `account_id`, `contact_id`) VALUES (933, 'Nomi', 'McWilliams', null, null);
INSERT INTO `ocpizza`.`person` (`id`, `first_name`, `last_name`, `account_id`, `contact_id`) VALUES (934, 'Carlie', 'Lashmore', null, null);
INSERT INTO `ocpizza`.`person` (`id`, `first_name`, `last_name`, `account_id`, `contact_id`) VALUES (935, 'Ced', 'Farady', null, null);
INSERT INTO `ocpizza`.`person` (`id`, `first_name`, `last_name`, `account_id`, `contact_id`) VALUES (936, 'Sybilla', 'Brummitt', null, null);
INSERT INTO `ocpizza`.`person` (`id`, `first_name`, `last_name`, `account_id`, `contact_id`) VALUES (937, 'Myles', 'Ethridge', null, null);
INSERT INTO `ocpizza`.`person` (`id`, `first_name`, `last_name`, `account_id`, `contact_id`) VALUES (938, 'Whitman', 'McNae', null, null);
INSERT INTO `ocpizza`.`person` (`id`, `first_name`, `last_name`, `account_id`, `contact_id`) VALUES (939, 'Julietta', 'Rosenblath', null, null);
INSERT INTO `ocpizza`.`person` (`id`, `first_name`, `last_name`, `account_id`, `contact_id`) VALUES (940, 'Mariska', 'Branchflower', null, null);
INSERT INTO `ocpizza`.`person` (`id`, `first_name`, `last_name`, `account_id`, `contact_id`) VALUES (941, 'Briant', 'Ellen', null, null);
INSERT INTO `ocpizza`.`person` (`id`, `first_name`, `last_name`, `account_id`, `contact_id`) VALUES (942, 'Flor', 'Veltman', null, null);
INSERT INTO `ocpizza`.`person` (`id`, `first_name`, `last_name`, `account_id`, `contact_id`) VALUES (943, 'Braden', 'Paullin', null, null);
INSERT INTO `ocpizza`.`person` (`id`, `first_name`, `last_name`, `account_id`, `contact_id`) VALUES (944, 'Chrysler', 'Maddaford', null, null);
INSERT INTO `ocpizza`.`person` (`id`, `first_name`, `last_name`, `account_id`, `contact_id`) VALUES (945, 'Dionne', 'Beert', null, null);
INSERT INTO `ocpizza`.`person` (`id`, `first_name`, `last_name`, `account_id`, `contact_id`) VALUES (946, 'Tierney', 'Mortell', null, null);
INSERT INTO `ocpizza`.`person` (`id`, `first_name`, `last_name`, `account_id`, `contact_id`) VALUES (947, 'Glenden', 'Kenninghan', null, null);
INSERT INTO `ocpizza`.`person` (`id`, `first_name`, `last_name`, `account_id`, `contact_id`) VALUES (948, 'Morrie', 'De Filippis', null, null);
INSERT INTO `ocpizza`.`person` (`id`, `first_name`, `last_name`, `account_id`, `contact_id`) VALUES (949, 'Juline', 'Choffin', null, null);
INSERT INTO `ocpizza`.`person` (`id`, `first_name`, `last_name`, `account_id`, `contact_id`) VALUES (950, 'Guillaume', 'Canet', null, null);
INSERT INTO `ocpizza`.`person` (`id`, `first_name`, `last_name`, `account_id`, `contact_id`) VALUES (951, 'Cos', 'McRitchie', null, null);
INSERT INTO `ocpizza`.`person` (`id`, `first_name`, `last_name`, `account_id`, `contact_id`) VALUES (952, 'Rollo', 'Greenless', null, null);
INSERT INTO `ocpizza`.`person` (`id`, `first_name`, `last_name`, `account_id`, `contact_id`) VALUES (953, 'Jodi', 'Soar', null, null);
INSERT INTO `ocpizza`.`person` (`id`, `first_name`, `last_name`, `account_id`, `contact_id`) VALUES (954, 'Fern', 'Antalffy', null, null);
INSERT INTO `ocpizza`.`person` (`id`, `first_name`, `last_name`, `account_id`, `contact_id`) VALUES (955, 'Rodrick', 'Blaze', null, null);
INSERT INTO `ocpizza`.`person` (`id`, `first_name`, `last_name`, `account_id`, `contact_id`) VALUES (956, 'Ruperto', 'Talton', null, null);
INSERT INTO `ocpizza`.`person` (`id`, `first_name`, `last_name`, `account_id`, `contact_id`) VALUES (957, 'Bab', 'Tezure', null, null);
INSERT INTO `ocpizza`.`person` (`id`, `first_name`, `last_name`, `account_id`, `contact_id`) VALUES (958, 'Roxanna', 'Vouls', null, null);
INSERT INTO `ocpizza`.`person` (`id`, `first_name`, `last_name`, `account_id`, `contact_id`) VALUES (959, 'Carolyn', 'Sparkwill', null, null);
INSERT INTO `ocpizza`.`person` (`id`, `first_name`, `last_name`, `account_id`, `contact_id`) VALUES (960, 'Ario', 'Laden', null, null);
INSERT INTO `ocpizza`.`person` (`id`, `first_name`, `last_name`, `account_id`, `contact_id`) VALUES (961, 'Dyan', 'Toffalo', null, null);
INSERT INTO `ocpizza`.`person` (`id`, `first_name`, `last_name`, `account_id`, `contact_id`) VALUES (962, 'Callida', 'Palfreyman', null, null);
INSERT INTO `ocpizza`.`person` (`id`, `first_name`, `last_name`, `account_id`, `contact_id`) VALUES (963, 'Florrie', 'Kinnard', null, null);
INSERT INTO `ocpizza`.`person` (`id`, `first_name`, `last_name`, `account_id`, `contact_id`) VALUES (964, 'Antonetta', 'Paling', null, null);
INSERT INTO `ocpizza`.`person` (`id`, `first_name`, `last_name`, `account_id`, `contact_id`) VALUES (965, 'Lesly', 'Vannini', null, null);
INSERT INTO `ocpizza`.`person` (`id`, `first_name`, `last_name`, `account_id`, `contact_id`) VALUES (966, 'Ephrem', 'Egle of Germany', null, null);
INSERT INTO `ocpizza`.`person` (`id`, `first_name`, `last_name`, `account_id`, `contact_id`) VALUES (967, 'Doria', 'Kenworthey', null, null);
INSERT INTO `ocpizza`.`person` (`id`, `first_name`, `last_name`, `account_id`, `contact_id`) VALUES (968, 'Lucia', 'Schurig', null, null);
INSERT INTO `ocpizza`.`person` (`id`, `first_name`, `last_name`, `account_id`, `contact_id`) VALUES (969, 'Anastasie', 'Bradborne', null, null);
INSERT INTO `ocpizza`.`person` (`id`, `first_name`, `last_name`, `account_id`, `contact_id`) VALUES (970, 'Peri', 'Savaage', null, null);
INSERT INTO `ocpizza`.`person` (`id`, `first_name`, `last_name`, `account_id`, `contact_id`) VALUES (971, 'Lorrin', 'MacTeggart', null, null);
INSERT INTO `ocpizza`.`person` (`id`, `first_name`, `last_name`, `account_id`, `contact_id`) VALUES (972, 'Lani', 'Van der Daal', null, null);
INSERT INTO `ocpizza`.`person` (`id`, `first_name`, `last_name`, `account_id`, `contact_id`) VALUES (973, 'Athene', 'Crayton', null, null);
INSERT INTO `ocpizza`.`person` (`id`, `first_name`, `last_name`, `account_id`, `contact_id`) VALUES (974, 'Kerby', 'Jahnig', null, null);
INSERT INTO `ocpizza`.`person` (`id`, `first_name`, `last_name`, `account_id`, `contact_id`) VALUES (975, 'Rachael', 'Deverock', null, null);
INSERT INTO `ocpizza`.`person` (`id`, `first_name`, `last_name`, `account_id`, `contact_id`) VALUES (976, 'Georgeanna', 'Ivimey', null, null);
INSERT INTO `ocpizza`.`person` (`id`, `first_name`, `last_name`, `account_id`, `contact_id`) VALUES (977, 'Philip', 'Peagram', null, null);
INSERT INTO `ocpizza`.`person` (`id`, `first_name`, `last_name`, `account_id`, `contact_id`) VALUES (978, 'Maryann', 'Bugge', null, null);
INSERT INTO `ocpizza`.`person` (`id`, `first_name`, `last_name`, `account_id`, `contact_id`) VALUES (979, 'Tandie', 'Breston', null, null);
INSERT INTO `ocpizza`.`person` (`id`, `first_name`, `last_name`, `account_id`, `contact_id`) VALUES (980, 'Janessa', 'Margiotta', null, null);
INSERT INTO `ocpizza`.`person` (`id`, `first_name`, `last_name`, `account_id`, `contact_id`) VALUES (981, 'Yolande', 'Knowles', null, null);
INSERT INTO `ocpizza`.`person` (`id`, `first_name`, `last_name`, `account_id`, `contact_id`) VALUES (982, 'Thaine', 'McInulty', null, null);
INSERT INTO `ocpizza`.`person` (`id`, `first_name`, `last_name`, `account_id`, `contact_id`) VALUES (983, 'Lanni', 'Sanbrook', null, null);
INSERT INTO `ocpizza`.`person` (`id`, `first_name`, `last_name`, `account_id`, `contact_id`) VALUES (984, 'Mike', 'Gyngyll', null, null);
INSERT INTO `ocpizza`.`person` (`id`, `first_name`, `last_name`, `account_id`, `contact_id`) VALUES (985, 'Nerte', 'Broomhall', null, null);
INSERT INTO `ocpizza`.`person` (`id`, `first_name`, `last_name`, `account_id`, `contact_id`) VALUES (986, 'Marybeth', 'Tabary', null, null);
INSERT INTO `ocpizza`.`person` (`id`, `first_name`, `last_name`, `account_id`, `contact_id`) VALUES (987, 'Guntar', 'Port', null, null);
INSERT INTO `ocpizza`.`person` (`id`, `first_name`, `last_name`, `account_id`, `contact_id`) VALUES (988, 'Amerigo', 'Brenton', null, null);
INSERT INTO `ocpizza`.`person` (`id`, `first_name`, `last_name`, `account_id`, `contact_id`) VALUES (989, 'Nadya', 'Ramme', null, null);
INSERT INTO `ocpizza`.`person` (`id`, `first_name`, `last_name`, `account_id`, `contact_id`) VALUES (990, 'Elena', 'Loakes', null, null);
INSERT INTO `ocpizza`.`person` (`id`, `first_name`, `last_name`, `account_id`, `contact_id`) VALUES (991, 'Lazar', 'Bancroft', null, null);
INSERT INTO `ocpizza`.`person` (`id`, `first_name`, `last_name`, `account_id`, `contact_id`) VALUES (992, 'Mela', 'Georgievski', null, null);
INSERT INTO `ocpizza`.`person` (`id`, `first_name`, `last_name`, `account_id`, `contact_id`) VALUES (993, 'Jemimah', 'Heijnen', null, null);
INSERT INTO `ocpizza`.`person` (`id`, `first_name`, `last_name`, `account_id`, `contact_id`) VALUES (994, 'Armstrong', 'Masserel', null, null);
INSERT INTO `ocpizza`.`person` (`id`, `first_name`, `last_name`, `account_id`, `contact_id`) VALUES (995, 'Culley', 'Ferschke', null, null);
INSERT INTO `ocpizza`.`person` (`id`, `first_name`, `last_name`, `account_id`, `contact_id`) VALUES (996, 'Hebert', 'Cusworth', null, null);
INSERT INTO `ocpizza`.`person` (`id`, `first_name`, `last_name`, `account_id`, `contact_id`) VALUES (997, 'Solomon', 'McQuarter', null, null);
INSERT INTO `ocpizza`.`person` (`id`, `first_name`, `last_name`, `account_id`, `contact_id`) VALUES (998, 'Shelley', 'Cancellor', null, null);
INSERT INTO `ocpizza`.`person` (`id`, `first_name`, `last_name`, `account_id`, `contact_id`) VALUES (999, 'Birgit', 'Etienne', null, null);
INSERT INTO `ocpizza`.`person` (`id`, `first_name`, `last_name`, `account_id`, `contact_id`) VALUES (1000, 'Orly', 'Ditzel', null, null);

COMMIT;


-- -----------------------------------------------------
-- Data for table `ocpizza`.`payment_status`
-- -----------------------------------------------------
START TRANSACTION;
USE `ocpizza`;
INSERT INTO `ocpizza`.`payment_status` (`id`, `name`) VALUES (1, 'paid');
INSERT INTO `ocpizza`.`payment_status` (`id`, `name`) VALUES (2, 'refused');
INSERT INTO `ocpizza`.`payment_status` (`id`, `name`) VALUES (3, 'waiting');
INSERT INTO `ocpizza`.`payment_status` (`id`, `name`) VALUES (4, 'refund');
INSERT INTO `ocpizza`.`payment_status` (`id`, `name`) VALUES (5, 'cancelled');

COMMIT;


-- -----------------------------------------------------
-- Data for table `ocpizza`.`payment_type`
-- -----------------------------------------------------
START TRANSACTION;
USE `ocpizza`;
INSERT INTO `ocpizza`.`payment_type` (`id`, `name`) VALUES (1, 'credit_card');
INSERT INTO `ocpizza`.`payment_type` (`id`, `name`) VALUES (2, 'cash');
INSERT INTO `ocpizza`.`payment_type` (`id`, `name`) VALUES (3, 'cheque');
INSERT INTO `ocpizza`.`payment_type` (`id`, `name`) VALUES (4, 'lunch_voucher');

COMMIT;


-- -----------------------------------------------------
-- Data for table `ocpizza`.`command_status`
-- -----------------------------------------------------
START TRANSACTION;
USE `ocpizza`;
INSERT INTO `ocpizza`.`command_status` (`id`, `name`) VALUES (1, 'waiting');
INSERT INTO `ocpizza`.`command_status` (`id`, `name`) VALUES (2, 'prepared');
INSERT INTO `ocpizza`.`command_status` (`id`, `name`) VALUES (3, 'in_delivery');
INSERT INTO `ocpizza`.`command_status` (`id`, `name`) VALUES (4, 'closed');
INSERT INTO `ocpizza`.`command_status` (`id`, `name`) VALUES (5, 'cancelled');

COMMIT;


-- -----------------------------------------------------
-- Data for table `ocpizza`.`retrievement_type`
-- -----------------------------------------------------
START TRANSACTION;
USE `ocpizza`;
INSERT INTO `ocpizza`.`retrievement_type` (`id`, `name`) VALUES (1, 'take_away');
INSERT INTO `ocpizza`.`retrievement_type` (`id`, `name`) VALUES (2, 'delivery');
INSERT INTO `ocpizza`.`retrievement_type` (`id`, `name`) VALUES (3, 'on_spot');

COMMIT;


-- -----------------------------------------------------
-- Data for table `ocpizza`.`command`
-- -----------------------------------------------------
START TRANSACTION;
USE `ocpizza`;
INSERT INTO `ocpizza`.`command` (`id`, `id_person`, `id_shop`, `id_status`, `id_payment_status`, `id_payment_type`, `id_retrievement_type`, `address`, `date`) VALUES (1, NULL, 1, 1, 1, 1, 1, NULL, '2020-01-01 12:10:00');
INSERT INTO `ocpizza`.`command` (`id`, `id_person`, `id_shop`, `id_status`, `id_payment_status`, `id_payment_type`, `id_retrievement_type`, `address`, `date`) VALUES (2, 24, 1, 2, 2, 1, 2, '8 granby 7201 Panayton', '2020-01-04 19:22:00');
INSERT INTO `ocpizza`.`command` (`id`, `id_person`, `id_shop`, `id_status`, `id_payment_status`, `id_payment_type`, `id_retrievement_type`, `address`, `date`) VALUES (3, 25, 1, 3, 3, 2, 2, '32658 Donald Nkayi', '2020-01-05 13:32:00');
INSERT INTO `ocpizza`.`command` (`id`, `id_person`, `id_shop`, `id_status`, `id_payment_status`, `id_payment_type`, `id_retrievement_type`, `address`, `date`) VALUES (4, NULL, 1, 4, 1, 3, 3, NULL, '2020-01-06 12:54:00');
INSERT INTO `ocpizza`.`command` (`id`, `id_person`, `id_shop`, `id_status`, `id_payment_status`, `id_payment_type`, `id_retrievement_type`, `address`, `date`) VALUES (5, 23, 1, 5, 4, 4, 1, NULL, '2020-01-10 20:17:00');
INSERT INTO `ocpizza`.`command` (`id`, `id_person`, `id_shop`, `id_status`, `id_payment_status`, `id_payment_type`, `id_retrievement_type`, `address`, `date`) VALUES (6, NULL, 2, 1, 5, 1, 2, '0 5th 5607 Ondoy', '2020-01-11 12:43:00');
INSERT INTO `ocpizza`.`command` (`id`, `id_person`, `id_shop`, `id_status`, `id_payment_status`, `id_payment_type`, `id_retrievement_type`, `address`, `date`) VALUES (7, 55, 2, 2, 1, 2, 3, NULL, '2020-01-24 12:45:00');
INSERT INTO `ocpizza`.`command` (`id`, `id_person`, `id_shop`, `id_status`, `id_payment_status`, `id_payment_type`, `id_retrievement_type`, `address`, `date`) VALUES (8, NULL, 2, 3, 2, 3, 2, '8547 susan wenchang', '2020-01-27 17:35:00');
INSERT INTO `ocpizza`.`command` (`id`, `id_person`, `id_shop`, `id_status`, `id_payment_status`, `id_payment_type`, `id_retrievement_type`, `address`, `date`) VALUES (9, 104, 2, 4, 1, 3, 1, NULL, '2020-01-29 21:30:00');
INSERT INTO `ocpizza`.`command` (`id`, `id_person`, `id_shop`, `id_status`, `id_payment_status`, `id_payment_type`, `id_retrievement_type`, `address`, `date`) VALUES (10, NULL, 2, 5, 3, 4, 2, NULL, '2020-02-03 17:36:00');
INSERT INTO `ocpizza`.`command` (`id`, `id_person`, `id_shop`, `id_status`, `id_payment_status`, `id_payment_type`, `id_retrievement_type`, `address`, `date`) VALUES (11, 25, 3, 1, 4, 1, 3, NULL, '2020-02-07 14:21:00');
INSERT INTO `ocpizza`.`command` (`id`, `id_person`, `id_shop`, `id_status`, `id_payment_status`, `id_payment_type`, `id_retrievement_type`, `address`, `date`) VALUES (12, NULL, 3, 2, 5, 2, 1, NULL, '2020-02-09 16:32:00');
INSERT INTO `ocpizza`.`command` (`id`, `id_person`, `id_shop`, `id_status`, `id_payment_status`, `id_payment_type`, `id_retrievement_type`, `address`, `date`) VALUES (13, 12, 3, 3, 1, 3, 2, '4 straubel San Nicolas', '2020-02-15 12:25:00');
INSERT INTO `ocpizza`.`command` (`id`, `id_person`, `id_shop`, `id_status`, `id_payment_status`, `id_payment_type`, `id_retrievement_type`, `address`, `date`) VALUES (14, NULL, 3, 4, 1, 4, 2, '8366 Raven Beishidian', '2020-02-17 20:28:00');
INSERT INTO `ocpizza`.`command` (`id`, `id_person`, `id_shop`, `id_status`, `id_payment_status`, `id_payment_type`, `id_retrievement_type`, `address`, `date`) VALUES (15, 14, 3, 5, 2, 1, 3, NULL, '2020-03-04 12:00:00');

COMMIT;


-- -----------------------------------------------------
-- Data for table `ocpizza`.`command_composition`
-- -----------------------------------------------------
START TRANSACTION;
USE `ocpizza`;
INSERT INTO `ocpizza`.`command_composition` (`id_command`, `id_product`, `number`, `price`) VALUES (1, 8, 1, 10.00);
INSERT INTO `ocpizza`.`command_composition` (`id_command`, `id_product`, `number`, `price`) VALUES (2, 9, 2, 24.00);
INSERT INTO `ocpizza`.`command_composition` (`id_command`, `id_product`, `number`, `price`) VALUES (3, 11, 1, 15.00);
INSERT INTO `ocpizza`.`command_composition` (`id_command`, `id_product`, `number`, `price`) VALUES (4, 12, 3, 36.00);
INSERT INTO `ocpizza`.`command_composition` (`id_command`, `id_product`, `number`, `price`) VALUES (5, 14, 1, 15.00);
INSERT INTO `ocpizza`.`command_composition` (`id_command`, `id_product`, `number`, `price`) VALUES (5, 2, 3, 6.00);
INSERT INTO `ocpizza`.`command_composition` (`id_command`, `id_product`, `number`, `price`) VALUES (5, 13, 1, 15.00);
INSERT INTO `ocpizza`.`command_composition` (`id_command`, `id_product`, `number`, `price`) VALUES (6, 13, 1, 15.00);
INSERT INTO `ocpizza`.`command_composition` (`id_command`, `id_product`, `number`, `price`) VALUES (7, 14, 2, 30.00);
INSERT INTO `ocpizza`.`command_composition` (`id_command`, `id_product`, `number`, `price`) VALUES (8, 11, 1, 15.00);
INSERT INTO `ocpizza`.`command_composition` (`id_command`, `id_product`, `number`, `price`) VALUES (9, 12, 1, 12.00);
INSERT INTO `ocpizza`.`command_composition` (`id_command`, `id_product`, `number`, `price`) VALUES (10, 13, 2, 30.00);
INSERT INTO `ocpizza`.`command_composition` (`id_command`, `id_product`, `number`, `price`) VALUES (11, 8, 1, 10.00);
INSERT INTO `ocpizza`.`command_composition` (`id_command`, `id_product`, `number`, `price`) VALUES (12, 9, 3, 36.00);
INSERT INTO `ocpizza`.`command_composition` (`id_command`, `id_product`, `number`, `price`) VALUES (12, 10, 1, 12.00);
INSERT INTO `ocpizza`.`command_composition` (`id_command`, `id_product`, `number`, `price`) VALUES (12, 6, 10, 10.00);
INSERT INTO `ocpizza`.`command_composition` (`id_command`, `id_product`, `number`, `price`) VALUES (12, 14, 1, 15.00);
INSERT INTO `ocpizza`.`command_composition` (`id_command`, `id_product`, `number`, `price`) VALUES (13, 13, 2, 30.00);
INSERT INTO `ocpizza`.`command_composition` (`id_command`, `id_product`, `number`, `price`) VALUES (14, 11, 2, 30.00);
INSERT INTO `ocpizza`.`command_composition` (`id_command`, `id_product`, `number`, `price`) VALUES (15, 10, 5, 60.00);

COMMIT;


-- -----------------------------------------------------
-- Data for table `ocpizza`.`rank`
-- -----------------------------------------------------
START TRANSACTION;
USE `ocpizza`;
INSERT INTO `ocpizza`.`rank` (`id`, `name`) VALUES (1, 'employee');
INSERT INTO `ocpizza`.`rank` (`id`, `name`) VALUES (2, 'manager');
INSERT INTO `ocpizza`.`rank` (`id`, `name`) VALUES (3, 'director');

COMMIT;


-- -----------------------------------------------------
-- Data for table `ocpizza`.`employee`
-- -----------------------------------------------------
START TRANSACTION;
USE `ocpizza`;
INSERT INTO `ocpizza`.`employee` (`id_person`, `id_store`, `id_rank`) VALUES (1, 1, 2);
INSERT INTO `ocpizza`.`employee` (`id_person`, `id_store`, `id_rank`) VALUES (2, 1, 1);
INSERT INTO `ocpizza`.`employee` (`id_person`, `id_store`, `id_rank`) VALUES (3, 1, 1);
INSERT INTO `ocpizza`.`employee` (`id_person`, `id_store`, `id_rank`) VALUES (4, 1, 1);
INSERT INTO `ocpizza`.`employee` (`id_person`, `id_store`, `id_rank`) VALUES (5, 1, 1);
INSERT INTO `ocpizza`.`employee` (`id_person`, `id_store`, `id_rank`) VALUES (6, 2, 2);
INSERT INTO `ocpizza`.`employee` (`id_person`, `id_store`, `id_rank`) VALUES (7, 2, 1);
INSERT INTO `ocpizza`.`employee` (`id_person`, `id_store`, `id_rank`) VALUES (8, 2, 1);
INSERT INTO `ocpizza`.`employee` (`id_person`, `id_store`, `id_rank`) VALUES (9, 2, 1);
INSERT INTO `ocpizza`.`employee` (`id_person`, `id_store`, `id_rank`) VALUES (10, 2, 1);
INSERT INTO `ocpizza`.`employee` (`id_person`, `id_store`, `id_rank`) VALUES (11, 3, 2);
INSERT INTO `ocpizza`.`employee` (`id_person`, `id_store`, `id_rank`) VALUES (12, 3, 1);
INSERT INTO `ocpizza`.`employee` (`id_person`, `id_store`, `id_rank`) VALUES (13, 3, 1);
INSERT INTO `ocpizza`.`employee` (`id_person`, `id_store`, `id_rank`) VALUES (14, 3, 1);
INSERT INTO `ocpizza`.`employee` (`id_person`, `id_store`, `id_rank`) VALUES (15, 3, 1);
INSERT INTO `ocpizza`.`employee` (`id_person`, `id_store`, `id_rank`) VALUES (16, NULL, 3);

COMMIT;

